21,16.956,29.011,221.85,-11.768,-27.477,-2.4618,17.092,-121.01,66.387,-154.41,16.941
21.01,16.902,29.011,221.86,-11.685,-27.074,-2.4233,17.037,-117.42,66.333,-154.34,16.888
21.02,16.849,29.01,221.87,-11.603,-26.674,-2.3852,16.984,-113.87,66.279,-154.26,16.834
21.03,16.796,29.01,221.89,-11.52,-26.279,-2.3474,16.93,-110.36,66.226,-154.19,16.782
21.04,16.743,29.01,221.91,-11.437,-25.887,-2.31,16.878,-106.89,66.173,-154.11,16.73
21.05,16.691,29.009,221.93,-11.355,-25.499,-2.273,16.825,-103.46,66.121,-154.04,16.678
21.06,16.639,29.009,221.95,-11.273,-25.115,-2.2363,16.774,-100.07,66.068,-153.97,16.627
21.07,16.588,29.009,221.97,-11.19,-24.735,-2.2,16.722,-96.719,66.016,-153.9,16.576
21.08,16.537,29.01,222,-11.108,-24.359,-2.164,16.671,-93.404,65.965,-153.82,16.526
21.09,16.487,29.01,222.03,-11.025,-23.986,-2.1283,16.621,-90.128,65.914,-153.75,16.476
21.1,16.437,29.01,222.06,-10.943,-23.617,-2.0931,16.571,-86.889,65.863,-153.68,16.427
21.11,16.388,29.011,222.1,-10.861,-23.251,-2.0581,16.521,-83.689,65.812,-153.61,16.378
21.12,16.339,29.012,222.13,-10.779,-22.89,-2.0235,16.472,-80.526,65.762,-153.54,16.329
21.13,16.291,29.012,222.17,-10.697,-22.532,-1.9892,16.424,-77.4,65.712,-153.47,16.281
21.14,16.243,29.013,222.21,-10.615,-22.177,-1.9553,16.376,-74.312,65.662,-153.4,16.234
21.15,16.196,29.014,222.26,-10.533,-21.827,-1.9217,16.328,-71.261,65.613,-153.33,16.187
21.16,16.148,29.015,222.3,-10.451,-21.479,-1.8885,16.281,-68.246,65.564,-153.26,16.14
21.17,16.102,29.017,222.35,-10.369,-21.136,-1.8556,16.234,-65.269,65.515,-153.19,16.094
21.18,16.056,29.018,222.4,-10.287,-20.796,-1.823,16.188,-62.327,65.466,-153.13,16.048
21.19,16.01,29.019,222.45,-10.205,-20.46,-1.7907,16.142,-59.423,65.418,-153.06,16.003
21.2,15.965,29.021,222.51,-10.123,-20.127,-1.7588,16.096,-56.554,65.37,-152.99,15.958
21.21,15.92,29.023,222.57,-10.041,-19.797,-1.7272,16.051,-53.721,65.323,-152.92,15.914
21.22,15.876,29.025,222.62,-9.9594,-19.472,-1.696,16.007,-50.924,65.276,-152.86,15.87
21.23,15.832,29.026,222.69,-9.8777,-19.149,-1.665,15.963,-48.163,65.229,-152.79,15.826
21.24,15.788,29.029,222.75,-9.796,-18.83,-1.6344,15.919,-45.437,65.182,-152.73,15.783
21.25,15.745,29.031,222.81,-9.7144,-18.515,-1.6041,15.876,-42.746,65.136,-152.66,15.74
21.26,15.703,29.033,222.88,-9.6328,-18.203,-1.5741,15.833,-40.091,65.09,-152.6,15.698
21.27,15.661,29.035,222.95,-9.5513,-17.894,-1.5445,15.791,-37.47,65.044,-152.53,15.656
21.28,15.619,29.038,223.02,-9.4697,-17.589,-1.5151,15.749,-34.884,64.998,-152.47,15.615
21.29,15.577,29.04,223.1,-9.3883,-17.287,-1.4861,15.707,-32.332,64.953,-152.4,15.574
21.3,15.537,29.043,223.17,-9.3069,-16.989,-1.4574,15.666,-29.815,64.908,-152.34,15.533
21.31,15.496,29.046,223.25,-9.2255,-16.694,-1.429,15.625,-27.332,64.863,-152.28,15.493
21.32,15.456,29.049,223.33,-9.1441,-16.402,-1.4009,15.585,-24.883,64.819,-152.22,15.453
21.33,15.416,29.052,223.42,-9.0628,-16.113,-1.3731,15.545,-22.467,64.775,-152.15,15.414
21.34,15.377,29.055,223.5,-8.9816,-15.828,-1.3456,15.506,-20.085,64.731,-152.09,15.375
21.35,15.338,29.058,223.59,-8.9004,-15.546,-1.3185,15.467,-17.737,64.688,-152.03,15.336
21.36,15.3,29.061,223.68,-8.8192,-15.268,-1.2916,15.428,-15.421,64.645,-151.97,15.298
21.37,15.262,29.064,223.77,-8.738,-14.992,-1.265,15.39,-13.139,64.602,-151.91,15.26
21.38,15.224,29.068,223.86,-8.6569,-14.72,-1.2387,15.352,-10.889,64.559,-151.85,15.223
21.39,15.187,29.072,223.95,-8.5758,-14.451,-1.2128,15.315,-8.6725,64.516,-151.79,15.186
21.4,15.15,29.075,224.05,-8.4948,-14.185,-1.1871,15.277,-6.488,64.474,-151.73,15.15
21.41,15.114,29.079,224.15,-8.4138,-13.922,-1.1617,15.241,-4.3359,64.432,-151.67,15.113
21.42,15.078,29.083,224.25,-8.3329,-13.663,-1.1366,15.205,-2.2158,64.391,-151.61,15.078
21.43,15.042,29.087,224.35,-8.2519,-13.406,-1.1118,15.169,-0.12764,64.35,-151.55,15.042
21.44,15.007,29.091,224.46,-8.1711,-13.153,-1.0873,15.133,1.9288,64.308,-151.5,15.007
21.45,14.972,29.095,224.56,-8.0902,-12.903,-1.0631,15.098,3.9537,64.268,-151.44,14.973
21.46,14.937,29.099,224.67,-8.0094,-12.656,-1.0392,15.063,5.9473,64.227,-151.38,14.938
21.47,14.903,29.104,224.78,-7.9286,-12.411,-1.0155,15.029,7.9097,64.187,-151.32,14.905
21.48,14.87,29.108,224.89,-7.8479,-12.17,-0.99214,14.995,9.8411,64.147,-151.27,14.871
21.49,14.836,29.113,225.01,-7.7672,-11.932,-0.96905,14.962,11.742,64.107,-151.21,14.838
21.5,14.803,29.118,225.12,-7.6865,-11.697,-0.94624,14.929,13.612,64.068,-151.16,14.805
21.51,14.771,29.122,225.24,-7.6059,-11.465,-0.92371,14.896,15.451,64.028,-151.1,14.773
21.52,14.739,29.127,225.36,-7.5253,-11.236,-0.90145,14.863,17.261,63.989,-151.04,14.741
21.53,14.707,29.132,225.48,-7.4448,-11.01,-0.87947,14.831,19.04,63.95,-150.99,14.709
21.54,14.675,29.137,225.61,-7.3643,-10.786,-0.85776,14.799,20.789,63.912,-150.94,14.678
21.55,14.644,29.142,225.73,-7.2838,-10.566,-0.83632,14.768,22.509,63.874,-150.88,14.647
21.56,14.613,29.148,225.86,-7.2033,-10.349,-0.81515,14.737,24.199,63.836,-150.83,14.617
21.57,14.583,29.153,225.99,-7.1229,-10.134,-0.79425,14.707,25.86,63.798,-150.77,14.586
21.58,14.553,29.158,226.12,-7.0425,-9.9223,-0.77362,14.676,27.492,63.76,-150.72,14.557
21.59,14.523,29.164,226.25,-6.9622,-9.7133,-0.75324,14.646,29.095,63.723,-150.67,14.527
21.6,14.494,29.169,226.39,-6.8818,-9.5072,-0.73313,14.617,30.669,63.686,-150.62,14.498
21.61,14.465,29.175,226.52,-6.8016,-9.3039,-0.71329,14.588,32.215,63.649,-150.56,14.469
21.62,14.436,29.181,226.66,-6.7213,-9.1034,-0.6937,14.559,33.732,63.613,-150.51,14.441
21.63,14.408,29.187,226.8,-6.6411,-8.9056,-0.67436,14.53,35.221,63.576,-150.46,14.413
21.64,14.38,29.193,226.94,-6.5609,-8.7106,-0.65529,14.502,36.681,63.54,-150.41,14.385
21.65,14.352,29.199,227.08,-6.4808,-8.5183,-0.63646,14.474,38.115,63.504,-150.36,14.358
21.66,14.325,29.205,227.23,-6.4007,-8.3287,-0.61789,14.447,39.52,63.469,-150.31,14.33
21.67,14.298,29.211,227.37,-6.3206,-8.1418,-0.59957,14.42,40.898,63.433,-150.26,14.304
21.68,14.272,29.217,227.52,-6.2405,-7.9576,-0.5815,14.393,42.248,63.398,-150.21,14.277
21.69,14.245,29.223,227.67,-6.1605,-7.776,-0.56368,14.366,43.572,63.363,-150.16,14.251
21.7,14.22,29.23,227.82,-6.0805,-7.5971,-0.5461,14.34,44.869,63.329,-150.11,14.225
21.71,14.194,29.236,227.97,-6.0005,-7.4207,-0.52877,14.314,46.139,63.294,-150.06,14.2
21.72,14.169,29.243,228.13,-5.9206,-7.247,-0.51167,14.289,47.382,63.26,-150.01,14.175
21.73,14.144,29.25,228.29,-5.8407,-7.0759,-0.49482,14.264,48.599,63.226,-149.96,14.15
21.74,14.119,29.256,228.44,-5.7608,-6.9073,-0.47821,14.239,49.79,63.192,-149.91,14.126
21.75,14.095,29.263,228.6,-5.681,-6.7413,-0.46183,14.214,50.954,63.158,-149.86,14.102
21.76,14.071,29.27,228.76,-5.6012,-6.5778,-0.44569,14.19,52.093,63.125,-149.82,14.078
21.77,14.047,29.277,228.93,-5.5214,-6.4168,-0.42979,14.166,53.207,63.092,-149.77,14.054
21.78,14.024,29.284,229.09,-5.4417,-6.2582,-0.41411,14.142,54.295,63.059,-149.72,14.031
21.79,14.001,29.292,229.26,-5.362,-6.1022,-0.39867,14.119,55.358,63.026,-149.67,14.008
21.8,13.978,29.299,229.42,-5.2823,-5.9486,-0.38345,14.096,56.395,62.993,-149.63,13.985
21.81,13.956,29.306,229.59,-5.2026,-5.7975,-0.36846,14.074,57.408,62.961,-149.58,13.963
21.82,13.933,29.313,229.76,-5.123,-5.6487,-0.3537,14.051,58.396,62.929,-149.54,13.941
21.83,13.912,29.321,229.93,-5.0434,-5.5024,-0.33916,14.029,59.359,62.897,-149.49,13.919
21.84,13.89,29.328,230.11,-4.9638,-5.3585,-0.32484,14.007,60.299,62.865,-149.44,13.898
21.85,13.869,29.336,230.28,-4.8843,-5.2169,-0.31074,13.986,61.214,62.834,-149.4,13.877
21.86,13.848,29.344,230.46,-4.8048,-5.0776,-0.29686,13.965,62.105,62.802,-149.35,13.856
21.87,13.827,29.352,230.63,-4.7253,-4.9407,-0.2832,13.944,62.972,62.771,-149.31,13.836
21.88,13.807,29.359,230.81,-4.6458,-4.8061,-0.26976,13.923,63.816,62.74,-149.27,13.815
21.89,13.787,29.367,230.99,-4.5664,-4.6738,-0.25652,13.903,64.636,62.709,-149.22,13.795
21.9,13.767,29.375,231.18,-4.487,-4.5438,-0.2435,13.883,65.433,62.679,-149.18,13.776
21.91,13.748,29.383,231.36,-4.4076,-4.416,-0.23069,13.863,66.207,62.648,-149.13,13.756
21.92,13.728,29.391,231.54,-4.3283,-4.2905,-0.21809,13.844,66.959,62.618,-149.09,13.737
21.93,13.709,29.4,231.73,-4.2489,-4.1671,-0.20569,13.824,67.687,62.588,-149.05,13.718
21.94,13.691,29.408,231.92,-4.1696,-4.046,-0.1935,13.805,68.393,62.559,-149,13.7
21.95,13.672,29.416,232.11,-4.0904,-3.9271,-0.18151,13.787,69.077,62.529,-148.96,13.681
21.96,13.654,29.425,232.3,-4.0111,-3.8103,-0.16973,13.768,69.739,62.499,-148.92,13.663
21.97,13.636,29.433,232.49,-3.9319,-3.6957,-0.15814,13.75,70.379,62.47,-148.88,13.646
21.98,13.619,29.442,232.68,-3.8527,-3.5832,-0.14675,13.733,70.997,62.441,-148.84,13.628
21.99,13.601,29.45,232.88,-3.7735,-3.4728,-0.13556,13.715,71.593,62.412,-148.79,13.611
22,13.584,29.459,233.07,-3.6944,-3.3645,-0.12456,13.698,72.168,62.384,-148.75,13.594
22.01,13.568,29.468,233.27,-3.6153,-3.2583,-0.11376,13.681,72.722,62.355,-148.71,13.577
22.02,13.551,29.476,233.47,-3.5362,-3.1541,-0.10315,13.664,73.255,62.327,-148.67,13.561
22.03,13.535,29.485,233.67,-3.4571,-3.052,-0.09273,13.647,73.767,62.299,-148.63,13.544
22.04,13.519,29.494,233.87,-3.3781,-2.9519,-0.082497,13.631,74.258,62.271,-148.59,13.528
22.05,13.503,29.503,234.07,-3.299,-2.8538,-0.072451,13.615,74.729,62.243,-148.55,13.513
22.06,13.487,29.512,234.27,-3.22,-2.7577,-0.062589,13.599,75.18,62.215,-148.51,13.497
22.07,13.472,29.521,234.48,-3.1411,-2.6635,-0.052911,13.584,75.611,62.188,-148.47,13.482
22.08,13.457,29.531,234.68,-3.0621,-2.5713,-0.043414,13.568,76.021,62.16,-148.43,13.467
22.09,13.442,29.54,234.89,-2.9832,-2.481,-0.034097,13.553,76.412,62.133,-148.39,13.452
22.1,13.428,29.549,235.1,-2.9043,-2.3927,-0.024959,13.538,76.784,62.106,-148.35,13.438
22.11,13.413,29.559,235.31,-2.8254,-2.3062,-0.015996,13.524,77.136,62.079,-148.31,13.423
22.12,13.399,29.568,235.52,-2.7465,-2.2216,-0.0072085,13.51,77.469,62.053,-148.27,13.409
22.13,13.385,29.577,235.73,-2.6677,-2.1389,0.0014061,13.495,77.783,62.026,-148.24,13.396
22.14,13.372,29.587,235.94,-2.5889,-2.058,0.0098493,13.482,78.078,62,-148.2,13.382
22.15,13.358,29.597,236.15,-2.5101,-1.9789,0.018123,13.468,78.355,61.973,-148.16,13.369
22.16,13.345,29.606,236.37,-2.4313,-1.9016,0.026228,13.454,78.613,61.947,-148.12,13.355
22.17,13.332,29.616,236.59,-2.3526,-1.8261,0.034167,13.441,78.853,61.922,-148.08,13.343
22.18,13.32,29.626,236.8,-2.2738,-1.7524,0.041942,13.428,79.075,61.896,-148.05,13.33
22.19,13.307,29.635,237.02,-2.1951,-1.6804,0.049554,13.416,79.279,61.87,-148.01,13.317
22.2,13.295,29.645,237.24,-2.1164,-1.6102,0.057004,13.403,79.466,61.845,-147.97,13.305
22.21,13.283,29.655,237.46,-2.0378,-1.5417,0.064294,13.391,79.634,61.819,-147.94,13.293
22.22,13.271,29.665,237.68,-1.9591,-1.4748,0.071427,13.379,79.786,61.794,-147.9,13.281
22.23,13.259,29.675,237.91,-1.8805,-1.4097,0.078404,13.367,79.921,61.769,-147.86,13.27
22.24,13.248,29.685,238.13,-1.8019,-1.3462,0.085226,13.355,80.038,61.744,-147.83,13.258
22.25,13.237,29.695,238.35,-1.7233,-1.2843,0.091895,13.343,80.139,61.72,-147.79,13.247
22.26,13.226,29.706,238.58,-1.6447,-1.2241,0.098413,13.332,80.223,61.695,-147.75,13.236
22.27,13.215,29.716,238.81,-1.5662,-1.1654,0.10478,13.321,80.291,61.671,-147.72,13.225
22.28,13.204,29.726,239.03,-1.4877,-1.1084,0.111,13.31,80.342,61.646,-147.68,13.215
22.29,13.194,29.737,239.26,-1.4091,-1.0529,0.11708,13.299,80.378,61.622,-147.65,13.204
22.3,13.183,29.747,239.49,-1.3307,-0.99899,0.12301,13.289,80.398,61.598,-147.61,13.194
22.31,13.173,29.757,239.72,-1.2522,-0.94659,0.12879,13.279,80.402,61.574,-147.58,13.184
22.32,13.164,29.768,239.95,-1.1737,-0.89571,0.13444,13.268,80.391,61.55,-147.54,13.174
22.33,13.154,29.778,240.19,-1.0953,-0.84633,0.13995,13.259,80.364,61.527,-147.51,13.164
22.34,13.144,29.789,240.42,-1.0169,-0.79842,0.14532,13.249,80.322,61.503,-147.47,13.155
22.35,13.135,29.8,240.66,-0.93846,-0.75197,0.15055,13.239,80.266,61.48,-147.44,13.145
22.36,13.126,29.81,240.89,-0.86008,-0.70696,0.15565,13.23,80.194,61.456,-147.41,13.136
22.37,13.117,29.821,241.13,-0.78171,-0.66338,0.16062,13.221,80.108,61.433,-147.37,13.127
22.38,13.108,29.832,241.36,-0.70335,-0.6212,0.16545,13.212,80.008,61.41,-147.34,13.119
22.39,13.1,29.843,241.6,-0.62502,-0.58041,0.17016,13.203,79.894,61.387,-147.3,13.11
22.4,13.091,29.853,241.84,-0.5467,-0.54099,0.17474,13.194,79.765,61.364,-147.27,13.102
22.41,13.083,29.864,242.08,-0.4684,-0.50292,0.17919,13.186,79.623,61.342,-147.24,13.093
22.42,13.075,29.875,242.32,-0.39011,-0.46618,0.18352,13.177,79.467,61.319,-147.2,13.085
22.43,13.067,29.886,242.56,-0.31184,-0.43076,0.18772,13.169,79.298,61.296,-147.17,13.077
22.44,13.059,29.897,242.8,-0.23358,-0.39663,0.19181,13.161,79.116,61.274,-147.14,13.069
22.45,13.052,29.908,243.05,-0.15534,-0.36378,0.19578,13.153,78.92,61.252,-147.11,13.062
22.46,13.044,29.919,243.29,-0.077118,-0.3322,0.19962,13.145,78.712,61.23,-147.07,13.054
22.47,13.037,29.93,243.54,0.0010927,-0.30185,0.20336,13.138,78.491,61.208,-147.04,13.047
22.48,13.03,29.942,243.78,0.079288,-0.27273,0.20698,13.13,78.257,61.186,-147.01,13.04
22.49,13.023,29.953,244.03,0.15747,-0.24482,0.21048,13.123,78.011,61.164,-146.98,13.033
22.5,13.016,29.964,244.27,0.23564,-0.21809,0.21388,13.116,77.753,61.142,-146.94,13.026
22.51,13.009,29.975,244.52,0.31379,-0.19254,0.21716,13.109,77.483,61.12,-146.91,13.019
22.52,13.003,29.987,244.77,0.39193,-0.16814,0.22034,13.102,77.201,61.099,-146.88,13.013
22.53,12.996,29.998,245.02,0.47005,-0.14487,0.22342,13.096,76.908,61.077,-146.85,13.006
22.54,12.99,30.009,245.27,0.54817,-0.12271,0.22639,13.089,76.603,61.056,-146.82,13
22.55,12.984,30.021,245.52,0.62627,-0.10166,0.22925,13.083,76.287,61.035,-146.79,12.994
22.56,12.978,30.032,245.77,0.70435,-0.081685,0.23202,13.077,75.96,61.014,-146.75,12.988
22.57,12.972,30.044,246.02,0.78243,-0.062771,0.23469,13.07,75.622,60.993,-146.72,12.982
22.58,12.966,30.055,246.27,0.86049,-0.044902,0.23726,13.064,75.274,60.972,-146.69,12.976
22.59,12.961,30.067,246.53,0.93854,-0.028058,0.23973,13.059,74.915,60.951,-146.66,12.971
22.6,12.955,30.078,246.78,1.0166,-0.012221,0.24212,13.053,74.545,60.93,-146.63,12.965
22.61,12.95,30.09,247.03,1.0946,0.0026266,0.2444,13.047,74.166,60.909,-146.6,12.96
22.62,12.945,30.102,247.29,1.1726,0.016503,0.2466,13.042,73.777,60.888,-146.57,12.954
22.63,12.94,30.113,247.54,1.2506,0.029426,0.24871,13.036,73.378,60.868,-146.54,12.949
22.64,12.935,30.125,247.8,1.3286,0.041414,0.25073,13.031,72.969,60.847,-146.51,12.944
22.65,12.93,30.137,248.06,1.4066,0.052484,0.25267,13.026,72.551,60.827,-146.48,12.939
22.66,12.925,30.149,248.31,1.4846,0.062656,0.25453,13.021,72.124,60.807,-146.45,12.934
22.67,12.92,30.16,248.57,1.5625,0.071947,0.2563,13.016,71.688,60.786,-146.42,12.93
22.68,12.916,30.172,248.83,1.6405,0.080376,0.25799,13.011,71.243,60.766,-146.39,12.925
22.69,12.912,30.184,249.09,1.7184,0.087959,0.2596,13.006,70.789,60.746,-146.36,12.921
22.7,12.907,30.196,249.35,1.7963,0.094716,0.26113,13.002,70.327,60.726,-146.33,12.916
22.71,12.903,30.208,249.61,1.8742,0.10066,0.26259,12.997,69.857,60.706,-146.3,12.912
22.72,12.899,30.22,249.87,1.9521,0.10582,0.26398,12.993,69.379,60.686,-146.27,12.908
22.73,12.895,30.232,250.13,2.03,0.11021,0.26529,12.989,68.893,60.666,-146.24,12.904
22.74,12.891,30.244,250.39,2.1079,0.11384,0.26654,12.984,68.399,60.647,-146.21,12.9
22.75,12.887,30.256,250.65,2.1858,0.11674,0.26771,12.98,67.897,60.627,-146.18,12.896
22.76,12.883,30.268,250.91,2.2637,0.11891,0.26882,12.976,67.388,60.607,-146.15,12.892
22.77,12.88,30.28,251.18,2.3416,0.12039,0.26987,12.972,66.872,60.588,-146.12,12.888
22.78,12.876,30.292,251.44,2.4194,0.12119,0.27084,12.969,66.349,60.568,-146.09,12.885
22.79,12.873,30.304,251.7,2.4973,0.12132,0.27176,12.965,65.82,60.549,-146.07,12.881
22.8,12.869,30.316,251.97,2.5751,0.1208,0.27262,12.961,65.284,60.529,-146.04,12.878
22.81,12.866,30.328,252.23,2.6529,0.11966,0.27342,12.957,64.741,60.51,-146.01,12.874
22.82,12.863,30.34,252.49,2.7308,0.11791,0.27416,12.954,64.192,60.491,-145.98,12.871
22.83,12.859,30.352,252.76,2.8086,0.11557,0.27485,12.95,63.637,60.471,-145.95,12.868
22.84,12.856,30.365,253.03,2.8864,0.11265,0.27548,12.947,63.076,60.452,-145.92,12.864
22.85,12.853,30.377,253.29,2.9642,0.10918,0.27607,12.944,62.51,60.433,-145.89,12.861
22.86,12.85,30.389,253.56,3.042,0.10517,0.2766,12.941,61.938,60.414,-145.86,12.858
22.87,12.847,30.401,253.82,3.1198,0.10064,0.27708,12.937,61.36,60.395,-145.84,12.855
22.88,12.845,30.414,254.09,3.1976,0.095614,0.27752,12.934,60.778,60.376,-145.81,12.852
22.89,12.842,30.426,254.36,3.2754,0.090103,0.27791,12.931,60.191,60.357,-145.78,12.85
22.9,12.839,30.438,254.62,3.3531,0.084126,0.27826,12.928,59.599,60.338,-145.75,12.847
22.91,12.836,30.45,254.89,3.4309,0.077702,0.27857,12.925,59.002,60.319,-145.72,12.844
22.92,12.834,30.463,255.16,3.5087,0.07085,0.27883,12.922,58.401,60.3,-145.7,12.841
22.93,12.831,30.475,255.43,3.5864,0.063588,0.27906,12.919,57.796,60.281,-145.67,12.839
22.94,12.829,30.487,255.7,3.6642,0.055932,0.27925,12.917,57.187,60.262,-145.64,12.836
22.95,12.826,30.5,255.96,3.7419,0.047903,0.27941,12.914,56.573,60.243,-145.61,12.833
22.96,12.824,30.512,256.23,3.8197,0.039517,0.27954,12.911,55.957,60.225,-145.58,12.831
22.97,12.821,30.524,256.5,3.8974,0.030792,0.27963,12.909,55.337,60.206,-145.55,12.829
22.98,12.819,30.537,256.77,3.9752,0.021748,0.27969,12.906,54.713,60.187,-145.53,12.826
22.99,12.817,30.549,257.04,4.0529,0.012401,0.27973,12.903,54.087,60.169,-145.5,12.824
23,12.814,30.562,257.31,4.1306,0.0027704,0.27973,12.901,53.457,60.15,-145.47,12.821
23.01,12.812,30.574,257.58,4.2084,-0.0071262,0.27972,12.898,52.825,60.131,-145.44,12.819
23.02,12.81,30.586,257.85,4.2861,-0.017271,0.27968,12.896,52.191,60.113,-145.42,12.817
23.03,12.808,30.599,258.12,4.3638,-0.027645,0.27962,12.893,51.554,60.094,-145.39,12.814
23.04,12.806,30.611,258.39,4.4415,-0.038231,0.27954,12.891,50.914,60.076,-145.36,12.812
23.05,12.804,30.624,258.66,4.5192,-0.04901,0.27944,12.889,50.273,60.057,-145.33,12.81
23.06,12.801,30.636,258.93,4.597,-0.059965,0.27932,12.886,49.63,60.039,-145.3,12.808
23.07,12.799,30.649,259.2,4.6747,-0.071077,0.27919,12.884,48.986,60.02,-145.28,12.806
23.08,12.797,30.661,259.47,4.7524,-0.082329,0.27905,12.881,48.34,60.002,-145.25,12.804
23.09,12.795,30.673,259.74,4.8301,-0.093702,0.27889,12.879,47.693,59.983,-145.22,12.801
23.1,12.793,30.686,260.01,4.9078,-0.10518,0.27873,12.877,47.044,59.965,-145.19,12.799
23.11,12.791,30.698,260.28,4.9855,-0.11674,0.27856,12.874,46.395,59.946,-145.17,12.797
23.12,12.789,30.711,260.55,5.0632,-0.12837,0.27838,12.872,45.746,59.928,-145.14,12.795
23.13,12.787,30.723,260.83,5.1409,-0.14004,0.2782,12.87,45.095,59.909,-145.11,12.793
23.14,12.785,30.736,261.1,5.2186,-0.15175,0.27801,12.868,44.445,59.891,-145.08,12.791
23.15,12.783,30.748,261.37,5.2963,-0.16347,0.27783,12.865,43.794,59.872,-145.06,12.789
23.16,12.781,30.761,261.64,5.374,-0.17519,0.27764,12.863,43.143,59.854,-145.03,12.787
23.17,12.779,30.773,261.91,5.4518,-0.18688,0.27746,12.861,42.493,59.835,-145,12.785
23.18,12.777,30.786,262.18,5.5295,-0.19853,0.27728,12.858,41.843,59.817,-144.97,12.783
23.19,12.775,30.798,262.45,5.6072,-0.21012,0.2771,12.856,41.193,59.798,-144.95,12.78
23.2,12.773,30.81,262.72,5.6849,-0.22163,0.27694,12.854,40.545,59.78,-144.92,12.778
23.21,12.771,30.823,262.99,5.7626,-0.23305,0.27678,12.852,39.897,59.761,-144.89,12.776
23.22,12.769,30.835,263.26,5.8403,-0.24435,0.27663,12.849,39.251,59.743,-144.86,12.774
23.23,12.767,30.848,263.53,5.918,-0.25552,0.27649,12.847,38.605,59.724,-144.83,12.772
23.24,12.765,30.86,263.8,5.9957,-0.26654,0.27637,12.844,37.962,59.706,-144.81,12.77
23.25,12.763,30.873,264.07,6.0734,-0.2774,0.27627,12.842,37.32,59.687,-144.78,12.767
23.26,12.761,30.885,264.34,6.1512,-0.28806,0.27618,12.84,36.68,59.669,-144.75,12.765
23.27,12.758,30.897,264.61,6.2289,-0.29853,0.27611,12.837,36.042,59.65,-144.72,12.763
23.28,12.756,30.91,264.88,6.3066,-0.30877,0.27606,12.835,35.406,59.632,-144.7,12.761
23.29,12.754,30.922,265.15,6.3843,-0.31877,0.27603,12.832,34.773,59.613,-144.67,12.758
23.3,12.752,30.935,265.42,6.4621,-0.32851,0.27603,12.83,34.143,59.594,-144.64,12.756
23.31,12.749,30.947,265.69,6.5398,-0.33797,0.27606,12.827,33.515,59.576,-144.61,12.754
23.32,12.747,30.959,265.96,6.6175,-0.34714,0.27611,12.825,32.89,59.557,-144.58,12.751
23.33,12.745,30.972,266.23,6.6953,-0.356,0.27619,12.822,32.269,59.538,-144.56,12.749
23.34,12.742,30.984,266.5,6.773,-0.36452,0.2763,12.819,31.651,59.52,-144.53,12.746
23.35,12.74,30.997,266.77,6.8508,-0.3727,0.27644,12.816,31.036,59.501,-144.5,12.744
23.36,12.737,31.009,267.04,6.9285,-0.38051,0.27662,12.814,30.425,59.482,-144.47,12.741
23.37,12.735,31.021,267.31,7.0063,-0.38794,0.27683,12.811,29.819,59.463,-144.44,12.739
23.38,12.732,31.034,267.57,7.0841,-0.39496,0.27709,12.808,29.216,59.444,-144.42,12.736
23.39,12.73,31.046,267.84,7.1618,-0.40156,0.27738,12.805,28.617,59.425,-144.39,12.733
23.4,12.727,31.058,268.11,7.2396,-0.40772,0.27771,12.802,28.023,59.406,-144.36,12.731
23.41,12.724,31.07,268.38,7.3174,-0.41342,0.27808,12.799,27.434,59.387,-144.33,12.728
23.42,12.721,31.083,268.64,7.3952,-0.41865,0.2785,12.796,26.85,59.368,-144.3,12.725
23.43,12.718,31.095,268.91,7.4729,-0.42338,0.27896,12.793,26.27,59.349,-144.28,12.722
23.44,12.715,31.107,269.17,7.5507,-0.4276,0.27948,12.79,25.696,59.33,-144.25,12.719
23.45,12.712,31.119,269.44,7.6285,-0.4313,0.28004,12.786,25.127,59.311,-144.22,12.716
23.46,12.709,31.131,269.71,7.7064,-0.43444,0.28065,12.783,24.564,59.292,-144.19,12.713
23.47,12.706,31.144,269.97,7.7842,-0.43702,0.28132,12.779,24.007,59.273,-144.16,12.709
23.48,12.703,31.156,270.24,7.862,-0.43901,0.28204,12.776,23.456,59.253,-144.13,12.706
23.49,12.7,31.168,270.5,7.9398,-0.44041,0.28281,12.772,22.91,59.234,-144.1,12.703
23.5,12.696,31.18,270.76,8.0177,-0.44118,0.28365,12.769,22.371,59.215,-144.07,12.699
23.51,12.693,31.192,271.03,8.0955,-0.44131,0.28454,12.765,21.839,59.195,-144.05,12.696
23.52,12.689,31.204,271.29,8.1734,-0.44079,0.28549,12.761,21.313,59.176,-144.02,12.692
23.53,12.686,31.216,271.55,8.2512,-0.43959,0.28651,12.757,20.795,59.156,-143.99,12.688
23.54,12.682,31.228,271.82,8.3291,-0.4377,0.28759,12.753,20.283,59.137,-143.96,12.685
23.55,12.678,31.24,272.08,8.407,-0.4351,0.28874,12.749,19.778,59.117,-143.93,12.681
23.56,12.674,31.252,272.34,8.4849,-0.43177,0.28995,12.745,19.281,59.097,-143.9,12.677
23.57,12.67,31.264,272.6,8.5628,-0.42769,0.29124,12.741,18.792,59.077,-143.87,12.673
23.58,12.666,31.276,272.86,8.6407,-0.42285,0.2926,12.736,18.31,59.057,-143.84,12.669
23.59,12.662,31.288,273.12,8.7186,-0.41723,0.29403,12.732,17.837,59.037,-143.81,12.664
23.6,12.658,31.3,273.38,8.7965,-0.4108,0.29553,12.727,17.371,59.017,-143.78,12.66
23.61,12.653,31.312,273.64,8.8744,-0.40355,0.29711,12.723,16.914,58.997,-143.75,12.656
23.62,12.649,31.324,273.9,8.9524,-0.39547,0.29877,12.718,16.466,58.977,-143.72,12.651
23.63,12.644,31.335,274.16,9.0303,-0.38653,0.30051,12.713,16.026,58.957,-143.69,12.646
23.64,12.64,31.347,274.41,9.1083,-0.37672,0.30233,12.708,15.595,58.937,-143.66,12.642
23.65,12.635,31.359,274.67,9.1863,-0.36602,0.30423,12.703,15.174,58.916,-143.63,12.637
23.66,12.63,31.371,274.93,9.2643,-0.35441,0.30622,12.698,14.761,58.896,-143.6,12.632
23.67,12.625,31.382,275.18,9.3422,-0.34187,0.30829,12.693,14.358,58.875,-143.57,12.627
23.68,12.62,31.394,275.44,9.4203,-0.32838,0.31045,12.687,13.965,58.855,-143.54,12.621
23.69,12.614,31.406,275.69,9.4983,-0.31393,0.31271,12.682,13.581,58.834,-143.51,12.616
23.7,12.609,31.417,275.95,9.5763,-0.2985,0.31505,12.676,13.208,58.813,-143.48,12.611
23.71,12.603,31.429,276.2,9.6544,-0.28207,0.31749,12.67,12.845,58.792,-143.45,12.605
23.72,12.598,31.44,276.45,9.7324,-0.26462,0.32002,12.664,12.492,58.771,-143.42,12.599
23.73,12.592,31.452,276.7,9.8105,-0.24613,0.32265,12.658,12.15,58.75,-143.39,12.593
23.74,12.586,31.463,276.95,9.8886,-0.22659,0.32537,12.652,11.818,58.729,-143.35,12.587
23.75,12.58,31.475,277.2,9.9667,-0.20598,0.3282,12.645,11.498,58.708,-143.32,12.581
23.76,12.574,31.486,277.45,10.045,-0.18427,0.33113,12.639,11.189,58.687,-143.29,12.575
23.77,12.567,31.498,277.7,10.123,-0.16146,0.33416,12.632,10.89,58.665,-143.26,12.569
23.78,12.561,31.509,277.95,10.201,-0.13752,0.33729,12.626,10.604,58.644,-143.23,12.562
23.79,12.554,31.52,278.2,10.279,-0.11244,0.34054,12.619,10.329,58.622,-143.2,12.556
23.8,12.548,31.532,278.45,10.357,-0.086191,0.34389,12.612,10.066,58.6,-143.17,12.549
23.81,12.541,31.543,278.69,10.435,-0.058764,0.34735,12.605,9.8153,58.579,-143.13,12.542
23.82,12.534,31.554,278.94,10.514,-0.030137,0.35092,12.597,9.5766,58.557,-143.1,12.535
23.83,12.526,31.565,279.18,10.592,-0.0002933,0.35461,12.59,9.3504,58.535,-143.07,12.527
23.84,12.519,31.576,279.43,10.67,0.030786,0.35841,12.582,9.1368,58.513,-143.04,12.52
23.85,12.511,31.587,279.67,10.748,0.063118,0.36233,12.574,8.936,58.49,-143,12.513
23.86,12.504,31.598,279.91,10.827,0.096721,0.36636,12.566,8.7481,58.468,-142.97,12.505
23.87,12.496,31.609,280.15,10.905,0.13161,0.37052,12.558,8.5731,58.446,-142.94,12.497
23.88,12.488,31.62,280.39,10.983,0.16781,0.37479,12.55,8.4109,58.423,-142.9,12.489
23.89,12.48,31.631,280.63,11.06,0.20532,0.37919,12.541,8.2614,58.401,-142.87,12.481
23.9,12.471,31.642,280.87,11.138,0.24417,0.3837,12.533,8.1246,58.378,-142.84,12.472
23.91,12.463,31.653,281.1,11.214,0.28437,0.38834,12.524,8.0004,58.356,-142.81,12.464
23.92,12.454,31.664,281.33,11.291,0.32592,0.3931,12.515,7.8888,58.334,-142.77,12.455
23.93,12.445,31.674,281.56,11.366,0.36883,0.39798,12.506,7.7896,58.312,-142.74,12.446
23.94,12.436,31.685,281.78,11.441,0.41311,0.40298,12.496,7.7026,58.29,-142.71,12.437
23.95,12.426,31.696,282,11.515,0.45875,0.40811,12.487,7.6275,58.268,-142.68,12.427
23.96,12.417,31.706,282.22,11.589,0.50577,0.41336,12.477,7.5643,58.246,-142.65,12.418
23.97,12.407,31.717,282.43,11.662,0.55413,0.41873,12.467,7.5125,58.225,-142.62,12.408
23.98,12.398,31.727,282.63,11.734,0.60382,0.42421,12.457,7.4719,58.204,-142.59,12.398
23.99,12.388,31.738,282.83,11.804,0.65481,0.42978,12.447,7.4422,58.183,-142.56,12.389
24,12.378,31.748,283.02,11.873,0.70707,0.43545,12.436,7.423,58.162,-142.53,12.379
24.01,12.367,31.758,283.2,11.94,0.76056,0.4412,12.426,7.414,58.141,-142.51,12.368
24.02,12.357,31.769,283.37,12.004,0.81523,0.44701,12.416,7.4146,58.121,-142.48,12.358
24.03,12.347,31.779,283.53,12.066,0.87102,0.45288,12.405,7.4245,58.101,-142.46,12.348
24.04,12.336,31.789,283.69,12.125,0.9279,0.45879,12.394,7.4431,58.081,-142.44,12.337
24.05,12.326,31.8,283.84,12.18,0.98581,0.46474,12.383,7.47,58.061,-142.42,12.327
24.06,12.315,31.81,283.97,12.232,1.0447,0.47071,12.372,7.5048,58.042,-142.41,12.316
24.07,12.304,31.82,284.1,12.279,1.1045,0.4767,12.361,7.5466,58.023,-142.4,12.305
24.08,12.293,31.83,284.22,12.323,1.1652,0.48269,12.35,7.5948,58.005,-142.4,12.294
24.09,12.282,31.841,284.33,12.363,1.2266,0.48867,12.339,7.6484,57.987,-142.39,12.283
24.1,12.271,31.851,284.44,12.398,1.2888,0.49465,12.327,7.7067,57.969,-142.39,12.272
24.11,12.26,31.861,284.53,12.43,1.3515,0.5006,12.316,7.7686,57.951,-142.4,12.261
24.12,12.249,31.871,284.62,12.457,1.4149,0.50651,12.305,7.8332,57.932,-142.41,12.25
24.13,12.238,31.881,284.71,12.479,1.4786,0.51239,12.293,7.8995,57.914,-142.42,12.239
24.14,12.227,31.891,284.78,12.498,1.5427,0.5182,12.282,7.9662,57.896,-142.43,12.228
24.15,12.216,31.902,284.85,12.512,1.607,0.52395,12.271,8.0323,57.876,-142.45,12.217
24.16,12.205,31.912,284.92,12.522,1.6714,0.52962,12.26,8.0963,57.857,-142.47,12.206
24.17,12.195,31.922,284.98,12.529,1.7358,0.53521,12.249,8.1572,57.836,-142.5,12.196
24.18,12.184,31.932,285.04,12.531,1.8002,0.5407,12.238,8.2135,57.815,-142.52,12.185
24.19,12.174,31.942,285.1,12.531,1.8646,0.54612,12.228,8.2635,57.792,-142.55,12.175
24.2,12.163,31.953,285.16,12.527,1.9292,0.55147,12.217,8.3057,57.769,-142.59,12.164
24.21,12.153,31.963,285.21,12.521,1.9942,0.55678,12.207,8.3385,57.744,-142.62,12.154
24.22,12.144,31.974,285.27,12.513,2.0597,0.56204,12.197,8.3611,57.717,-142.66,12.145
24.23,12.134,31.984,285.33,12.504,2.1258,0.56729,12.187,8.3735,57.689,-142.7,12.135
24.24,12.124,31.995,285.39,12.494,2.1927,0.57253,12.177,8.3762,57.66,-142.74,12.125
24.25,12.115,32.005,285.46,12.483,2.2605,0.57777,12.167,8.3692,57.629,-142.79,12.116
24.26,12.105,32.016,285.52,12.472,2.3294,0.58304,12.157,8.3531,57.596,-142.83,12.106
24.27,12.096,32.026,285.59,12.461,2.3995,0.58834,12.148,8.3285,57.562,-142.88,12.097
24.28,12.087,32.037,285.67,12.451,2.4709,0.59369,12.138,8.2964,57.526,-142.93,12.088
24.29,12.077,32.047,285.74,12.442,2.5438,0.59909,12.129,8.2573,57.489,-142.98,12.078
24.3,12.068,32.058,285.82,12.435,2.6182,0.60455,12.119,8.2122,57.45,-143.04,12.069
24.31,12.058,32.068,285.89,12.429,2.6943,0.61009,12.109,8.1617,57.41,-143.09,12.059
24.32,12.049,32.079,285.97,12.425,2.7721,0.6157,12.1,8.1063,57.368,-143.15,12.05
24.33,12.039,32.089,286.05,12.423,2.8516,0.62138,12.09,8.0467,57.324,-143.21,12.04
24.34,12.03,32.1,286.13,12.423,2.9329,0.62714,12.08,7.9834,57.279,-143.27,12.031
24.35,12.02,32.11,286.2,12.426,3.0158,0.63297,12.07,7.9171,57.233,-143.33,12.021
24.36,12.01,32.121,286.28,12.431,3.1004,0.63886,12.06,7.8483,57.185,-143.39,12.011
24.37,12,32.131,286.35,12.439,3.1867,0.64481,12.05,7.7778,57.136,-143.46,12.001
24.38,11.99,32.141,286.42,12.45,3.2746,0.65081,12.04,7.706,57.085,-143.53,11.991
24.39,11.98,32.152,286.48,12.463,3.364,0.65686,12.029,7.6337,57.033,-143.6,11.981
24.4,11.97,32.162,286.53,12.479,3.4551,0.66295,12.019,7.5612,56.979,-143.67,11.971
24.41,11.96,32.172,286.58,12.499,3.5477,0.66909,12.008,7.4891,56.924,-143.75,11.961
24.42,11.949,32.183,286.63,12.521,3.6418,0.67526,11.998,7.4178,56.867,-143.82,11.95
24.43,11.939,32.193,286.66,12.547,3.7375,0.68146,11.987,7.3477,56.809,-143.9,11.94
24.44,11.928,32.203,286.69,12.576,3.8345,0.68769,11.976,7.2793,56.75,-143.98,11.929
24.45,11.917,32.214,286.7,12.608,3.9328,0.69392,11.965,7.2131,56.69,-144.07,11.918
24.46,11.906,32.224,286.71,12.644,4.032,0.70016,11.953,7.1497,56.628,-144.15,11.907
24.47,11.895,32.234,286.71,12.682,4.132,0.70638,11.942,7.0896,56.566,-144.24,11.896
24.48,11.883,32.244,286.71,12.724,4.2326,0.71257,11.93,7.0334,56.503,-144.33,11.884
24.49,11.871,32.254,286.71,12.769,4.3334,0.71872,11.917,6.9818,56.439,-144.42,11.872
24.5,11.858,32.264,286.7,12.818,4.4343,0.72481,11.904,6.9351,56.375,-144.52,11.859
24.51,11.845,32.273,286.68,12.869,4.535,0.73082,11.89,6.8941,56.31,-144.61,11.846
24.52,11.831,32.283,286.67,12.923,4.6354,0.73675,11.876,6.859,56.246,-144.71,11.832
24.53,11.816,32.292,286.65,12.981,4.7352,0.74259,11.861,6.8302,56.182,-144.81,11.817
24.54,11.801,32.302,286.64,13.041,4.8344,0.74834,11.846,6.8079,56.118,-144.91,11.801
24.55,11.784,32.311,286.63,13.104,4.9329,0.75399,11.829,6.7923,56.054,-145.02,11.785
24.56,11.767,32.32,286.62,13.169,5.0307,0.75954,11.812,6.7833,55.991,-145.12,11.768
24.57,11.749,32.328,286.61,13.236,5.1275,0.765,11.794,6.7811,55.928,-145.23,11.75
24.58,11.73,32.337,286.6,13.304,5.2234,0.77036,11.774,6.7855,55.867,-145.34,11.731
24.59,11.71,32.345,286.6,13.375,5.3184,0.77562,11.754,6.7968,55.806,-145.45,11.711
24.6,11.689,32.353,286.61,13.446,5.4123,0.78079,11.733,6.8149,55.746,-145.55,11.69
24.61,11.667,32.361,286.63,13.518,5.505,0.78586,11.711,6.8399,55.687,-145.66,11.668
24.62,11.644,32.369,286.65,13.59,5.5965,0.79084,11.687,6.8719,55.63,-145.77,11.645
24.63,11.619,32.376,286.68,13.662,5.6868,0.79572,11.662,6.9108,55.575,-145.87,11.62
24.64,11.594,32.383,286.72,13.734,5.7758,0.80051,11.636,6.9571,55.52,-145.98,11.594
24.65,11.566,32.39,286.78,13.806,5.8632,0.8052,11.609,7.0117,55.468,-146.08,11.567
24.66,11.538,32.397,286.84,13.877,5.9492,0.80979,11.58,7.0752,55.418,-146.18,11.539
24.67,11.507,32.403,286.93,13.946,6.0335,0.81429,11.55,7.1484,55.37,-146.27,11.508
24.68,11.476,32.409,287.02,14.015,6.1163,0.81871,11.518,7.2315,55.324,-146.37,11.477
24.69,11.443,32.414,287.13,14.081,6.1972,0.82303,11.484,7.3249,55.28,-146.46,11.443
24.7,11.408,32.419,287.26,14.147,6.2765,0.82728,11.449,7.4287,55.24,-146.54,11.409
24.71,11.371,32.424,287.41,14.21,6.3538,0.83143,11.412,7.5433,55.202,-146.63,11.372
24.72,11.333,32.429,287.57,14.271,6.4293,0.83551,11.374,7.6689,55.166,-146.71,11.334
24.73,11.293,32.433,287.75,14.33,6.5028,0.83951,11.334,7.8057,55.134,-146.78,11.294
24.74,11.251,32.437,287.95,14.387,6.5742,0.84343,11.292,7.9542,55.105,-146.86,11.252
24.75,11.208,32.44,288.17,14.442,6.6435,0.84726,11.248,8.1145,55.079,-146.93,11.209
24.76,11.162,32.443,288.42,14.494,6.7108,0.85103,11.202,8.2867,55.056,-147,11.163
24.77,11.115,32.446,288.68,14.544,6.776,0.85471,11.155,8.4708,55.037,-147.07,11.116
24.78,11.066,32.448,288.96,14.59,6.839,0.85833,11.105,8.6674,55.02,-147.13,11.067
24.79,11.014,32.45,289.27,14.632,6.8997,0.86187,11.054,8.8772,55.008,-147.19,11.015
24.8,10.96,32.451,289.6,14.671,6.9582,0.86536,10.999,9.1011,54.999,-147.23,10.961
24.81,10.904,32.452,289.96,14.705,7.0146,0.86882,10.943,9.3402,54.993,-147.27,10.905
24.82,10.845,32.452,290.33,14.735,7.0692,0.87226,10.884,9.5951,54.991,-147.3,10.846
24.83,10.784,32.452,290.72,14.762,7.1224,0.87571,10.823,9.8661,54.993,-147.32,10.785
24.84,10.721,32.451,291.14,14.786,7.1746,0.87919,10.759,10.154,54.999,-147.33,10.722
24.85,10.655,32.45,291.56,14.809,7.2262,0.88273,10.693,10.458,55.007,-147.33,10.656
24.86,10.587,32.449,292,14.831,7.2776,0.88635,10.625,10.78,55.02,-147.33,10.588
24.87,10.517,32.447,292.44,14.853,7.3295,0.89008,10.555,11.118,55.036,-147.31,10.518
24.88,10.446,32.444,292.89,14.876,7.3825,0.89395,10.483,11.474,55.054,-147.28,10.447
24.89,10.372,32.442,293.33,14.902,7.437,0.89799,10.41,11.847,55.076,-147.25,10.374
24.9,10.298,32.439,293.77,14.93,7.4938,0.90222,10.335,12.238,55.101,-147.21,10.299
24.91,10.222,32.435,294.21,14.964,7.5533,0.90668,10.259,12.647,55.128,-147.17,10.223
24.92,10.145,32.432,294.63,15.002,7.616,0.91136,10.182,13.076,55.157,-147.12,10.146
24.93,10.068,32.429,295.03,15.046,7.6824,0.9163,10.104,13.523,55.187,-147.06,10.069
24.94,9.9899,32.425,295.41,15.097,7.7526,0.92149,10.027,13.991,55.219,-147.01,9.9914
24.95,9.9121,32.422,295.76,15.155,7.8266,0.92693,9.9485,14.477,55.252,-146.95,9.9136
24.96,9.8343,32.418,296.09,15.218,7.904,0.9326,9.8705,14.981,55.285,-146.89,9.8358
24.97,9.7566,32.415,296.4,15.287,7.9841,0.93846,9.7927,15.502,55.319,-146.83,9.7582
24.98,9.6793,32.412,296.69,15.36,8.0663,0.94445,9.7153,16.036,55.353,-146.77,9.681
24.99,9.6025,32.409,296.97,15.436,8.1497,0.95054,9.6382,16.581,55.385,-146.72,9.6042
25,9.526,32.406,297.23,15.515,8.2341,0.9567,9.5616,17.139,55.417,-146.66,9.5278
25.01,9.45,32.403,297.47,15.597,8.3196,0.96295,9.4854,17.712,55.448,-146.61,9.4518
25.02,9.3743,32.401,297.69,15.682,8.406,0.96929,9.4096,18.3,55.478,-146.57,9.3762
25.03,9.299,32.398,297.9,15.77,8.4934,0.97572,9.334,18.906,55.506,-146.52,9.3009
25.04,9.2238,32.396,298.09,15.862,8.5817,0.98225,9.2586,19.53,55.534,-146.48,9.2257
25.05,9.1488,32.393,298.26,15.957,8.6708,0.98887,9.1835,20.172,55.559,-146.44,9.1508
25.06,9.074,32.391,298.41,16.056,8.7609,0.9956,9.1085,20.833,55.583,-146.41,9.0761
25.07,8.9994,32.389,298.55,16.16,8.8518,1.0024,9.0338,21.509,55.606,-146.39,9.0016
25.08,8.9251,32.387,298.69,16.269,8.9432,1.0093,8.9593,22.199,55.626,-146.37,8.9273
25.09,8.8511,32.385,298.82,16.383,9.0344,1.0163,8.8851,22.899,55.645,-146.35,8.8533
25.1,8.7775,32.383,298.95,16.502,9.125,1.0233,8.8112,23.607,55.661,-146.35,8.7797
25.11,8.7042,32.382,299.08,16.624,9.2145,1.0304,8.7378,24.32,55.676,-146.35,8.7065
25.12,8.6314,32.38,299.23,16.751,9.3028,1.0374,8.6647,25.038,55.688,-146.36,8.6337
25.13,8.559,32.379,299.38,16.882,9.3897,1.0444,8.5922,25.756,55.699,-146.37,8.5615
25.14,8.4874,32.378,299.53,17.015,9.4753,1.0514,8.5204,26.472,55.707,-146.4,8.4899
25.15,8.4164,32.377,299.69,17.152,9.5596,1.0583,8.4492,27.183,55.713,-146.43,8.4189
25.16,8.3462,32.376,299.86,17.291,9.6424,1.0651,8.3788,27.887,55.717,-146.47,8.3488
25.17,8.2768,32.376,300.04,17.432,9.7237,1.0718,8.3092,28.58,55.718,-146.52,8.2795
25.18,8.2083,32.375,300.23,17.574,9.8035,1.0785,8.2406,29.26,55.717,-146.58,8.2111
25.19,8.1408,32.375,300.42,17.719,9.8824,1.085,8.1728,29.927,55.714,-146.65,8.1435
25.2,8.0741,32.376,300.61,17.867,9.9608,1.0915,8.106,30.581,55.709,-146.73,8.0769
25.21,8.0082,32.376,300.8,18.019,10.039,1.098,8.0399,31.222,55.702,-146.82,8.0111
25.22,7.943,32.377,301,18.173,10.117,1.1044,7.9745,31.851,55.694,-146.91,7.9459
25.23,7.8785,32.378,301.18,18.332,10.195,1.1107,7.9098,32.467,55.684,-147.01,7.8815
25.24,7.8147,32.379,301.37,18.494,10.275,1.1171,7.8458,33.073,55.672,-147.11,7.8177
25.25,7.7514,32.38,301.54,18.661,10.355,1.1234,7.7823,33.671,55.66,-147.22,7.7544
25.26,7.6886,32.381,301.7,18.832,10.436,1.1297,7.7193,34.26,55.646,-147.33,7.6917
25.27,7.6263,32.383,301.86,19.007,10.518,1.1359,7.6568,34.842,55.632,-147.44,7.6294
25.28,7.5645,32.384,302,19.184,10.601,1.1422,7.5949,35.412,55.618,-147.56,7.5677
25.29,7.5035,32.386,302.14,19.364,10.685,1.1483,7.5336,35.966,55.603,-147.67,7.5067
25.3,7.4432,32.388,302.27,19.545,10.769,1.1544,7.4732,36.503,55.587,-147.77,7.4465
25.31,7.3836,32.391,302.4,19.728,10.854,1.1604,7.4134,37.022,55.572,-147.88,7.3869
25.32,7.3247,32.393,302.51,19.912,10.94,1.1663,7.3542,37.525,55.557,-147.98,7.328
25.33,7.2663,32.395,302.62,20.097,11.026,1.1721,7.2956,38.01,55.541,-148.08,7.2696
25.34,7.2085,32.398,302.73,20.281,11.112,1.1779,7.2376,38.477,55.526,-148.17,7.2118
25.35,7.1512,32.401,302.82,20.465,11.199,1.1836,7.1801,38.926,55.511,-148.26,7.1546
25.36,7.0944,32.404,302.92,20.648,11.286,1.1891,7.1232,39.36,55.496,-148.35,7.0979
25.37,7.0381,32.407,303.01,20.829,11.373,1.1946,7.0667,39.785,55.481,-148.43,7.0416
25.38,6.9822,32.41,303.1,21.009,11.459,1.2,7.0106,40.205,55.466,-148.51,6.9857
25.39,6.9267,32.414,303.19,21.185,11.546,1.2053,6.9549,40.624,55.451,-148.59,6.9303
25.4,6.8717,32.417,303.27,21.359,11.632,1.2106,6.8996,41.052,55.436,-148.66,6.8752
25.41,6.817,32.421,303.34,21.529,11.718,1.2158,6.8447,41.496,55.421,-148.73,6.8205
25.42,6.7628,32.424,303.41,21.694,11.803,1.2209,6.7903,41.967,55.407,-148.79,6.7664
25.43,6.7091,32.428,303.46,21.855,11.888,1.226,6.7365,42.471,55.393,-148.84,6.7127
25.44,6.6562,32.432,303.49,22.01,11.973,1.231,6.6834,43.015,55.379,-148.89,6.6599
25.45,6.6044,32.436,303.5,22.159,12.058,1.236,6.6314,43.603,55.366,-148.93,6.6081
25.46,6.5538,32.441,303.49,22.303,12.142,1.2409,6.5806,44.238,55.354,-148.96,6.5576
25.47,6.5047,32.445,303.46,22.442,12.227,1.2458,6.5313,44.919,55.343,-148.99,6.5085
25.48,6.4572,32.45,303.4,22.577,12.312,1.2507,6.4836,45.644,55.333,-149.01,6.461
25.49,6.4111,32.455,303.32,22.708,12.397,1.2556,6.4373,46.406,55.324,-149.03,6.415
25.5,6.3663,32.461,303.22,22.835,12.483,1.2604,6.3924,47.198,55.316,-149.04,6.3703
25.51,6.3228,32.466,303.1,22.959,12.57,1.2653,6.3487,48.014,55.308,-149.05,6.3268
25.52,6.2805,32.472,302.97,23.08,12.657,1.2702,6.3061,48.848,55.303,-149.05,6.2845
25.53,6.2392,32.478,302.82,23.198,12.744,1.275,6.2647,49.693,55.298,-149.05,6.2433
25.54,6.1989,32.484,302.66,23.313,12.832,1.2799,6.2242,50.544,55.294,-149.05,6.203
25.55,6.1594,32.491,302.49,23.426,12.92,1.2849,6.1845,51.395,55.292,-149.04,6.1636
25.56,6.1206,32.497,302.31,23.536,13.009,1.2898,6.1456,52.241,55.291,-149.03,6.1249
25.57,6.0824,32.504,302.12,23.644,13.099,1.2949,6.1071,53.077,55.291,-149.01,6.0867
25.58,6.0446,32.51,301.93,23.751,13.19,1.3,6.0692,53.902,55.292,-148.99,6.049
25.59,6.0073,32.517,301.73,23.858,13.282,1.3052,6.0317,54.716,55.295,-148.96,6.0117
25.6,5.9704,32.524,301.54,23.964,13.377,1.3105,5.9946,55.516,55.297,-148.93,5.9749
25.61,5.9339,32.531,301.34,24.072,13.473,1.3159,5.958,56.301,55.301,-148.9,5.9384
25.62,5.8978,32.538,301.13,24.181,13.573,1.3215,5.9217,57.068,55.304,-148.86,5.9024
25.63,5.8621,32.545,300.92,24.293,13.675,1.3273,5.8858,57.812,55.308,-148.82,5.8667
25.64,5.8268,32.552,300.72,24.407,13.78,1.3332,5.8504,58.529,55.311,-148.77,5.8315
25.65,5.7918,32.559,300.51,24.524,13.888,1.3393,5.8151,59.218,55.314,-148.73,5.7964
25.66,5.7567,32.567,300.31,24.644,13.999,1.3455,5.7799,59.876,55.317,-148.68,5.7615
25.67,5.7217,32.574,300.12,24.766,14.112,1.3518,5.7447,60.5,55.319,-148.64,5.7265
25.68,5.6865,32.581,299.93,24.891,14.228,1.3582,5.7093,61.091,55.321,-148.6,5.6913
25.69,5.651,32.588,299.75,25.019,14.346,1.3647,5.6736,61.648,55.322,-148.56,5.6558
25.7,5.615,32.596,299.59,25.149,14.466,1.3713,5.6375,62.174,55.323,-148.53,5.6199
25.71,5.5785,32.603,299.43,25.282,14.588,1.378,5.6009,62.67,55.323,-148.5,5.5834
25.72,5.5414,32.61,299.29,25.418,14.714,1.3848,5.5635,63.136,55.322,-148.47,5.5463
25.73,5.5034,32.617,299.15,25.558,14.841,1.3917,5.5254,63.575,55.32,-148.45,5.5084
25.74,5.4647,32.624,299.03,25.701,14.972,1.3988,5.4865,63.982,55.317,-148.44,5.4697
25.75,5.4252,32.631,298.92,25.848,15.105,1.406,5.4468,64.357,55.313,-148.43,5.4302
25.76,5.3849,32.638,298.82,25.999,15.24,1.4133,5.4064,64.7,55.309,-148.43,5.3899
25.77,5.3438,32.644,298.73,26.155,15.378,1.4207,5.3651,65.012,55.303,-148.44,5.3488
25.78,5.3021,32.651,298.64,26.317,15.519,1.4283,5.3232,65.296,55.297,-148.45,5.3071
25.79,5.2598,32.657,298.56,26.484,15.663,1.4361,5.2807,65.558,55.29,-148.48,5.2648
25.8,5.2169,32.664,298.47,26.658,15.809,1.4439,5.2377,65.804,55.282,-148.51,5.2219
25.81,5.1737,32.67,298.38,26.839,15.959,1.452,5.1943,66.042,55.275,-148.55,5.1787
25.82,5.1302,32.677,298.27,27.027,16.112,1.4603,5.1507,66.276,55.267,-148.61,5.1352
25.83,5.0867,32.683,298.13,27.223,16.269,1.4687,5.107,66.51,55.258,-148.67,5.0917
25.84,5.0431,32.69,297.98,27.426,16.429,1.4773,5.0633,66.747,55.25,-148.73,5.0481
25.85,4.9997,32.696,297.8,27.636,16.593,1.4861,5.0197,66.993,55.241,-148.8,5.0047
25.86,4.9566,32.703,297.59,27.854,16.76,1.4951,4.9764,67.253,55.231,-148.88,4.9616
25.87,4.9139,32.71,297.34,28.081,16.931,1.5043,4.9335,67.536,55.222,-148.97,4.9189
25.88,4.872,32.717,297.03,28.315,17.106,1.5137,4.8914,67.852,55.212,-149.06,4.877
25.89,4.831,32.724,296.67,28.559,17.284,1.5233,4.8503,68.212,55.202,-149.15,4.8361
25.9,4.7914,32.731,296.23,28.811,17.466,1.5331,4.8105,68.624,55.192,-149.25,4.7965
25.91,4.7533,32.738,295.71,29.071,17.652,1.543,4.7722,69.097,55.183,-149.34,4.7584
25.92,4.7169,32.746,295.1,29.338,17.841,1.5532,4.7358,69.635,55.174,-149.44,4.7221
25.93,4.6827,32.754,294.39,29.614,18.032,1.5635,4.7013,70.241,55.166,-149.53,4.6878
25.94,4.6505,32.762,293.57,29.897,18.226,1.5739,4.669,70.915,55.16,-149.62,4.6557
25.95,4.6206,32.771,292.66,30.188,18.423,1.5845,4.6389,71.656,55.154,-149.71,4.6258
25.96,4.5929,32.78,291.65,30.486,18.621,1.5953,4.611,72.462,55.15,-149.78,4.5981
25.97,4.5674,32.789,290.53,30.792,18.822,1.6061,4.5854,73.332,55.147,-149.86,4.5727
25.98,4.5442,32.799,289.32,31.104,19.023,1.6171,4.562,74.261,55.145,-149.92,4.5495
25.99,4.5229,32.808,288.02,31.422,19.226,1.6282,4.5406,75.244,55.144,-149.98,4.5284
26,4.5036,32.819,286.63,31.746,19.429,1.6394,4.5211,76.271,55.144,-150.03,4.5091
26.01,4.486,32.829,285.17,32.074,19.632,1.6507,4.5034,77.331,55.145,-150.07,4.4916
26.02,4.4699,32.84,283.65,32.406,19.835,1.662,4.4872,78.41,55.146,-150.1,4.4756
26.03,4.4554,32.85,282.08,32.74,20.038,1.6733,4.4725,79.501,55.148,-150.13,4.4611
26.04,4.4424,32.861,280.45,33.077,20.241,1.6847,4.4593,80.601,55.15,-150.15,4.4482
26.05,4.4309,32.873,278.76,33.417,20.444,1.6962,4.4478,81.709,55.153,-150.16,4.4368
26.06,4.4211,32.884,277.01,33.76,20.649,1.7077,4.4378,82.83,55.155,-150.17,4.4271
26.07,4.4128,32.896,275.2,34.107,20.855,1.7193,4.4294,83.966,55.157,-150.17,4.4189
26.08,4.4063,32.907,273.33,34.457,21.062,1.731,4.4227,85.119,55.158,-150.17,4.4124
26.09,4.4015,32.92,271.4,34.81,21.271,1.7429,4.4177,86.295,55.159,-150.16,4.4078
26.1,4.3988,32.932,269.39,35.166,21.483,1.7548,4.4149,87.504,55.16,-150.15,4.4051
26.11,4.3983,32.945,267.29,35.527,21.698,1.767,4.4142,88.758,55.161,-150.13,4.4047
26.12,4.4003,32.958,265.09,35.891,21.916,1.7793,4.4161,90.068,55.162,-150.11,4.4069
26.13,4.4051,32.971,262.78,36.26,22.139,1.7918,4.4207,91.444,55.162,-150.08,4.4117
26.14,4.4127,32.985,260.35,36.634,22.366,1.8046,4.4282,92.891,55.163,-150.04,4.4195
26.15,4.4233,32.999,257.79,37.013,22.598,1.8176,4.4387,94.409,55.164,-150,4.4302
26.16,4.4368,33.013,255.12,37.395,22.834,1.8308,4.452,95.993,55.166,-149.96,4.4438
26.17,4.4531,33.028,252.33,37.781,23.073,1.8442,4.4682,97.637,55.167,-149.91,4.4603
26.18,4.4721,33.043,249.44,38.171,23.315,1.8577,4.4871,99.332,55.169,-149.85,4.4794
26.19,4.4934,33.059,246.46,38.562,23.559,1.8714,4.5083,101.06,55.171,-149.79,4.5009
26.2,4.5166,33.074,243.4,38.956,23.805,1.8851,4.5313,102.82,55.173,-149.72,4.5242
26.21,4.5413,33.09,240.29,39.352,24.051,1.8988,4.5559,104.59,55.176,-149.66,4.549
26.22,4.5671,33.106,237.14,39.749,24.297,1.9126,4.5816,106.36,55.179,-149.59,4.575
26.23,4.5939,33.122,233.95,40.148,24.544,1.9263,4.6082,108.13,55.183,-149.52,4.6019
26.24,4.6213,33.139,230.74,40.549,24.79,1.9401,4.6355,109.91,55.188,-149.45,4.6296
26.25,4.6493,33.155,227.52,40.951,25.036,1.9537,4.6633,111.67,55.194,-149.38,4.6577
26.26,4.6776,33.171,224.29,41.354,25.28,1.9674,4.6916,113.42,55.201,-149.31,4.6862
26.27,4.7061,33.188,221.06,41.757,25.524,1.9809,4.7199,115.16,55.208,-149.24,4.7148
26.28,4.7346,33.204,217.83,42.159,25.767,1.9944,4.7482,116.87,55.216,-149.18,4.7434
26.29,4.7628,33.22,214.63,42.561,26.007,2.0078,4.7763,118.56,55.224,-149.12,4.7718
26.3,4.7906,33.237,211.45,42.961,26.247,2.021,4.804,120.21,55.233,-149.06,4.7998
26.31,4.818,33.253,208.3,43.359,26.484,2.0341,4.8313,121.84,55.242,-149,4.8273
26.32,4.8448,33.269,205.19,43.754,26.719,2.0471,4.8579,123.43,55.251,-148.95,4.8543
26.33,4.8709,33.285,202.12,44.146,26.951,2.0599,4.8839,125,55.261,-148.9,4.8805
26.34,4.896,33.301,199.1,44.537,27.181,2.0725,4.9088,126.55,55.271,-148.86,4.9058
26.35,4.9201,33.317,196.12,44.925,27.409,2.085,4.9328,128.06,55.281,-148.82,4.93
26.36,4.9431,33.332,193.2,45.311,27.634,2.0974,4.9556,129.54,55.291,-148.78,4.9531
26.37,4.9648,33.347,190.34,45.696,27.856,2.1095,4.9772,131,55.301,-148.74,4.9749
26.38,4.9853,33.363,187.52,46.079,28.075,2.1215,4.9975,132.44,55.311,-148.7,4.9956
26.39,5.0045,33.378,184.77,46.461,28.292,2.1334,5.0166,133.84,55.32,-148.67,5.0149
26.4,5.0223,33.393,182.07,46.843,28.506,2.1451,5.0343,135.23,55.329,-148.64,5.0328
26.41,5.0387,33.407,179.42,47.225,28.717,2.1567,5.0505,136.59,55.338,-148.61,5.0493
26.42,5.0537,33.422,176.84,47.607,28.927,2.1682,5.0654,137.94,55.346,-148.58,5.0644
26.43,5.0671,33.436,174.3,47.99,29.134,2.1796,5.0787,139.27,55.353,-148.55,5.078
26.44,5.079,33.45,171.83,48.375,29.339,2.1909,5.0904,140.6,55.36,-148.52,5.09
26.45,5.0893,33.464,169.4,48.763,29.542,2.2021,5.1006,141.91,55.366,-148.48,5.1004
26.46,5.0979,33.478,167.03,49.154,29.744,2.2133,5.109,143.23,55.372,-148.45,5.1091
26.47,5.1048,33.491,164.71,49.549,29.945,2.2245,5.1158,144.54,55.377,-148.42,5.1161
26.48,5.1098,33.504,162.43,49.95,30.144,2.2356,5.1207,145.86,55.381,-148.39,5.1212
26.49,5.113,33.517,160.2,50.356,30.343,2.2468,5.1237,147.18,55.385,-148.36,5.1245
26.5,5.1143,33.53,158.02,50.769,30.542,2.2579,5.1249,148.51,55.388,-148.32,5.1259
26.51,5.1138,33.542,155.87,51.19,30.74,2.2692,5.1242,149.85,55.39,-148.29,5.1255
26.52,5.1116,33.554,153.77,51.618,30.939,2.2805,5.1219,151.2,55.391,-148.25,5.1234
26.53,5.1078,33.566,151.69,52.054,31.138,2.2919,5.1179,152.59,55.393,-148.21,5.1197
26.54,5.1025,33.578,149.63,52.5,31.337,2.3033,5.1126,154.02,55.394,-148.17,5.1146
26.55,5.0959,33.589,147.59,52.954,31.538,2.3149,5.1058,155.5,55.395,-148.12,5.1081
26.56,5.088,33.6,145.57,53.42,31.74,2.3266,5.0977,157.03,55.397,-148.07,5.1003
26.57,5.0787,33.612,143.55,53.896,31.944,2.3385,5.0884,158.62,55.398,-148.03,5.0911
26.58,5.0682,33.622,141.54,54.386,32.15,2.3506,5.0777,160.27,55.4,-147.98,5.0807
26.59,5.0563,33.633,139.52,54.891,32.36,2.3629,5.0656,161.97,55.402,-147.93,5.0689
26.6,5.0431,33.644,137.49,55.411,32.572,2.3754,5.0523,163.74,55.403,-147.89,5.0558
26.61,5.0286,33.654,135.44,55.948,32.789,2.3883,5.0377,165.56,55.404,-147.85,5.0414
26.62,5.0128,33.664,133.36,56.504,33.009,2.4015,5.0218,167.43,55.405,-147.81,5.0258
26.63,4.9958,33.674,131.26,57.08,33.234,2.4149,5.0046,169.36,55.405,-147.77,5.0089
26.64,4.9774,33.684,129.12,57.676,33.463,2.4288,4.9862,171.34,55.404,-147.74,4.9907
26.65,4.9578,33.694,126.95,58.294,33.697,2.443,4.9664,173.37,55.403,-147.72,4.9712
26.66,4.9367,33.703,124.73,58.936,33.937,2.4576,4.9452,175.45,55.401,-147.7,4.9502
26.67,4.9141,33.712,122.48,59.602,34.182,2.4727,4.9225,177.58,55.398,-147.69,4.9278
26.68,4.8901,33.722,120.19,60.294,34.432,2.4882,4.8983,179.76,55.393,-147.68,4.9039
26.69,4.8646,33.73,117.85,61.011,34.688,2.5041,4.8727,182,55.387,-147.68,4.8785
26.7,4.8376,33.739,115.47,61.755,34.95,2.5205,4.8456,184.3,55.38,-147.69,4.8517
26.71,4.8094,33.747,113.04,62.525,35.217,2.5374,4.8173,186.65,55.371,-147.71,4.8236
26.72,4.78,33.756,110.56,63.321,35.49,2.5546,4.7878,189.07,55.361,-147.73,4.7944
26.73,4.7496,33.764,108.02,64.144,35.769,2.5723,4.7573,191.57,55.35,-147.77,4.7641
26.74,4.7182,33.772,105.44,64.993,36.052,2.5904,4.7258,194.14,55.338,-147.81,4.7329
26.75,4.686,33.78,102.79,65.868,36.341,2.6088,4.6935,196.78,55.324,-147.86,4.7008
26.76,4.6531,33.788,100.1,66.769,36.635,2.6276,4.6605,199.52,55.31,-147.92,4.668
26.77,4.6195,33.795,97.346,67.694,36.933,2.6467,4.6268,202.37,55.295,-147.98,4.6346
26.78,4.5853,33.803,94.543,68.646,37.235,2.6662,4.5925,205.32,55.279,-148.05,4.6006
26.79,4.5507,33.811,91.69,69.624,37.541,2.686,4.5577,208.39,55.262,-148.13,4.5661
26.8,4.5156,33.818,88.79,70.627,37.851,2.7061,4.5225,211.57,55.245,-148.22,4.5312
26.81,4.4803,33.826,85.848,71.654,38.163,2.7264,4.4871,214.89,55.226,-148.31,4.496
26.82,4.4449,33.834,82.867,72.706,38.476,2.7468,4.4517,218.35,55.206,-148.41,4.4609
26.83,4.4098,33.841,79.853,73.778,38.79,2.7674,4.4165,221.98,55.186,-148.52,4.426
26.84,4.3752,33.849,76.811,74.871,39.104,2.788,4.3818,225.81,55.165,-148.62,4.3916
26.85,4.3412,33.857,73.752,75.982,39.416,2.8086,4.3477,229.88,55.144,-148.73,4.3579
26.86,4.308,33.864,70.681,77.108,39.726,2.8291,4.3143,234.18,55.124,-148.84,4.3249
26.87,4.2754,33.872,67.606,78.25,40.033,2.8494,4.2817,238.73,55.104,-148.94,4.2926
26.88,4.2437,33.881,64.533,79.405,40.336,2.8696,4.2499,243.5,55.084,-149.05,4.2612
26.89,4.2129,33.889,61.465,80.572,40.635,2.8896,4.2189,248.5,55.064,-149.16,4.2307
26.9,4.1828,33.897,58.408,81.749,40.93,2.9094,4.1888,253.72,55.045,-149.26,4.2009
26.91,4.1537,33.906,55.365,82.934,41.22,2.929,4.1595,259.15,55.025,-149.37,4.1721
26.92,4.1252,33.914,52.338,84.127,41.506,2.9484,4.131,264.77,55.006,-149.47,4.144
26.93,4.0975,33.923,49.329,85.325,41.787,2.9676,4.1032,270.55,54.987,-149.57,4.1167
26.94,4.0704,33.932,46.338,86.528,42.064,2.9866,4.076,276.49,54.969,-149.67,4.09
26.95,4.0438,33.94,43.364,87.733,42.338,3.0054,4.0492,282.56,54.95,-149.76,4.0637
26.96,4.0175,33.949,40.404,88.94,42.609,3.024,4.0229,288.72,54.932,-149.85,4.0379
26.97,3.9915,33.958,37.456,90.147,42.878,3.0426,3.9967,294.93,54.913,-149.94,4.0122
26.98,3.9656,33.967,34.515,91.355,43.145,3.0611,3.9707,301.19,54.895,-150.03,3.9867
26.99,3.9397,33.976,31.578,92.564,43.412,3.0796,3.9448,307.46,54.877,-150.12,3.9613
27,3.9139,33.985,28.642,93.773,43.679,3.098,3.9188,313.74,54.859,-150.21,3.9359
