21,32.126,34.911,203.86,2.5429,0.25813,-0.22628,32.147,-6.9206,14.161,-192.94,32.125
21.01,32.066,34.899,203.75,2.495,0.25121,-0.21605,32.088,-7.167,14.276,-192.51,32.065
21.02,32.008,34.887,203.63,2.4485,0.24445,-0.20606,32.03,-7.3976,14.389,-192.09,32.007
21.03,31.95,34.875,203.52,2.4032,0.23784,-0.19629,31.972,-7.6127,14.499,-191.67,31.949
21.04,31.892,34.864,203.42,2.3591,0.23139,-0.18675,31.915,-7.8123,14.608,-191.26,31.891
21.05,31.835,34.853,203.31,2.3163,0.22508,-0.17744,31.858,-7.9967,14.715,-190.85,31.834
21.06,31.779,34.842,203.22,2.2746,0.21892,-0.16834,31.802,-8.1661,14.821,-190.45,31.778
21.07,31.723,34.832,203.12,2.2342,0.21291,-0.15947,31.746,-8.3207,14.924,-190.06,31.722
21.08,31.668,34.821,203.03,2.1949,0.20704,-0.15081,31.691,-8.4605,15.026,-189.66,31.666
21.09,31.613,34.811,202.95,2.1567,0.20132,-0.14236,31.637,-8.5858,15.126,-189.27,31.612
21.1,31.559,34.801,202.87,2.1198,0.19574,-0.13413,31.583,-8.6968,15.224,-188.89,31.557
21.11,31.505,34.792,202.79,2.0839,0.1903,-0.1261,31.53,-8.7936,15.32,-188.51,31.504
21.12,31.452,34.782,202.72,2.0492,0.18499,-0.11828,31.477,-8.8764,15.415,-188.14,31.45
21.13,31.399,34.773,202.65,2.0156,0.17982,-0.11066,31.424,-8.9455,15.508,-187.77,31.398
21.14,31.347,34.764,202.58,1.983,0.17479,-0.10325,31.372,-9.0009,15.6,-187.4,31.346
21.15,31.295,34.755,202.52,1.9516,0.16989,-0.096029,31.321,-9.0428,15.689,-187.04,31.294
21.16,31.244,34.747,202.46,1.9212,0.16512,-0.089007,31.27,-9.0714,15.778,-186.68,31.243
21.17,31.193,34.738,202.4,1.8918,0.16048,-0.082177,31.219,-9.0869,15.864,-186.33,31.192
21.18,31.143,34.73,202.35,1.8635,0.15596,-0.075538,31.169,-9.0896,15.949,-185.98,31.142
21.19,31.093,34.722,202.31,1.8362,0.15158,-0.069087,31.12,-9.0794,16.033,-185.64,31.092
21.2,31.044,34.714,202.26,1.8099,0.14731,-0.062821,31.07,-9.0567,16.115,-185.3,31.042
21.21,30.995,34.707,202.22,1.7846,0.14317,-0.056738,31.022,-9.0215,16.195,-184.96,30.994
21.22,30.947,34.699,202.18,1.7603,0.13915,-0.050835,30.973,-8.9742,16.274,-184.63,30.945
21.23,30.899,34.692,202.15,1.737,0.13525,-0.045109,30.926,-8.9147,16.352,-184.3,30.897
21.24,30.851,34.685,202.12,1.7145,0.13146,-0.039558,30.878,-8.8434,16.428,-183.97,30.85
21.25,30.804,34.678,202.09,1.6931,0.12779,-0.034179,30.831,-8.7604,16.503,-183.65,30.803
21.26,30.757,34.671,202.06,1.6725,0.12424,-0.02897,30.785,-8.6659,16.576,-183.33,30.756
21.27,30.711,34.665,202.04,1.6529,0.12079,-0.023927,30.739,-8.5601,16.648,-183.02,30.71
21.28,30.665,34.659,202.02,1.6341,0.11746,-0.01905,30.693,-8.443,16.718,-182.71,30.664
21.29,30.62,34.652,202.01,1.6163,0.11423,-0.014334,30.647,-8.315,16.788,-182.4,30.618
21.3,30.575,34.646,202,1.5993,0.11111,-0.0097777,30.603,-8.1761,16.856,-182.1,30.573
21.31,30.53,34.641,201.99,1.5831,0.1081,-0.005378,30.558,-8.0266,16.922,-181.79,30.529
21.32,30.486,34.635,201.98,1.5678,0.10519,-0.0011325,30.514,-7.8667,16.988,-181.5,30.484
21.33,30.442,34.629,201.97,1.5533,0.10238,0.0029616,30.47,-7.6964,17.052,-181.2,30.44
21.34,30.398,34.624,201.97,1.5396,0.099667,0.0069067,30.427,-7.516,17.115,-180.91,30.397
21.35,30.355,34.619,201.98,1.5267,0.097055,0.010705,30.383,-7.3257,17.176,-180.62,30.354
21.36,30.312,34.614,201.98,1.5146,0.09454,0.01436,30.341,-7.1256,17.237,-180.34,30.311
21.37,30.27,34.609,201.99,1.5033,0.092119,0.017874,30.298,-6.9159,17.296,-180.06,30.269
21.38,30.228,34.604,202,1.4927,0.089791,0.021249,30.256,-6.6968,17.354,-179.78,30.226
21.39,30.186,34.6,202.01,1.4828,0.087553,0.024489,30.215,-6.4685,17.412,-179.5,30.185
21.4,30.144,34.595,202.02,1.4737,0.085406,0.027594,30.173,-6.2311,17.468,-179.23,30.143
21.41,30.103,34.591,202.04,1.4653,0.083345,0.030569,30.132,-5.9848,17.522,-178.96,30.102
21.42,30.062,34.587,202.06,1.4576,0.081371,0.033416,30.091,-5.7299,17.576,-178.69,30.061
21.43,30.022,34.583,202.08,1.4506,0.079481,0.036137,30.051,-5.4663,17.629,-178.43,30.021
21.44,29.982,34.579,202.1,1.4442,0.077673,0.038735,30.011,-5.1945,17.681,-178.17,29.981
21.45,29.942,34.575,202.13,1.4385,0.075946,0.041213,29.971,-4.9144,17.732,-177.91,29.941
21.46,29.902,34.571,202.16,1.4334,0.074297,0.043573,29.931,-4.6263,17.782,-177.65,29.901
21.47,29.863,34.568,202.19,1.429,0.072726,0.045817,29.892,-4.3305,17.831,-177.4,29.862
21.48,29.824,34.564,202.22,1.4251,0.071231,0.047949,29.853,-4.0269,17.879,-177.15,29.823
21.49,29.785,34.561,202.26,1.4219,0.069809,0.049971,29.814,-3.7159,17.926,-176.9,29.785
21.5,29.747,34.558,202.29,1.4192,0.068459,0.051885,29.776,-3.3976,17.972,-176.65,29.746
21.51,29.708,34.555,202.33,1.4171,0.067179,0.053694,29.738,-3.0721,18.017,-176.41,29.708
21.52,29.67,34.552,202.37,1.4156,0.065968,0.055401,29.7,-2.7397,18.062,-176.16,29.67
21.53,29.633,34.549,202.42,1.4146,0.064824,0.057009,29.662,-2.4005,18.105,-175.92,29.632
21.54,29.595,34.546,202.46,1.4142,0.063744,0.058519,29.624,-2.0547,18.148,-175.68,29.595
21.55,29.558,34.544,202.51,1.4142,0.062728,0.059934,29.587,-1.7025,18.19,-175.45,29.558
21.56,29.521,34.541,202.55,1.4148,0.061774,0.061258,29.55,-1.3441,18.232,-175.21,29.521
21.57,29.484,34.539,202.6,1.4158,0.060879,0.062492,29.513,-0.97958,18.272,-174.98,29.484
21.58,29.448,34.536,202.65,1.4173,0.060043,0.063639,29.477,-0.60917,18.312,-174.75,29.448
21.59,29.411,34.534,202.71,1.4193,0.059263,0.064703,29.44,-0.23303,18.351,-174.52,29.411
21.6,29.375,34.532,202.76,1.4217,0.058537,0.065684,29.404,0.14864,18.39,-174.3,29.375
21.61,29.339,34.53,202.82,1.4245,0.057865,0.066587,29.368,0.53568,18.428,-174.07,29.339
21.62,29.303,34.528,202.87,1.4278,0.057244,0.067413,29.332,0.92791,18.465,-173.85,29.304
21.63,29.268,34.526,202.93,1.4315,0.056672,0.068165,29.297,1.3252,18.502,-173.63,29.268
21.64,29.232,34.524,202.99,1.4355,0.056147,0.068847,29.261,1.7272,18.538,-173.4,29.233
21.65,29.197,34.522,203.05,1.4399,0.055669,0.069459,29.226,2.134,18.573,-173.19,29.198
21.66,29.162,34.52,203.12,1.4447,0.055235,0.070005,29.191,2.5452,18.608,-172.97,29.163
21.67,29.127,34.519,203.18,1.4498,0.054844,0.070488,29.156,2.9608,18.642,-172.75,29.128
21.68,29.092,34.517,203.24,1.4553,0.054493,0.07091,29.121,3.3805,18.676,-172.54,29.093
21.69,29.058,34.515,203.31,1.461,0.054181,0.071274,29.086,3.8041,18.71,-172.32,29.059
21.7,29.023,34.514,203.38,1.4671,0.053907,0.071582,29.052,4.2315,18.743,-172.11,29.024
21.71,28.989,34.512,203.45,1.4735,0.053668,0.071837,29.018,4.6626,18.775,-171.9,28.99
21.72,28.954,34.511,203.51,1.4801,0.053463,0.072041,28.983,5.097,18.807,-171.69,28.956
21.73,28.92,34.51,203.58,1.487,0.05329,0.072198,28.949,5.5348,18.839,-171.48,28.922
21.74,28.886,34.508,203.65,1.4941,0.053148,0.072309,28.915,5.9756,18.871,-171.27,28.888
21.75,28.852,34.507,203.73,1.5015,0.053034,0.072377,28.881,6.4193,18.902,-171.07,28.854
21.76,28.819,34.506,203.8,1.5091,0.052947,0.072405,28.847,6.8657,18.932,-170.86,28.82
21.77,28.785,34.505,203.87,1.5169,0.052885,0.072396,28.813,7.3147,18.963,-170.65,28.787
21.78,28.751,34.504,203.94,1.5249,0.052847,0.072351,28.78,7.7661,18.993,-170.45,28.753
21.79,28.718,34.503,204.02,1.533,0.05283,0.072275,28.746,8.2196,19.023,-170.24,28.72
21.8,28.684,34.502,204.09,1.5414,0.052833,0.072168,28.713,8.6752,19.052,-170.04,28.686
21.81,28.651,34.501,204.17,1.5498,0.052854,0.072034,28.679,9.1327,19.081,-169.84,28.653
21.82,28.618,34.5,204.24,1.5584,0.052892,0.071876,28.646,9.5918,19.111,-169.64,28.62
21.83,28.584,34.499,204.32,1.5671,0.052945,0.071695,28.613,10.052,19.14,-169.43,28.587
21.84,28.551,34.498,204.4,1.576,0.053011,0.071495,28.579,10.514,19.168,-169.23,28.554
21.85,28.518,34.497,204.47,1.5849,0.053088,0.071279,28.546,10.977,19.197,-169.03,28.521
21.86,28.485,34.496,204.55,1.5939,0.053174,0.071048,28.513,11.441,19.226,-168.83,28.487
21.87,28.452,34.495,204.63,1.603,0.053269,0.070805,28.48,11.906,19.254,-168.63,28.454
21.88,28.418,34.494,204.7,1.6121,0.053369,0.070553,28.446,12.372,19.282,-168.43,28.421
21.89,28.385,34.493,204.78,1.6212,0.053474,0.070295,28.413,12.838,19.311,-168.23,28.388
21.9,28.352,34.492,204.86,1.6304,0.053582,0.070032,28.38,13.304,19.339,-168.03,28.355
21.91,28.319,34.491,204.94,1.6396,0.05369,0.069769,28.347,13.77,19.367,-167.83,28.323
21.92,28.286,34.491,205.01,1.6487,0.053797,0.069507,28.314,14.236,19.396,-167.63,28.29
21.93,28.253,34.49,205.09,1.6579,0.053902,0.069248,28.281,14.702,19.424,-167.43,28.257
21.94,28.22,34.489,205.17,1.667,0.054003,0.068996,28.248,15.168,19.452,-167.23,28.224
21.95,28.187,34.488,205.24,1.6761,0.054098,0.068754,28.214,15.632,19.481,-167.03,28.191
21.96,28.154,34.487,205.32,1.6851,0.054188,0.068523,28.181,16.096,19.509,-166.83,28.157
21.97,28.12,34.486,205.4,1.6942,0.054272,0.068308,28.148,16.558,19.538,-166.63,28.124
21.98,28.087,34.485,205.48,1.7033,0.054352,0.068112,28.115,17.019,19.567,-166.43,28.091
21.99,28.054,34.484,205.56,1.7124,0.054429,0.067939,28.081,17.476,19.597,-166.22,28.058
22,28.02,34.483,205.64,1.7215,0.054504,0.067794,28.048,17.931,19.626,-166.02,28.025
22.01,27.987,34.482,205.72,1.7306,0.054579,0.067679,28.014,18.382,19.657,-165.82,27.991
22.02,27.953,34.481,205.8,1.7397,0.054654,0.0676,27.98,18.828,19.687,-165.61,27.958
22.03,27.92,34.48,205.88,1.7489,0.05473,0.067559,27.947,19.27,19.719,-165.4,27.924
22.04,27.886,34.478,205.97,1.7581,0.054809,0.067562,27.913,19.705,19.75,-165.2,27.89
22.05,27.852,34.477,206.05,1.7673,0.05489,0.06761,27.879,20.134,19.783,-164.99,27.856
22.06,27.818,34.476,206.14,1.7766,0.054975,0.067706,27.845,20.554,19.815,-164.78,27.822
22.07,27.783,34.475,206.23,1.7858,0.055065,0.067853,27.81,20.964,19.848,-164.57,27.788
22.08,27.749,34.473,206.32,1.7951,0.055165,0.068055,27.776,21.364,19.882,-164.36,27.754
22.09,27.715,34.472,206.41,1.8043,0.055278,0.068315,27.742,21.752,19.915,-164.14,27.72
22.1,27.68,34.47,206.5,1.8136,0.055406,0.068636,27.707,22.127,19.948,-163.93,27.685
22.11,27.646,34.469,206.6,1.8227,0.05555,0.069019,27.673,22.489,19.981,-163.71,27.651
22.12,27.611,34.467,206.69,1.8319,0.055709,0.069465,27.638,22.838,20.014,-163.5,27.617
22.13,27.577,34.466,206.79,1.841,0.055882,0.069973,27.604,23.173,20.046,-163.28,27.582
22.14,27.542,34.464,206.88,1.85,0.056067,0.070544,27.569,23.493,20.078,-163.07,27.548
22.15,27.508,34.463,206.98,1.8589,0.056266,0.07118,27.535,23.801,20.108,-162.85,27.514
22.16,27.474,34.462,207.08,1.8676,0.056477,0.07188,27.501,24.096,20.137,-162.64,27.48
22.17,27.44,34.461,207.18,1.8761,0.056699,0.072644,27.467,24.378,20.165,-162.43,27.446
22.18,27.407,34.459,207.28,1.8844,0.056929,0.073469,27.433,24.648,20.191,-162.22,27.412
22.19,27.373,34.459,207.38,1.8925,0.057166,0.074356,27.4,24.904,20.216,-162.01,27.379
22.2,27.341,34.458,207.48,1.9002,0.057409,0.0753,27.367,25.148,20.239,-161.81,27.346
22.21,27.308,34.457,207.58,1.9075,0.057658,0.076298,27.334,25.378,20.261,-161.6,27.314
22.22,27.276,34.457,207.68,1.9146,0.05791,0.077347,27.303,25.595,20.281,-161.41,27.282
22.23,27.245,34.457,207.78,1.9212,0.058167,0.078442,27.271,25.797,20.299,-161.21,27.251
22.24,27.215,34.457,207.88,1.9275,0.058428,0.07958,27.241,25.985,20.315,-161.03,27.221
22.25,27.185,34.458,207.98,1.9333,0.058692,0.080756,27.211,26.156,20.329,-160.84,27.191
22.26,27.156,34.459,208.08,1.9387,0.058958,0.081968,27.182,26.311,20.341,-160.67,27.162
22.27,27.128,34.46,208.18,1.9436,0.059226,0.083212,27.153,26.449,20.351,-160.5,27.134
22.28,27.101,34.461,208.28,1.948,0.059496,0.084482,27.126,26.567,20.359,-160.34,27.107
22.29,27.074,34.463,208.37,1.952,0.059768,0.085777,27.1,26.667,20.365,-160.18,27.08
22.3,27.049,34.466,208.47,1.9554,0.060043,0.087091,27.074,26.751,20.369,-160.03,27.055
22.31,27.024,34.469,208.56,1.9583,0.060321,0.088421,27.049,26.818,20.371,-159.89,27.03
22.32,27.001,34.472,208.65,1.9608,0.060603,0.089763,27.026,26.869,20.371,-159.76,27.007
22.33,26.978,34.476,208.74,1.9627,0.060891,0.091112,27.003,26.905,20.37,-159.64,26.984
22.34,26.957,34.48,208.82,1.964,0.061185,0.092466,26.981,26.929,20.366,-159.53,26.963
22.35,26.936,34.484,208.91,1.9649,0.061485,0.09382,26.96,26.944,20.361,-159.42,26.942
22.36,26.916,34.489,208.99,1.9652,0.061792,0.095172,26.94,26.952,20.354,-159.32,26.922
22.37,26.897,34.494,209.07,1.9649,0.062104,0.096521,26.921,26.956,20.346,-159.23,26.903
22.38,26.878,34.5,209.14,1.9641,0.062421,0.097866,26.902,26.957,20.335,-159.15,26.885
22.39,26.86,34.505,209.22,1.9628,0.062743,0.099208,26.884,26.959,20.324,-159.07,26.867
22.4,26.843,34.511,209.29,1.961,0.063068,0.10055,26.866,26.962,20.311,-159,26.849
22.41,26.826,34.517,209.35,1.9586,0.063397,0.10188,26.849,26.966,20.296,-158.93,26.832
22.42,26.81,34.524,209.42,1.9558,0.063728,0.1032,26.832,26.974,20.281,-158.87,26.816
22.43,26.794,34.53,209.48,1.9524,0.064062,0.10451,26.816,26.984,20.264,-158.81,26.8
22.44,26.778,34.537,209.53,1.9486,0.064395,0.10581,26.8,26.998,20.247,-158.76,26.784
22.45,26.762,34.543,209.58,1.9443,0.064725,0.1071,26.784,27.016,20.229,-158.71,26.769
22.46,26.747,34.55,209.63,1.9396,0.06505,0.10836,26.768,27.04,20.211,-158.67,26.753
22.47,26.732,34.557,209.67,1.9344,0.065365,0.10959,26.753,27.069,20.194,-158.62,26.738
22.48,26.717,34.564,209.7,1.9289,0.065669,0.11078,26.738,27.104,20.177,-158.58,26.723
22.49,26.702,34.571,209.73,1.9229,0.065956,0.11194,26.723,27.143,20.162,-158.55,26.709
22.5,26.688,34.578,209.75,1.9166,0.066223,0.11305,26.708,27.187,20.149,-158.51,26.694
22.51,26.673,34.585,209.77,1.91,0.066463,0.11411,26.692,27.234,20.137,-158.48,26.679
22.52,26.658,34.592,209.77,1.903,0.066673,0.11511,26.677,27.286,20.129,-158.45,26.664
22.53,26.643,34.599,209.78,1.8956,0.066847,0.11604,26.662,27.342,20.123,-158.41,26.65
22.54,26.629,34.606,209.77,1.888,0.066979,0.1169,26.647,27.403,20.12,-158.38,26.635
22.55,26.614,34.613,209.76,1.8799,0.067062,0.11768,26.632,27.472,20.12,-158.35,26.62
22.56,26.599,34.62,209.75,1.8714,0.067088,0.11839,26.617,27.554,20.123,-158.31,26.605
22.57,26.584,34.627,209.73,1.8625,0.067049,0.11904,26.601,27.652,20.127,-158.27,26.59
22.58,26.569,34.634,209.7,1.8531,0.06694,0.11963,26.586,27.77,20.134,-158.23,26.575
22.59,26.553,34.641,209.68,1.8432,0.066756,0.12015,26.57,27.911,20.142,-158.19,26.56
22.6,26.538,34.648,209.66,1.8329,0.066493,0.12061,26.554,28.074,20.151,-158.14,26.544
22.61,26.522,34.655,209.63,1.8221,0.066147,0.12102,26.538,28.262,20.162,-158.09,26.528
22.62,26.506,34.661,209.61,1.811,0.065711,0.12137,26.522,28.472,20.175,-158.03,26.512
22.63,26.489,34.667,209.58,1.7995,0.065181,0.12168,26.505,28.703,20.188,-157.97,26.495
22.64,26.472,34.673,209.55,1.7877,0.064552,0.12195,26.487,28.954,20.202,-157.91,26.478
22.65,26.454,34.679,209.52,1.7754,0.06382,0.12217,26.469,29.222,20.218,-157.84,26.46
22.66,26.435,34.685,209.49,1.7628,0.062986,0.12236,26.45,29.505,20.234,-157.78,26.442
22.67,26.416,34.69,209.46,1.7497,0.062053,0.12251,26.431,29.799,20.252,-157.71,26.423
22.68,26.396,34.695,209.43,1.7364,0.061024,0.12262,26.411,30.1,20.27,-157.64,26.403
22.69,26.376,34.7,209.39,1.7228,0.059907,0.12269,26.39,30.406,20.291,-157.57,26.383
22.7,26.355,34.705,209.36,1.7092,0.058708,0.12273,26.369,30.712,20.313,-157.5,26.362
22.71,26.334,34.709,209.33,1.6958,0.057437,0.12273,26.348,31.016,20.337,-157.43,26.341
22.72,26.312,34.713,209.3,1.6826,0.056102,0.12269,26.326,31.311,20.363,-157.36,26.319
22.73,26.29,34.717,209.27,1.6698,0.054711,0.12262,26.303,31.595,20.392,-157.29,26.297
22.74,26.267,34.721,209.24,1.6574,0.053266,0.12252,26.28,31.862,20.422,-157.22,26.274
22.75,26.244,34.725,209.22,1.6455,0.051774,0.12238,26.257,32.113,20.455,-157.15,26.251
22.76,26.22,34.729,209.2,1.634,0.05024,0.12222,26.233,32.35,20.49,-157.08,26.228
22.77,26.197,34.732,209.18,1.623,0.048671,0.12202,26.209,32.575,20.526,-157.01,26.204
22.78,26.173,34.736,209.17,1.6126,0.047073,0.12178,26.186,32.789,20.563,-156.95,26.181
22.79,26.15,34.739,209.15,1.6027,0.045455,0.12151,26.162,32.994,20.602,-156.88,26.157
22.8,26.127,34.743,209.14,1.5935,0.043828,0.12121,26.139,33.192,20.642,-156.83,26.134
22.81,26.104,34.747,209.13,1.5849,0.042201,0.12087,26.116,33.383,20.683,-156.77,26.111
22.82,26.081,34.751,209.12,1.5771,0.040582,0.12048,26.093,33.569,20.725,-156.72,26.089
22.83,26.059,34.755,209.11,1.57,0.038978,0.12006,26.071,33.749,20.768,-156.67,26.067
22.84,26.038,34.759,209.11,1.5639,0.037396,0.1196,26.049,33.921,20.813,-156.63,26.045
22.85,26.017,34.764,209.1,1.5586,0.035842,0.11909,26.028,34.086,20.859,-156.6,26.024
22.86,25.997,34.769,209.1,1.5543,0.034324,0.11854,26.007,34.241,20.907,-156.57,26.004
22.87,25.977,34.774,209.1,1.5511,0.032848,0.11796,25.988,34.388,20.957,-156.55,25.985
22.88,25.959,34.78,209.1,1.549,0.03142,0.11733,25.969,34.526,21.01,-156.53,25.967
22.89,25.942,34.786,209.1,1.5478,0.030046,0.11665,25.952,34.652,21.065,-156.52,25.949
22.9,25.925,34.792,209.1,1.5476,0.028731,0.11593,25.935,34.766,21.123,-156.52,25.933
22.91,25.909,34.799,209.1,1.5483,0.027477,0.11517,25.919,34.869,21.183,-156.52,25.917
22.92,25.894,34.806,209.11,1.5497,0.026289,0.11437,25.903,34.96,21.245,-156.53,25.902
22.93,25.88,34.813,209.11,1.5518,0.02517,0.11353,25.889,35.043,21.308,-156.55,25.888
22.94,25.867,34.821,209.12,1.5545,0.024123,0.11265,25.875,35.117,21.373,-156.58,25.875
22.95,25.854,34.829,209.12,1.5577,0.023152,0.11173,25.862,35.185,21.44,-156.61,25.862
22.96,25.842,34.837,209.13,1.5613,0.022258,0.11079,25.85,35.245,21.507,-156.65,25.85
22.97,25.83,34.846,209.13,1.5652,0.021446,0.10981,25.838,35.299,21.576,-156.7,25.838
22.98,25.819,34.854,209.14,1.5693,0.020717,0.1088,25.826,35.347,21.645,-156.76,25.827
22.99,25.809,34.863,209.14,1.5734,0.020072,0.10776,25.815,35.388,21.714,-156.83,25.816
23,25.798,34.872,209.15,1.5773,0.019515,0.1067,25.804,35.423,21.782,-156.9,25.806
23.01,25.788,34.881,209.15,1.5809,0.019046,0.10562,25.794,35.454,21.85,-156.98,25.796
23.02,25.778,34.89,209.16,1.584,0.018667,0.10453,25.784,35.484,21.917,-157.06,25.786
23.03,25.769,34.899,209.15,1.5863,0.018378,0.10343,25.774,35.517,21.982,-157.16,25.776
23.04,25.759,34.909,209.15,1.5876,0.018179,0.10231,25.764,35.555,22.045,-157.25,25.767
23.05,25.749,34.918,209.15,1.5879,0.01807,0.10118,25.753,35.602,22.105,-157.35,25.757
23.06,25.739,34.927,209.14,1.5868,0.018049,0.10005,25.743,35.659,22.163,-157.46,25.747
23.07,25.729,34.936,209.12,1.5844,0.018116,0.098919,25.733,35.728,22.217,-157.57,25.737
23.08,25.719,34.945,209.1,1.5805,0.018267,0.097779,25.722,35.808,22.269,-157.68,25.727
23.09,25.709,34.954,209.08,1.5751,0.018498,0.096629,25.712,35.897,22.318,-157.8,25.717
23.1,25.698,34.963,209.05,1.5683,0.018802,0.095466,25.701,35.994,22.364,-157.92,25.706
23.11,25.688,34.972,209.02,1.5601,0.019175,0.094286,25.69,36.095,22.408,-158.04,25.696
23.12,25.677,34.981,208.98,1.5506,0.019607,0.093089,25.679,36.198,22.45,-158.17,25.685
23.13,25.666,34.99,208.93,1.54,0.020092,0.091877,25.668,36.295,22.491,-158.31,25.674
23.14,25.656,34.998,208.88,1.5283,0.020623,0.090649,25.657,36.382,22.531,-158.44,25.664
23.15,25.645,35.007,208.83,1.5154,0.021192,0.089408,25.646,36.453,22.571,-158.58,25.653
23.16,25.634,35.016,208.76,1.5016,0.021793,0.088156,25.635,36.509,22.61,-158.71,25.643
23.17,25.624,35.025,208.7,1.4869,0.02242,0.086898,25.624,36.551,22.649,-158.85,25.632
23.18,25.613,35.034,208.63,1.4713,0.023066,0.085637,25.613,36.577,22.689,-159,25.621
23.19,25.602,35.043,208.55,1.455,0.023727,0.08438,25.601,36.589,22.728,-159.14,25.61
23.2,25.591,35.051,208.47,1.4381,0.024399,0.083133,25.59,36.588,22.767,-159.29,25.599
23.21,25.579,35.06,208.38,1.4207,0.025078,0.081901,25.578,36.575,22.806,-159.43,25.588
23.22,25.568,35.068,208.3,1.4031,0.025757,0.080692,25.566,36.555,22.845,-159.58,25.576
23.23,25.555,35.076,208.21,1.3855,0.026432,0.079509,25.553,36.527,22.885,-159.72,25.564
23.24,25.543,35.084,208.13,1.368,0.027104,0.078358,25.54,36.496,22.924,-159.87,25.551
23.25,25.529,35.092,208.05,1.3508,0.027771,0.077243,25.527,36.465,22.965,-160.01,25.537
23.26,25.515,35.1,207.98,1.3341,0.028432,0.076168,25.512,36.437,23.005,-160.15,25.523
23.27,25.5,35.107,207.91,1.3178,0.029085,0.075137,25.497,36.415,23.047,-160.29,25.508
23.28,25.485,35.114,207.85,1.3021,0.029726,0.074151,25.481,36.403,23.091,-160.42,25.493
23.29,25.469,35.12,207.79,1.2868,0.030353,0.073209,25.465,36.402,23.136,-160.54,25.477
23.3,25.452,35.127,207.74,1.2722,0.030965,0.072312,25.448,36.413,23.183,-160.66,25.46
23.31,25.435,35.133,207.7,1.2582,0.031559,0.071462,25.431,36.44,23.231,-160.77,25.443
23.32,25.418,35.14,207.65,1.2448,0.032134,0.070659,25.413,36.489,23.28,-160.87,25.426
23.33,25.4,35.145,207.62,1.2321,0.03269,0.069909,25.395,36.564,23.33,-160.96,25.408
23.34,25.382,35.151,207.59,1.2202,0.033223,0.069217,25.377,36.669,23.379,-161.04,25.39
23.35,25.363,35.157,207.57,1.2091,0.033732,0.068596,25.357,36.805,23.428,-161.11,25.371
23.36,25.343,35.162,207.56,1.199,0.034215,0.068054,25.337,36.972,23.474,-161.15,25.351
23.37,25.321,35.167,207.57,1.1899,0.034671,0.067602,25.316,37.167,23.518,-161.17,25.33
23.38,25.299,35.171,207.59,1.1817,0.035097,0.067246,25.293,37.387,23.559,-161.16,25.307
23.39,25.276,35.174,207.62,1.1744,0.035489,0.066987,25.269,37.625,23.595,-161.12,25.284
23.4,25.251,35.178,207.67,1.168,0.035845,0.066828,25.244,37.878,23.627,-161.06,25.259
23.41,25.224,35.18,207.73,1.1624,0.036167,0.06677,25.218,38.144,23.655,-160.98,25.233
23.42,25.197,35.182,207.81,1.1576,0.036451,0.066813,25.19,38.42,23.677,-160.87,25.205
23.43,25.168,35.184,207.91,1.1537,0.036696,0.066958,25.161,38.708,23.694,-160.75,25.176
23.44,25.137,35.185,208.02,1.1504,0.036902,0.067201,25.13,39.006,23.705,-160.61,25.146
23.45,25.105,35.185,208.15,1.1478,0.037069,0.067539,25.098,39.314,23.709,-160.46,25.114
23.46,25.072,35.185,208.29,1.1459,0.037199,0.067966,25.065,39.63,23.708,-160.29,25.081
23.47,25.038,35.185,208.44,1.1444,0.037293,0.068475,25.031,39.956,23.7,-160.12,25.046
23.48,25.002,35.184,208.61,1.1435,0.037354,0.069062,24.995,40.29,23.686,-159.93,25.011
23.49,24.965,35.182,208.8,1.143,0.03738,0.069719,24.958,40.635,23.665,-159.74,24.974
23.5,24.927,35.18,209,1.1429,0.03737,0.07044,24.92,40.99,23.638,-159.54,24.936
23.51,24.888,35.178,209.21,1.1431,0.03732,0.071219,24.881,41.353,23.606,-159.34,24.897
23.52,24.848,35.175,209.43,1.1437,0.037229,0.072053,24.841,41.725,23.568,-159.14,24.857
23.53,24.807,35.172,209.66,1.1445,0.037091,0.072937,24.8,42.105,23.525,-158.93,24.816
23.54,24.765,35.168,209.9,1.1455,0.036903,0.073865,24.759,42.497,23.477,-158.72,24.775
23.55,24.723,35.165,210.15,1.1467,0.03666,0.07483,24.716,42.9,23.424,-158.51,24.732
23.56,24.68,35.161,210.41,1.1481,0.036361,0.075826,24.673,43.319,23.369,-158.3,24.689
23.57,24.636,35.157,210.67,1.1495,0.036002,0.076848,24.63,43.757,23.31,-158.09,24.646
23.58,24.592,35.152,210.94,1.1511,0.035588,0.077891,24.585,44.215,23.248,-157.89,24.601
23.59,24.547,35.148,211.22,1.1528,0.035121,0.07895,24.541,44.691,23.184,-157.68,24.557
23.6,24.502,35.143,211.49,1.1545,0.034605,0.080017,24.495,45.183,23.119,-157.48,24.511
23.61,24.456,35.138,211.77,1.1563,0.034041,0.081082,24.45,45.687,23.053,-157.27,24.466
23.62,24.41,35.133,212.05,1.1581,0.033434,0.082131,24.404,46.197,22.988,-157.07,24.42
23.63,24.364,35.128,212.32,1.1599,0.032787,0.083154,24.358,46.711,22.925,-156.88,24.374
23.64,24.319,35.123,212.58,1.1615,0.032107,0.084137,24.313,47.224,22.865,-156.68,24.329
23.65,24.273,35.118,212.83,1.1629,0.0314,0.085071,24.268,47.736,22.808,-156.49,24.284
23.66,24.229,35.114,213.06,1.164,0.030677,0.085948,24.223,48.242,22.755,-156.31,24.239
23.67,24.185,35.11,213.29,1.165,0.029949,0.08676,24.179,48.741,22.707,-156.13,24.195
23.68,24.142,35.106,213.5,1.1658,0.029223,0.087505,24.136,49.228,22.665,-155.96,24.152
23.69,24.1,35.103,213.69,1.1667,0.028507,0.088176,24.094,49.699,22.628,-155.8,24.11
23.7,24.059,35.1,213.87,1.1678,0.027812,0.088771,24.053,50.151,22.597,-155.64,24.069
23.71,24.019,35.097,214.04,1.1691,0.027143,0.089288,24.014,50.585,22.572,-155.49,24.03
23.72,23.98,35.095,214.19,1.1706,0.026506,0.089731,23.975,51,22.554,-155.35,23.991
23.73,23.943,35.094,214.33,1.1722,0.025907,0.090099,23.938,51.396,22.542,-155.23,23.954
23.74,23.907,35.093,214.46,1.1741,0.02535,0.090394,23.902,51.775,22.536,-155.1,23.918
23.75,23.873,35.092,214.58,1.176,0.024842,0.090616,23.867,52.139,22.537,-154.99,23.884
23.76,23.84,35.093,214.69,1.1782,0.024389,0.090763,23.834,52.492,22.543,-154.89,23.851
23.77,23.808,35.093,214.79,1.1808,0.023996,0.090837,23.803,52.842,22.555,-154.8,23.819
23.78,23.778,35.095,214.88,1.1839,0.023668,0.090839,23.772,53.195,22.571,-154.72,23.789
23.79,23.748,35.096,214.96,1.1877,0.023408,0.090772,23.742,53.553,22.591,-154.65,23.759
23.8,23.719,35.098,215.04,1.1919,0.023213,0.090643,23.713,53.919,22.613,-154.6,23.73
23.81,23.691,35.1,215.11,1.1966,0.02308,0.090459,23.685,54.293,22.638,-154.55,23.702
23.82,23.663,35.103,215.17,1.2016,0.023005,0.090229,23.657,54.673,22.664,-154.51,23.674
23.83,23.636,35.105,215.23,1.2067,0.022983,0.089962,23.629,55.057,22.692,-154.49,23.647
23.84,23.609,35.108,215.29,1.2119,0.023011,0.089666,23.602,55.442,22.721,-154.47,23.62
23.85,23.582,35.111,215.34,1.2171,0.023083,0.089346,23.575,55.828,22.75,-154.46,23.593
23.86,23.555,35.113,215.38,1.2221,0.023195,0.089009,23.548,56.215,22.778,-154.46,23.567
23.87,23.528,35.116,215.42,1.2269,0.023338,0.088657,23.521,56.606,22.807,-154.47,23.54
23.88,23.501,35.119,215.46,1.2313,0.023508,0.088296,23.494,57.002,22.835,-154.48,23.513
23.89,23.474,35.122,215.5,1.2353,0.023702,0.087932,23.467,57.407,22.862,-154.51,23.486
23.9,23.447,35.124,215.54,1.2386,0.023917,0.087567,23.44,57.821,22.888,-154.54,23.459
23.91,23.42,35.127,215.58,1.2413,0.024154,0.087206,23.413,58.247,22.913,-154.58,23.432
23.92,23.393,35.13,215.62,1.2433,0.024413,0.086849,23.385,58.687,22.937,-154.63,23.405
23.93,23.365,35.132,215.66,1.2447,0.024694,0.086498,23.358,59.143,22.959,-154.68,23.377
23.94,23.337,35.135,215.7,1.2454,0.024998,0.086155,23.33,59.62,22.979,-154.74,23.349
23.95,23.309,35.137,215.74,1.2455,0.02533,0.085822,23.301,60.121,22.997,-154.81,23.321
23.96,23.28,35.139,215.79,1.2449,0.025691,0.085501,23.272,60.651,23.013,-154.89,23.292
23.97,23.251,35.141,215.84,1.2439,0.026084,0.085196,23.243,61.207,23.027,-154.97,23.263
23.98,23.221,35.143,215.89,1.2424,0.026509,0.084906,23.212,61.79,23.038,-155.05,23.233
23.99,23.19,35.144,215.95,1.2405,0.026967,0.084634,23.182,62.398,23.046,-155.15,23.203
24,23.158,35.146,216,1.238,0.027462,0.084379,23.15,63.03,23.053,-155.25,23.171
24.01,23.126,35.147,216.06,1.2349,0.027998,0.084141,23.118,63.681,23.058,-155.35,23.139
24.02,23.094,35.147,216.11,1.2312,0.028581,0.08392,23.085,64.346,23.061,-155.46,23.107
24.03,23.061,35.148,216.15,1.2267,0.029216,0.083716,23.052,65.017,23.063,-155.57,23.074
24.04,23.027,35.148,216.2,1.2215,0.029906,0.083532,23.019,65.688,23.064,-155.68,23.041
24.05,22.993,35.149,216.24,1.2159,0.030648,0.083369,22.984,66.354,23.064,-155.79,23.007
24.06,22.959,35.149,216.27,1.2099,0.031439,0.083225,22.95,67.012,23.064,-155.9,22.972
24.07,22.924,35.149,216.3,1.2037,0.032277,0.083103,22.915,67.666,23.063,-156.02,22.937
24.08,22.889,35.149,216.32,1.1976,0.033156,0.083,22.88,68.318,23.06,-156.14,22.902
24.09,22.853,35.148,216.34,1.1915,0.034075,0.082915,22.844,68.973,23.058,-156.26,22.867
24.1,22.818,35.148,216.34,1.1856,0.035029,0.082846,22.809,69.631,23.054,-156.39,22.832
24.11,22.782,35.148,216.35,1.1799,0.036018,0.082792,22.774,70.289,23.05,-156.51,22.797
24.12,22.747,35.148,216.34,1.1745,0.037042,0.082754,22.739,70.939,23.047,-156.64,22.762
24.13,22.713,35.148,216.33,1.1694,0.038099,0.082728,22.704,71.581,23.044,-156.77,22.727
24.14,22.678,35.148,216.31,1.1646,0.039193,0.082715,22.669,72.212,23.042,-156.89,22.693
24.15,22.644,35.149,216.29,1.1601,0.040327,0.082715,22.635,72.832,23.041,-157.01,22.659
24.16,22.61,35.149,216.26,1.156,0.041506,0.08273,22.601,73.439,23.042,-157.11,22.625
24.17,22.576,35.149,216.23,1.1522,0.042742,0.082762,22.567,74.03,23.045,-157.21,22.591
24.18,22.542,35.15,216.19,1.1489,0.044044,0.082813,22.533,74.599,23.049,-157.29,22.557
24.19,22.509,35.151,216.15,1.1457,0.045424,0.082882,22.5,75.137,23.055,-157.36,22.524
24.2,22.476,35.151,216.11,1.1428,0.046894,0.082967,22.467,75.636,23.062,-157.42,22.491
24.21,22.443,35.152,216.07,1.1399,0.048465,0.083069,22.434,76.095,23.07,-157.48,22.459
24.22,22.411,35.153,216.02,1.1372,0.050143,0.083185,22.402,76.515,23.079,-157.52,22.426
24.23,22.379,35.155,215.97,1.1347,0.051932,0.083312,22.369,76.897,23.089,-157.55,22.394
24.24,22.347,35.156,215.92,1.1324,0.053841,0.083446,22.338,77.243,23.1,-157.57,22.363
24.25,22.316,35.157,215.87,1.1302,0.055879,0.083579,22.306,77.557,23.111,-157.59,22.331
24.26,22.285,35.159,215.83,1.128,0.058056,0.083707,22.275,77.845,23.123,-157.59,22.3
24.27,22.254,35.16,215.78,1.126,0.060384,0.083825,22.244,78.109,23.135,-157.59,22.269
24.28,22.223,35.162,215.74,1.1239,0.062877,0.083932,22.212,78.356,23.148,-157.59,22.238
24.29,22.192,35.164,215.71,1.1218,0.065544,0.084024,22.181,78.593,23.161,-157.57,22.207
24.3,22.161,35.166,215.67,1.1195,0.068397,0.084099,22.151,78.823,23.175,-157.54,22.177
24.31,22.13,35.167,215.64,1.117,0.071454,0.084155,22.12,79.05,23.189,-157.51,22.146
24.32,22.1,35.169,215.62,1.1142,0.07473,0.084191,22.089,79.28,23.204,-157.46,22.115
24.33,22.069,35.171,215.6,1.1111,0.078257,0.08421,22.058,79.517,23.22,-157.4,22.085
24.34,22.038,35.173,215.58,1.1075,0.082082,0.084217,22.027,79.765,23.237,-157.33,22.054
24.35,22.007,35.174,215.56,1.1037,0.08625,0.084215,21.996,80.029,23.254,-157.24,22.023
24.36,21.976,35.176,215.53,1.0995,0.09081,0.084212,21.965,80.318,23.273,-157.15,21.992
24.37,21.945,35.178,215.51,1.0953,0.095811,0.084218,21.934,80.643,23.292,-157.05,21.96
24.38,21.913,35.179,215.48,1.0909,0.10131,0.084249,21.902,81.017,23.311,-156.94,21.929
24.39,21.881,35.181,215.44,1.0867,0.10737,0.084321,21.87,81.459,23.33,-156.81,21.897
24.4,21.848,35.182,215.39,1.0827,0.11405,0.084454,21.837,81.986,23.348,-156.68,21.864
24.41,21.814,35.183,215.33,1.0791,0.12141,0.084666,21.803,82.611,23.363,-156.54,21.83
24.42,21.779,35.183,215.26,1.0758,0.12952,0.084976,21.768,83.345,23.376,-156.39,21.795
24.43,21.743,35.183,215.18,1.0733,0.13841,0.085402,21.731,84.19,23.386,-156.23,21.759
24.44,21.705,35.182,215.08,1.0716,0.14815,0.085957,21.694,85.141,23.392,-156.07,21.722
24.45,21.666,35.181,214.97,1.071,0.15876,0.086654,21.655,86.192,23.394,-155.9,21.683
24.46,21.626,35.18,214.84,1.0717,0.17026,0.087497,21.615,87.331,23.393,-155.73,21.643
24.47,21.585,35.178,214.7,1.0739,0.18263,0.088483,21.573,88.543,23.389,-155.57,21.602
24.48,21.543,35.176,214.56,1.0776,0.19584,0.089606,21.531,89.812,23.383,-155.41,21.56
24.49,21.5,35.173,214.4,1.0828,0.20979,0.090852,21.488,91.121,23.376,-155.27,21.517
24.5,21.456,35.171,214.25,1.0894,0.22438,0.092197,21.445,92.453,23.368,-155.12,21.474
24.51,21.413,35.168,214.08,1.0973,0.23951,0.09362,21.402,93.801,23.361,-154.99,21.431
24.52,21.369,35.166,213.92,1.1064,0.25507,0.0951,21.358,95.157,23.355,-154.87,21.388
24.53,21.326,35.163,213.75,1.1166,0.27092,0.096614,21.314,96.518,23.351,-154.77,21.344
24.54,21.282,35.16,213.58,1.1278,0.28694,0.098145,21.271,97.877,23.348,-154.67,21.301
24.55,21.239,35.158,213.41,1.1396,0.30307,0.09968,21.228,99.23,23.346,-154.59,21.258
24.56,21.196,35.155,213.25,1.1522,0.31926,0.10121,21.185,100.58,23.345,-154.52,21.215
24.57,21.152,35.153,213.08,1.1655,0.33553,0.10273,21.141,101.91,23.345,-154.46,21.172
24.58,21.109,35.151,212.92,1.1796,0.35189,0.10424,21.098,103.23,23.347,-154.41,21.129
24.59,21.066,35.148,212.77,1.1943,0.36838,0.10573,21.055,104.54,23.351,-154.38,21.086
24.6,21.024,35.146,212.61,1.2097,0.385,0.10721,21.013,105.81,23.357,-154.35,21.044
24.61,20.982,35.144,212.46,1.2258,0.40172,0.10867,20.971,107.06,23.364,-154.34,21.002
24.62,20.94,35.143,212.31,1.2425,0.4185,0.11011,20.93,108.28,23.373,-154.33,20.961
24.63,20.9,35.141,212.16,1.2599,0.43531,0.11154,20.889,109.47,23.383,-154.33,20.92
24.64,20.859,35.14,212.01,1.2779,0.45214,0.11297,20.848,110.63,23.394,-154.32,20.88
24.65,20.818,35.139,211.87,1.2966,0.46904,0.1144,20.807,111.77,23.405,-154.32,20.839
24.66,20.778,35.137,211.73,1.316,0.48611,0.11583,20.767,112.89,23.416,-154.32,20.799
24.67,20.737,35.136,211.59,1.336,0.5034,0.11728,20.726,114.01,23.426,-154.32,20.758
24.68,20.696,35.134,211.46,1.3567,0.5209,0.11874,20.685,115.13,23.436,-154.31,20.717
24.69,20.654,35.133,211.34,1.3781,0.53859,0.1202,20.643,116.23,23.445,-154.31,20.676
24.7,20.613,35.131,211.22,1.4002,0.55649,0.12167,20.602,117.33,23.453,-154.3,20.635
24.71,20.571,35.13,211.11,1.423,0.57461,0.12315,20.56,118.43,23.462,-154.29,20.593
24.72,20.529,35.128,211,1.4465,0.59306,0.12465,20.518,119.54,23.47,-154.29,20.551
24.73,20.486,35.126,210.9,1.4706,0.61198,0.12617,20.475,120.65,23.477,-154.28,20.509
24.74,20.443,35.124,210.8,1.4954,0.63157,0.12773,20.432,121.8,23.484,-154.28,20.466
24.75,20.399,35.122,210.7,1.5208,0.65201,0.12935,20.389,122.97,23.491,-154.28,20.422
24.76,20.355,35.12,210.59,1.5467,0.67349,0.13105,20.344,124.18,23.496,-154.29,20.378
24.77,20.31,35.117,210.47,1.5732,0.69612,0.13283,20.3,125.43,23.501,-154.3,20.334
24.78,20.265,35.115,210.35,1.6002,0.72004,0.13472,20.254,126.72,23.505,-154.32,20.289
24.79,20.219,35.112,210.21,1.6278,0.7454,0.13671,20.208,128.05,23.508,-154.35,20.243
24.8,20.173,35.109,210.06,1.656,0.77243,0.13883,20.162,129.43,23.51,-154.39,20.197
24.81,20.125,35.105,209.9,1.6847,0.80132,0.1411,20.115,130.85,23.511,-154.43,20.15
24.82,20.077,35.102,209.72,1.7139,0.83226,0.14353,20.067,132.3,23.51,-154.49,20.102
24.83,20.029,35.098,209.52,1.7437,0.86535,0.14613,20.018,133.79,23.508,-154.55,20.054
24.84,19.979,35.094,209.31,1.7742,0.90066,0.14892,19.969,135.3,23.504,-154.62,20.004
24.85,19.929,35.09,209.08,1.8056,0.93826,0.1519,19.919,136.84,23.498,-154.69,19.954
24.86,19.878,35.085,208.83,1.8379,0.97814,0.15506,19.868,138.4,23.491,-154.77,19.904
24.87,19.826,35.081,208.57,1.8712,1.0203,0.15841,19.816,139.98,23.482,-154.85,19.852
24.88,19.773,35.075,208.29,1.9056,1.0645,0.16194,19.763,141.57,23.472,-154.94,19.799
24.89,19.719,35.07,208,1.941,1.1108,0.16564,19.709,143.15,23.461,-155.03,19.745
24.9,19.665,35.064,207.7,1.9773,1.1589,0.16947,19.655,144.72,23.449,-155.12,19.691
24.91,19.609,35.059,207.4,2.0146,1.2088,0.17344,19.6,146.26,23.437,-155.22,19.636
24.92,19.554,35.053,207.09,2.0527,1.2602,0.1775,19.544,147.77,23.425,-155.31,19.581
24.93,19.498,35.047,206.78,2.0916,1.3131,0.18165,19.489,149.23,23.413,-155.41,19.525
24.94,19.442,35.041,206.47,2.131,1.3673,0.18587,19.433,150.65,23.401,-155.52,19.469
24.95,19.386,35.035,206.16,2.1712,1.4229,0.19016,19.377,152.02,23.389,-155.62,19.414
24.96,19.331,35.029,205.86,2.2121,1.4798,0.1945,19.322,153.34,23.377,-155.72,19.358
24.97,19.275,35.023,205.55,2.2536,1.5379,0.19889,19.266,154.61,23.366,-155.82,19.303
24.98,19.219,35.017,205.25,2.2958,1.5971,0.20333,19.211,155.84,23.356,-155.93,19.247
24.99,19.164,35.012,204.95,2.3385,1.6573,0.2078,19.156,157.04,23.347,-156.03,19.192
25,19.109,35.006,204.66,2.3818,1.7183,0.2123,19.101,158.2,23.339,-156.13,19.137
25.01,19.055,35.001,204.38,2.4252,1.7798,0.21681,19.046,159.34,23.333,-156.22,19.083
25.02,19,34.996,204.12,2.4688,1.8416,0.22132,18.992,160.46,23.329,-156.31,19.029
25.03,18.946,34.99,203.86,2.5122,1.9036,0.22582,18.938,161.56,23.327,-156.4,18.974
25.04,18.891,34.985,203.62,2.5555,1.9657,0.2303,18.883,162.66,23.327,-156.48,18.92
25.05,18.837,34.98,203.4,2.5986,2.0279,0.23476,18.829,163.77,23.328,-156.56,18.866
25.06,18.782,34.975,203.18,2.6412,2.0901,0.23919,18.774,164.9,23.33,-156.63,18.811
25.07,18.727,34.969,202.99,2.6834,2.1518,0.24356,18.719,166.04,23.334,-156.69,18.756
25.08,18.672,34.964,202.81,2.7249,2.213,0.24785,18.664,167.21,23.338,-156.75,18.701
25.09,18.616,34.959,202.65,2.7659,2.2735,0.25205,18.609,168.39,23.344,-156.81,18.645
25.1,18.56,34.953,202.51,2.8063,2.3331,0.25616,18.552,169.59,23.351,-156.86,18.589
25.11,18.503,34.948,202.39,2.8463,2.3919,0.26017,18.496,170.79,23.358,-156.92,18.533
25.12,18.446,34.942,202.29,2.886,2.4499,0.2641,18.439,172.01,23.366,-156.97,18.476
25.13,18.388,34.936,202.21,2.9256,2.5072,0.26794,18.381,173.23,23.375,-157.02,18.418
25.14,18.33,34.93,202.15,2.9653,2.5639,0.27173,18.323,174.46,23.385,-157.07,18.36
25.15,18.27,34.924,202.1,3.0052,2.6204,0.27548,18.264,175.69,23.395,-157.11,18.301
25.16,18.21,34.917,202.06,3.0456,2.677,0.27922,18.204,176.93,23.406,-157.16,18.241
25.17,18.149,34.911,202.03,3.0867,2.7336,0.28296,18.143,178.17,23.417,-157.2,18.18
25.18,18.088,34.904,202.02,3.1284,2.7905,0.2867,18.081,179.4,23.43,-157.24,18.118
25.19,18.025,34.896,202.02,3.1709,2.8477,0.29045,18.019,180.63,23.443,-157.27,18.056
25.2,17.961,34.889,202.03,3.214,2.9052,0.29422,17.955,181.86,23.457,-157.3,17.992
25.21,17.896,34.881,202.04,3.2579,2.963,0.29798,17.891,183.09,23.471,-157.33,17.928
25.22,17.831,34.874,202.06,3.3023,3.0211,0.30175,17.825,184.33,23.485,-157.35,17.862
25.23,17.764,34.865,202.09,3.3472,3.0794,0.30553,17.759,185.58,23.499,-157.37,17.796
25.24,17.697,34.857,202.13,3.3926,3.138,0.3093,17.691,186.83,23.513,-157.39,17.728
25.25,17.628,34.848,202.17,3.4383,3.1969,0.31309,17.623,188.09,23.527,-157.41,17.66
25.26,17.559,34.84,202.21,3.4845,3.2563,0.31689,17.554,189.36,23.54,-157.42,17.59
25.27,17.488,34.831,202.26,3.5313,3.3162,0.32072,17.483,190.65,23.552,-157.43,17.52
25.28,17.417,34.821,202.3,3.5789,3.377,0.3246,17.412,191.95,23.563,-157.44,17.449
25.29,17.345,34.812,202.34,3.6273,3.4389,0.32853,17.34,193.27,23.572,-157.45,17.377
25.3,17.272,34.802,202.38,3.6767,3.502,0.33255,17.268,194.61,23.58,-157.46,17.304
25.31,17.198,34.792,202.41,3.727,3.5666,0.33666,17.194,195.97,23.586,-157.47,17.231
25.32,17.124,34.782,202.44,3.7784,3.6326,0.34088,17.12,197.36,23.59,-157.49,17.156
25.33,17.049,34.772,202.46,3.831,3.7003,0.34521,17.045,198.76,23.592,-157.5,17.082
25.34,16.974,34.762,202.48,3.8849,3.7695,0.34967,16.97,200.17,23.593,-157.52,17.006
25.35,16.898,34.752,202.49,3.9399,3.8402,0.35425,16.895,201.6,23.592,-157.54,16.931
25.36,16.822,34.742,202.51,3.9961,3.9124,0.35895,16.819,203.03,23.591,-157.57,16.855
25.37,16.745,34.731,202.52,4.0534,3.9858,0.36378,16.743,204.47,23.589,-157.59,16.779
25.38,16.669,34.721,202.54,4.1119,4.0606,0.36873,16.666,205.91,23.587,-157.62,16.702
25.39,16.592,34.711,202.55,4.1714,4.1365,0.37378,16.589,207.36,23.586,-157.66,16.625
25.4,16.515,34.701,202.57,4.232,4.2137,0.37894,16.513,208.8,23.584,-157.69,16.548
25.41,16.438,34.69,202.6,4.2937,4.292,0.38419,16.436,210.25,23.583,-157.74,16.472
25.42,16.361,34.68,202.63,4.3567,4.3717,0.38953,16.359,211.7,23.583,-157.78,16.394
25.43,16.283,34.67,202.67,4.4211,4.4528,0.39498,16.282,213.17,23.583,-157.84,16.317
25.44,16.206,34.66,202.71,4.487,4.5355,0.40055,16.204,214.65,23.583,-157.89,16.24
25.45,16.128,34.65,202.75,4.5547,4.6198,0.40624,16.127,216.13,23.583,-157.94,16.162
25.46,16.051,34.64,202.8,4.6241,4.7058,0.41204,16.05,217.63,23.583,-158,16.085
25.47,15.974,34.63,202.85,4.6954,4.7933,0.41796,15.973,219.12,23.584,-158.05,16.008
25.48,15.897,34.621,202.9,4.7686,4.8823,0.42397,15.896,220.62,23.585,-158.1,15.931
25.49,15.821,34.611,202.96,4.8439,4.9727,0.43009,15.82,222.11,23.587,-158.15,15.855
25.5,15.745,34.602,203.02,4.9212,5.0645,0.4363,15.745,223.61,23.588,-158.2,15.78
25.51,15.67,34.593,203.08,5.0008,5.1578,0.44263,15.67,225.1,23.589,-158.24,15.705
25.52,15.596,34.584,203.14,5.0826,5.2528,0.44908,15.596,226.59,23.589,-158.27,15.631
25.53,15.521,34.576,203.2,5.1668,5.3494,0.45565,15.522,228.09,23.588,-158.3,15.557
25.54,15.448,34.567,203.26,5.2535,5.4479,0.46234,15.448,229.6,23.585,-158.31,15.483
25.55,15.374,34.559,203.32,5.3426,5.5482,0.46915,15.375,231.11,23.581,-158.33,15.409
25.56,15.3,34.551,203.38,5.4341,5.6504,0.47609,15.301,232.64,23.576,-158.33,15.336
25.57,15.227,34.543,203.43,5.5281,5.7544,0.48315,15.228,234.19,23.57,-158.33,15.263
25.58,15.154,34.535,203.49,5.6245,5.86,0.49033,15.155,235.74,23.562,-158.33,15.189
25.59,15.08,34.527,203.55,5.7229,5.9672,0.49763,15.081,237.31,23.555,-158.32,15.116
25.6,15.007,34.519,203.61,5.8232,6.0757,0.50504,15.008,238.89,23.547,-158.31,15.043
25.61,14.934,34.511,203.67,5.9251,6.1854,0.51254,14.935,240.47,23.539,-158.3,14.97
25.62,14.86,34.503,203.74,6.0286,6.2961,0.52014,14.862,242.06,23.532,-158.28,14.897
25.63,14.787,34.495,203.81,6.1337,6.4078,0.52784,14.789,243.65,23.527,-158.25,14.824
25.64,14.714,34.488,203.88,6.2405,6.5205,0.53564,14.716,245.23,23.522,-158.23,14.751
25.65,14.641,34.48,203.95,6.349,6.6343,0.54355,14.643,246.8,23.519,-158.19,14.678
25.66,14.568,34.473,204.02,6.4593,6.7495,0.5516,14.57,248.36,23.517,-158.16,14.605
25.67,14.495,34.465,204.09,6.5714,6.8661,0.55979,14.497,249.92,23.516,-158.12,14.532
25.68,14.422,34.458,204.15,6.6854,6.9842,0.56813,14.424,251.48,23.516,-158.08,14.459
25.69,14.348,34.451,204.2,6.8012,7.1038,0.5766,14.351,253.04,23.517,-158.04,14.385
25.7,14.274,34.443,204.25,6.9187,7.2247,0.58519,14.277,254.62,23.518,-157.99,14.312
25.71,14.2,34.436,204.29,7.0377,7.3469,0.59389,14.203,256.22,23.52,-157.94,14.237
25.72,14.125,34.428,204.32,7.1582,7.47,0.60265,14.128,257.85,23.522,-157.89,14.162
25.73,14.05,34.421,204.34,7.28,7.5938,0.61144,14.053,259.5,23.525,-157.83,14.087
25.74,13.974,34.413,204.37,7.4031,7.7181,0.62023,13.977,261.18,23.528,-157.77,14.011
25.75,13.898,34.405,204.39,7.5275,7.8427,0.62901,13.901,262.9,23.533,-157.72,13.935
25.76,13.821,34.398,204.41,7.6534,7.9678,0.63776,13.824,264.64,23.538,-157.66,13.859
25.77,13.744,34.39,204.43,7.7806,8.0934,0.64649,13.747,266.42,23.544,-157.6,13.782
25.78,13.667,34.382,204.45,7.9092,8.2196,0.65518,13.671,268.22,23.55,-157.55,13.705
25.79,13.59,34.375,204.47,8.0389,8.3464,0.66383,13.594,270.04,23.557,-157.5,13.628
25.8,13.513,34.367,204.49,8.17,8.474,0.67245,13.517,271.89,23.564,-157.45,13.551
25.81,13.436,34.36,204.51,8.3026,8.6025,0.68104,13.44,273.76,23.57,-157.41,13.475
25.82,13.36,34.353,204.53,8.4371,8.732,0.68962,13.363,275.66,23.577,-157.37,13.398
25.83,13.283,34.346,204.54,8.5737,8.8624,0.69819,13.287,277.58,23.582,-157.33,13.322
25.84,13.207,34.339,204.56,8.7127,8.9935,0.70675,13.211,279.53,23.588,-157.31,13.246
25.85,13.132,34.332,204.58,8.8542,9.1254,0.7153,13.136,281.51,23.593,-157.29,13.17
25.86,13.057,34.325,204.6,8.9984,9.2579,0.72385,13.061,283.5,23.597,-157.28,13.095
25.87,12.982,34.319,204.62,9.1456,9.3914,0.73241,12.986,285.52,23.601,-157.28,13.021
25.88,12.908,34.313,204.64,9.2963,9.526,0.74101,12.913,287.54,23.605,-157.28,12.948
25.89,12.835,34.307,204.66,9.4507,9.6622,0.7497,12.839,289.59,23.607,-157.29,12.874
25.9,12.762,34.301,204.67,9.6094,9.8003,0.75849,12.766,291.64,23.608,-157.3,12.801
25.91,12.689,34.296,204.68,9.7726,9.9407,0.76742,12.693,293.7,23.607,-157.31,12.728
25.92,12.615,34.29,204.67,9.9404,10.084,0.77651,12.62,295.78,23.605,-157.32,12.655
25.93,12.542,34.284,204.64,10.113,10.229,0.78576,12.546,297.86,23.601,-157.34,12.582
25.94,12.468,34.279,204.6,10.29,10.377,0.79519,12.472,299.96,23.596,-157.35,12.508
25.95,12.393,34.273,204.54,10.472,10.528,0.80479,12.398,302.08,23.589,-157.35,12.433
25.96,12.318,34.267,204.45,10.658,10.682,0.81456,12.323,304.22,23.581,-157.36,12.358
25.97,12.242,34.261,204.34,10.849,10.839,0.8245,12.247,306.38,23.573,-157.37,12.283
25.98,12.166,34.256,204.2,11.044,10.999,0.83459,12.171,308.56,23.563,-157.37,12.207
25.99,12.09,34.25,204.04,11.243,11.162,0.84482,12.095,310.76,23.552,-157.38,12.13
26,12.013,34.244,203.83,11.447,11.328,0.8552,12.018,312.97,23.539,-157.38,12.054
26.01,11.936,34.238,203.59,11.656,11.499,0.86574,11.941,315.19,23.525,-157.38,11.977
26.02,11.859,34.232,203.29,11.87,11.674,0.87646,11.864,317.42,23.508,-157.37,11.9
26.03,11.781,34.226,202.95,12.089,11.853,0.88738,11.786,319.66,23.489,-157.36,11.822
26.04,11.703,34.221,202.53,12.315,12.039,0.89853,11.709,321.9,23.466,-157.35,11.745
26.05,11.626,34.215,202.05,12.546,12.23,0.90993,11.631,324.15,23.439,-157.33,11.667
26.06,11.549,34.21,201.49,12.785,12.428,0.92159,11.554,326.39,23.41,-157.32,11.59
26.07,11.472,34.204,200.85,13.03,12.632,0.9335,11.477,328.63,23.377,-157.3,11.513
26.08,11.396,34.199,200.14,13.282,12.843,0.94568,11.401,330.87,23.34,-157.28,11.437
26.09,11.32,34.194,199.34,13.542,13.061,0.9581,11.326,333.09,23.301,-157.26,11.362
26.1,11.246,34.19,198.46,13.808,13.285,0.97076,11.252,335.29,23.258,-157.25,11.288
26.11,11.174,34.185,197.5,14.083,13.515,0.98365,11.179,337.49,23.213,-157.24,11.215
26.12,11.102,34.182,196.47,14.364,13.752,0.99677,11.108,339.66,23.166,-157.23,11.144
26.13,11.033,34.178,195.36,14.655,13.995,1.0101,11.039,341.82,23.116,-157.23,11.075
26.14,10.965,34.175,194.18,14.953,14.243,1.0237,10.971,343.94,23.065,-157.23,11.007
26.15,10.899,34.173,192.93,15.261,14.498,1.0375,10.905,346.04,23.013,-157.24,10.941
26.16,10.834,34.171,191.62,15.577,14.757,1.0517,10.84,348.1,22.96,-157.25,10.877
26.17,10.771,34.169,190.25,15.903,15.021,1.066,10.776,350.14,22.907,-157.26,10.813
26.18,10.708,34.167,188.84,16.238,15.288,1.0806,10.714,352.16,22.854,-157.28,10.751
26.19,10.646,34.166,187.4,16.582,15.559,1.0954,10.652,354.18,22.803,-157.3,10.689
26.2,10.585,34.165,185.94,16.935,15.831,1.1105,10.591,356.21,22.753,-157.31,10.628
26.21,10.524,34.164,184.47,17.298,16.104,1.1258,10.53,358.25,22.706,-157.33,10.567
26.22,10.463,34.163,183.01,17.67,16.376,1.1414,10.469,360.31,22.661,-157.35,10.506
26.23,10.402,34.162,181.57,18.051,16.647,1.1572,10.407,362.41,22.62,-157.37,10.445
26.24,10.34,34.161,180.17,18.443,16.916,1.1734,10.345,364.54,22.582,-157.38,10.383
26.25,10.277,34.16,178.82,18.843,17.181,1.1898,10.282,366.72,22.548,-157.4,10.32
26.26,10.213,34.158,177.52,19.254,17.443,1.2066,10.218,368.95,22.518,-157.41,10.256
26.27,10.148,34.157,176.28,19.674,17.701,1.2236,10.153,371.23,22.493,-157.41,10.191
26.28,10.081,34.155,175.1,20.104,17.954,1.2409,10.087,373.57,22.472,-157.42,10.125
26.29,10.014,34.153,173.99,20.545,18.203,1.2586,10.019,375.97,22.455,-157.41,10.058
26.3,9.9459,34.151,172.94,20.996,18.448,1.2766,9.9512,378.44,22.445,-157.41,9.9896
26.31,9.8767,34.149,171.97,21.457,18.69,1.2949,9.882,380.99,22.439,-157.4,9.9206
26.32,9.8065,34.146,171.06,21.93,18.927,1.3136,9.8118,383.63,22.44,-157.38,9.8505
26.33,9.7352,34.144,170.22,22.414,19.16,1.3326,9.7404,386.36,22.447,-157.36,9.7792
26.34,9.6626,34.141,169.45,22.909,19.389,1.352,9.6679,389.19,22.461,-157.33,9.7068
26.35,9.589,34.138,168.73,23.415,19.617,1.3717,9.5943,392.11,22.48,-157.3,9.6333
26.36,9.5145,34.135,168.04,23.934,19.843,1.3917,9.5198,395.11,22.504,-157.27,9.559
26.37,9.4394,34.132,167.36,24.464,20.07,1.4121,9.4447,398.18,22.531,-157.23,9.484
26.38,9.3639,34.129,166.66,25.006,20.3,1.4329,9.3692,401.31,22.562,-157.18,9.4086
26.39,9.288,34.126,165.94,25.562,20.533,1.454,9.2933,404.47,22.594,-157.14,9.3329
26.4,9.2119,34.123,165.17,26.13,20.771,1.4754,9.2172,407.67,22.626,-157.09,9.2569
26.41,9.1355,34.12,164.36,26.712,21.013,1.4972,9.1409,410.9,22.659,-157.04,9.1807
26.42,9.059,34.117,163.47,27.309,21.262,1.5193,9.0643,414.17,22.69,-156.98,9.1043
26.43,8.9823,34.114,162.51,27.919,21.518,1.5418,8.9877,417.47,22.72,-156.93,9.0277
26.44,8.9055,34.111,161.47,28.545,21.78,1.5646,8.9109,420.8,22.749,-156.88,8.9511
26.45,8.8287,34.108,160.34,29.185,22.05,1.5878,8.8341,424.16,22.775,-156.84,8.8744
26.46,8.7518,34.105,159.12,29.84,22.326,1.6112,8.7571,427.58,22.799,-156.8,8.7976
26.47,8.6747,34.103,157.81,30.51,22.609,1.635,8.68,431.04,22.82,-156.76,8.7207
26.48,8.5974,34.1,156.41,31.196,22.898,1.6591,8.6028,434.58,22.84,-156.73,8.6435
26.49,8.52,34.097,154.93,31.896,23.194,1.6834,8.5254,438.19,22.859,-156.71,8.5662
26.5,8.4424,34.095,153.37,32.612,23.495,1.7079,8.4477,441.88,22.876,-156.7,8.4888
26.51,8.3645,34.093,151.73,33.343,23.802,1.7326,8.3699,445.68,22.894,-156.69,8.4111
26.52,8.2865,34.09,150.01,34.088,24.114,1.7575,8.2919,449.57,22.912,-156.7,8.3332
26.53,8.2083,34.088,148.23,34.847,24.43,1.7824,8.2137,453.56,22.93,-156.7,8.2551
26.54,8.13,34.086,146.39,35.62,24.751,1.8075,8.1353,457.64,22.949,-156.71,8.177
26.55,8.0516,34.083,144.49,36.407,25.075,1.8326,8.0569,461.8,22.968,-156.73,8.0987
26.56,7.9732,34.081,142.54,37.206,25.402,1.8577,7.9785,466.03,22.988,-156.75,8.0205
26.57,7.8949,34.079,140.53,38.019,25.733,1.8829,7.9002,470.31,23.007,-156.76,7.9424
26.58,7.8169,34.077,138.48,38.845,26.067,1.9082,7.8222,474.62,23.025,-156.78,7.8645
26.59,7.7391,34.076,136.37,39.684,26.404,1.9335,7.7444,478.95,23.042,-156.79,7.7869
26.6,7.6617,34.074,134.21,40.536,26.744,1.9589,7.667,483.28,23.057,-156.79,7.7097
26.61,7.5848,34.073,132,41.401,27.086,1.9844,7.59,487.6,23.069,-156.8,7.6329
26.62,7.5084,34.072,129.74,42.278,27.432,2.01,7.5136,491.89,23.079,-156.79,7.5567
26.63,7.4328,34.071,127.44,43.167,27.779,2.0357,7.438,496.13,23.085,-156.79,7.4812
26.64,7.3581,34.07,125.08,44.067,28.129,2.0615,7.3633,500.32,23.087,-156.78,7.4067
26.65,7.2843,34.069,122.68,44.978,28.482,2.0874,7.2894,504.46,23.084,-156.76,7.333
26.66,7.2114,34.069,120.23,45.898,28.835,2.1134,7.2165,508.57,23.079,-156.74,7.2602
26.67,7.1394,34.069,117.75,46.828,29.19,2.1395,7.1444,512.68,23.07,-156.73,7.1883
26.68,7.0682,34.069,115.25,47.764,29.544,2.1655,7.0733,516.8,23.059,-156.71,7.1173
26.69,6.998,34.069,112.73,48.708,29.899,2.1916,7.003,520.98,23.047,-156.7,7.0472
26.7,6.9287,34.07,110.2,49.658,30.252,2.2175,6.9337,525.22,23.033,-156.69,6.9781
26.71,6.8605,34.071,107.66,50.612,30.603,2.2434,6.8654,529.53,23.019,-156.69,6.91
26.72,6.7933,34.072,105.11,51.572,30.953,2.2691,6.7982,533.91,23.004,-156.7,6.843
26.73,6.7273,34.073,102.56,52.536,31.301,2.2947,6.7321,538.36,22.989,-156.71,6.7771
26.74,6.6623,34.075,100.01,53.504,31.646,2.3202,6.667,542.9,22.974,-156.72,6.7122
26.75,6.5982,34.077,97.458,54.476,31.989,2.3455,6.6029,547.52,22.959,-156.74,6.6483
26.76,6.535,34.079,94.919,55.453,32.33,2.3706,6.5397,552.23,22.944,-156.76,6.5853
26.77,6.4728,34.081,92.396,56.434,32.666,2.3955,6.4774,557.02,22.931,-156.78,6.5233
26.78,6.4113,34.084,89.894,57.419,33,2.4201,6.4159,561.9,22.918,-156.8,6.462
26.79,6.3508,34.086,87.418,58.408,33.329,2.4445,6.3553,566.85,22.907,-156.83,6.4017
26.8,6.2911,34.089,84.971,59.401,33.655,2.4685,6.2956,571.86,22.896,-156.85,6.3422
26.81,6.2323,34.092,82.556,60.397,33.977,2.4923,6.2367,576.91,22.887,-156.88,6.2837
26.82,6.1745,34.095,80.171,61.396,34.296,2.5158,6.1788,581.98,22.878,-156.9,6.226
26.83,6.1175,34.099,77.815,62.395,34.611,2.539,6.1218,587.05,22.869,-156.92,6.1692
26.84,6.0615,34.102,75.486,63.394,34.923,2.562,6.0657,592.1,22.859,-156.93,6.1135
26.85,6.0067,34.106,73.185,64.391,35.231,2.5846,6.0109,597.08,22.848,-156.94,6.0589
26.86,5.9531,34.11,70.911,65.385,35.536,2.607,5.9572,601.97,22.836,-156.95,6.0055
26.87,5.901,34.114,68.663,66.375,35.836,2.6292,5.905,606.7,22.821,-156.95,5.9536
26.88,5.8503,34.119,66.44,67.36,36.133,2.651,5.8542,611.26,22.804,-156.95,5.9031
26.89,5.801,34.123,64.241,68.341,36.427,2.6727,5.8049,615.64,22.785,-156.94,5.854
26.9,5.7532,34.128,62.063,69.317,36.717,2.6941,5.7569,619.84,22.763,-156.94,5.8063
26.91,5.7064,34.134,59.908,70.288,37.003,2.7152,5.7101,623.9,22.738,-156.93,5.7597
26.92,5.6606,34.139,57.774,71.253,37.285,2.7362,5.6642,627.85,22.709,-156.93,5.7141
26.93,5.6156,34.144,55.656,72.213,37.565,2.757,5.6191,631.75,22.678,-156.92,5.6692
26.94,5.5712,34.15,53.553,73.167,37.841,2.7777,5.5747,635.61,22.645,-156.92,5.625
26.95,5.5273,34.156,51.462,74.117,38.116,2.7982,5.5307,639.47,22.61,-156.92,5.5812
26.96,5.4835,34.161,49.378,75.064,38.389,2.8186,5.4868,643.34,22.573,-156.92,5.5376
26.97,5.4398,34.167,47.3,76.011,38.661,2.839,5.443,647.24,22.535,-156.92,5.4941
26.98,5.396,34.173,45.224,76.957,38.933,2.8594,5.3992,651.16,22.497,-156.92,5.4505
26.99,5.3521,34.179,43.149,77.904,39.206,2.8798,5.3552,655.09,22.459,-156.92,5.4067
27,5.3082,34.184,41.074,78.852,39.478,2.9002,5.3112,659.02,22.422,-156.92,5.363
