21,30.129,34.09,204.59,1.1647,0.0041958,-0.00090625,30.179,10.771,28.641,135.27,30.131
21.01,30.113,34.096,204.33,1.1676,0.004589,-0.00087112,30.164,10.732,28.603,135.31,30.116
21.02,30.098,34.103,204.07,1.1705,0.0049917,-0.00083263,30.148,10.696,28.565,135.34,30.101
21.03,30.083,34.109,203.82,1.1733,0.0054043,-0.00079063,30.133,10.66,28.526,135.37,30.086
21.04,30.068,34.116,203.56,1.176,0.0058272,-0.00074498,30.117,10.626,28.486,135.4,30.071
21.05,30.053,34.122,203.31,1.1787,0.0062607,-0.00069552,30.102,10.594,28.446,135.43,30.056
21.06,30.038,34.129,203.07,1.1813,0.0067053,-0.00064213,30.087,10.563,28.406,135.45,30.041
21.07,30.023,34.135,202.82,1.1839,0.0071612,-0.00058465,30.071,10.534,28.364,135.48,30.026
21.08,30.008,34.142,202.58,1.1865,0.007629,-0.00052295,30.056,10.506,28.323,135.5,30.011
21.09,29.993,34.149,202.34,1.1891,0.0081089,-0.00045687,30.041,10.481,28.281,135.52,29.996
21.1,29.979,34.155,202.11,1.1916,0.0086013,-0.00038627,30.026,10.457,28.238,135.54,29.981
21.11,29.964,34.162,201.88,1.1941,0.0091066,-0.00031101,30.011,10.435,28.194,135.55,29.967
21.12,29.949,34.169,201.65,1.1967,0.0096247,-0.00023093,29.996,10.415,28.151,135.57,29.952
21.13,29.935,34.176,201.43,1.1993,0.010155,-0.00014585,29.981,10.397,28.106,135.58,29.937
21.14,29.92,34.183,201.21,1.2018,0.010698,-5.5607e-05,29.966,10.38,28.062,135.59,29.923
21.15,29.905,34.189,201,1.2044,0.011253,3.9988e-05,29.951,10.366,28.017,135.6,29.908
21.16,29.891,34.196,200.79,1.2071,0.01182,0.00014111,29.936,10.355,27.971,135.6,29.893
21.17,29.876,34.203,200.59,1.2098,0.0124,0.00024794,29.921,10.346,27.926,135.61,29.879
21.18,29.861,34.209,200.39,1.2125,0.012992,0.00036066,29.906,10.339,27.879,135.61,29.864
21.19,29.846,34.216,200.2,1.2153,0.013597,0.00047945,29.89,10.335,27.832,135.6,29.849
21.2,29.831,34.223,200.01,1.2182,0.014214,0.00060448,29.875,10.335,27.785,135.6,29.834
21.21,29.816,34.229,199.83,1.2211,0.014844,0.00073592,29.859,10.337,27.737,135.59,29.819
21.22,29.801,34.236,199.66,1.2242,0.015486,0.00087394,29.844,10.343,27.688,135.58,29.803
21.23,29.785,34.242,199.49,1.2273,0.01614,0.0010187,29.828,10.352,27.639,135.56,29.788
21.24,29.769,34.248,199.33,1.2306,0.016805,0.0011703,29.812,10.365,27.59,135.54,29.772
21.25,29.753,34.255,199.18,1.234,0.01748,0.001329,29.795,10.382,27.541,135.52,29.756
21.26,29.737,34.261,199.04,1.2375,0.018162,0.0014948,29.779,10.403,27.492,135.5,29.739
21.27,29.72,34.267,198.9,1.2411,0.01885,0.0016681,29.762,10.427,27.443,135.46,29.723
21.28,29.703,34.272,198.77,1.2449,0.019542,0.0018492,29.744,10.455,27.394,135.43,29.706
21.29,29.686,34.278,198.65,1.2488,0.020234,0.0020386,29.726,10.485,27.347,135.39,29.688
21.3,29.667,34.283,198.54,1.2529,0.020923,0.0022365,29.708,10.519,27.3,135.35,29.67
21.31,29.649,34.288,198.44,1.2572,0.021608,0.0024433,29.689,10.556,27.255,135.3,29.651
21.32,29.63,34.293,198.35,1.2616,0.022284,0.0026591,29.67,10.595,27.212,135.25,29.632
21.33,29.61,34.297,198.26,1.2662,0.022947,0.0028841,29.649,10.636,27.171,135.2,29.612
21.34,29.589,34.301,198.18,1.2711,0.02359,0.0031181,29.628,10.679,27.131,135.14,29.591
21.35,29.567,34.305,198.12,1.2761,0.024211,0.0033612,29.607,10.722,27.094,135.08,29.57
21.36,29.545,34.309,198.06,1.2813,0.024805,0.0036132,29.584,10.767,27.058,135.01,29.548
21.37,29.522,34.312,198.01,1.2867,0.025368,0.0038736,29.561,10.812,27.026,134.94,29.525
21.38,29.499,34.314,197.97,1.2923,0.0259,0.0041422,29.537,10.858,26.996,134.87,29.501
21.39,29.474,34.317,197.94,1.2981,0.026403,0.0044183,29.512,10.906,26.97,134.79,29.477
21.4,29.448,34.319,197.92,1.3041,0.026882,0.0047012,29.487,10.956,26.947,134.72,29.451
21.41,29.422,34.32,197.91,1.3104,0.02734,0.0049899,29.46,11.008,26.929,134.64,29.425
21.42,29.395,34.321,197.91,1.3168,0.027777,0.0052832,29.433,11.062,26.914,134.56,29.398
21.43,29.367,34.322,197.93,1.3234,0.028194,0.0055795,29.405,11.12,26.904,134.48,29.369
21.44,29.338,34.323,197.95,1.3302,0.028593,0.0058772,29.376,11.18,26.898,134.4,29.341
21.45,29.308,34.323,197.99,1.3371,0.028975,0.0061744,29.346,11.241,26.895,134.33,29.311
21.46,29.278,34.323,198.04,1.3441,0.029338,0.0064687,29.316,11.303,26.897,134.25,29.281
21.47,29.248,34.323,198.1,1.3512,0.029681,0.0067575,29.285,11.365,26.902,134.18,29.251
21.48,29.218,34.322,198.17,1.3583,0.030001,0.0070378,29.255,11.428,26.911,134.12,29.22
21.49,29.188,34.322,198.25,1.3653,0.030293,0.0073063,29.225,11.491,26.923,134.06,29.19
21.5,29.158,34.322,198.33,1.3722,0.030553,0.0075594,29.195,11.556,26.937,134.01,29.161
21.51,29.129,34.323,198.41,1.3789,0.030777,0.0077936,29.166,11.624,26.952,133.98,29.132
21.52,29.101,34.323,198.5,1.3854,0.030959,0.0080052,29.138,11.694,26.969,133.95,29.104
21.53,29.075,34.325,198.59,1.3915,0.031096,0.0081904,29.112,11.768,26.985,133.94,29.078
21.54,29.05,34.327,198.67,1.3972,0.031181,0.008345,29.087,11.846,27.002,133.94,29.053
21.55,29.028,34.33,198.76,1.4024,0.03121,0.0084652,29.064,11.929,27.019,133.97,29.031
21.56,29.007,34.335,198.84,1.407,0.031182,0.0085514,29.044,12.017,27.034,134.01,29.01
21.57,28.989,34.34,198.91,1.4111,0.0311,0.0086063,29.025,12.109,27.047,134.07,28.992
21.58,28.973,34.346,198.98,1.4146,0.030967,0.008632,29.009,12.206,27.059,134.14,28.976
21.59,28.959,34.353,199.05,1.4176,0.030787,0.0086341,28.994,12.309,27.069,134.23,28.962
21.6,28.947,34.36,199.1,1.4201,0.030563,0.0086181,28.981,12.417,27.078,134.33,28.95
21.61,28.935,34.369,199.16,1.4221,0.030298,0.0085893,28.97,12.531,27.085,134.45,28.938
21.62,28.925,34.377,199.21,1.4237,0.029995,0.0085529,28.959,12.649,27.09,134.57,28.928
21.63,28.916,34.386,199.26,1.4247,0.029655,0.0085136,28.949,12.773,27.092,134.71,28.919
21.64,28.907,34.396,199.31,1.4254,0.029278,0.0084756,28.94,12.9,27.093,134.85,28.91
21.65,28.898,34.405,199.35,1.4257,0.028869,0.0084426,28.931,13.031,27.092,134.99,28.902
21.66,28.89,34.415,199.39,1.4257,0.028426,0.0084174,28.923,13.165,27.089,135.14,28.893
21.67,28.882,34.424,199.43,1.4253,0.027949,0.0084021,28.914,13.3,27.084,135.29,28.885
21.68,28.874,34.434,199.46,1.4247,0.027437,0.0083989,28.906,13.434,27.078,135.45,28.877
21.69,28.866,34.444,199.5,1.4238,0.026889,0.0084093,28.897,13.567,27.071,135.61,28.869
21.7,28.858,34.453,199.54,1.4227,0.026308,0.0084345,28.889,13.696,27.062,135.76,28.861
21.71,28.849,34.463,199.57,1.4214,0.025691,0.0084746,28.88,13.821,27.053,135.92,28.853
21.72,28.84,34.472,199.61,1.4199,0.025046,0.0085297,28.87,13.939,27.043,136.08,28.844
21.73,28.831,34.481,199.64,1.4182,0.024383,0.0085993,28.861,14.051,27.031,136.24,28.835
21.74,28.822,34.49,199.68,1.4164,0.023708,0.0086825,28.851,14.156,27.019,136.39,28.825
21.75,28.812,34.499,199.71,1.4145,0.023028,0.0087781,28.841,14.256,27.006,136.54,28.816
21.76,28.802,34.508,199.75,1.4125,0.022349,0.0088843,28.831,14.35,26.992,136.7,28.806
21.77,28.792,34.517,199.78,1.4104,0.021675,0.0089991,28.82,14.438,26.976,136.85,28.796
21.78,28.781,34.525,199.82,1.4084,0.02101,0.0091207,28.809,14.521,26.961,137,28.785
21.79,28.77,34.534,199.85,1.4063,0.020358,0.0092467,28.798,14.6,26.944,137.15,28.774
21.8,28.759,34.542,199.89,1.4044,0.019724,0.009374,28.786,14.674,26.928,137.29,28.762
21.81,28.747,34.55,199.93,1.4025,0.019116,0.0094992,28.773,14.745,26.911,137.44,28.75
21.82,28.734,34.558,199.97,1.4008,0.018537,0.0096184,28.76,14.813,26.895,137.58,28.738
21.83,28.721,34.565,200.01,1.3993,0.017994,0.0097281,28.747,14.879,26.88,137.72,28.725
21.84,28.708,34.572,200.06,1.3979,0.017491,0.0098253,28.733,14.943,26.865,137.86,28.711
21.85,28.693,34.579,200.11,1.3968,0.017035,0.0099082,28.718,15.005,26.852,137.99,28.697
21.86,28.678,34.586,200.16,1.3959,0.016633,0.0099764,28.703,15.067,26.84,138.12,28.682
21.87,28.662,34.592,200.22,1.3952,0.01629,0.01003,28.687,15.13,26.829,138.24,28.666
21.88,28.646,34.598,200.29,1.3948,0.016011,0.010068,28.67,15.194,26.819,138.35,28.649
21.89,28.628,34.604,200.36,1.3946,0.0158,0.010091,28.652,15.258,26.811,138.46,28.632
21.9,28.61,34.609,200.43,1.3947,0.015656,0.010098,28.634,15.323,26.803,138.55,28.614
21.91,28.591,34.614,200.52,1.3949,0.015581,0.010088,28.614,15.388,26.796,138.65,28.594
21.92,28.57,34.618,200.6,1.3954,0.015572,0.010063,28.593,15.452,26.79,138.74,28.574
21.93,28.549,34.622,200.7,1.3962,0.01563,0.010024,28.572,15.514,26.784,138.82,28.553
21.94,28.526,34.626,200.79,1.3972,0.015752,0.0099724,28.549,15.574,26.78,138.91,28.53
21.95,28.503,34.629,200.89,1.3985,0.015941,0.0099105,28.525,15.633,26.777,138.98,28.507
21.96,28.478,34.631,201,1.4001,0.016193,0.0098408,28.5,15.691,26.777,139.06,28.482
21.97,28.452,34.633,201.1,1.4019,0.01651,0.0097671,28.475,15.749,26.778,139.13,28.456
21.98,28.426,34.635,201.2,1.404,0.016887,0.0096928,28.448,15.809,26.782,139.19,28.429
21.99,28.398,34.636,201.31,1.4064,0.01732,0.0096207,28.42,15.87,26.788,139.26,28.402
22,28.369,34.637,201.41,1.409,0.017803,0.0095534,28.391,15.932,26.796,139.32,28.373
22.01,28.34,34.638,201.51,1.4118,0.018328,0.0094929,28.362,15.992,26.805,139.38,28.344
22.02,28.311,34.638,201.61,1.4146,0.018892,0.009441,28.333,16.05,26.815,139.44,28.315
22.03,28.282,34.639,201.7,1.4175,0.019488,0.0093987,28.303,16.104,26.824,139.51,28.285
22.04,28.252,34.639,201.79,1.4202,0.020116,0.0093668,28.274,16.152,26.832,139.59,28.256
22.05,28.223,34.64,201.87,1.4228,0.020777,0.0093455,28.245,16.192,26.839,139.67,28.227
22.06,28.195,34.641,201.94,1.4253,0.021472,0.0093339,28.216,16.224,26.844,139.76,28.198
22.07,28.166,34.642,202,1.4274,0.022201,0.0093304,28.187,16.246,26.848,139.86,28.17
22.08,28.139,34.643,202.06,1.4293,0.022961,0.009333,28.159,16.26,26.851,139.97,28.142
22.09,28.111,34.644,202.11,1.4308,0.023752,0.0093402,28.132,16.265,26.852,140.09,28.115
22.1,28.085,34.646,202.16,1.4319,0.024571,0.0093506,28.105,16.264,26.851,140.21,28.089
22.11,28.059,34.648,202.19,1.4325,0.025414,0.0093629,28.08,16.258,26.85,140.35,28.063
22.12,28.034,34.651,202.23,1.4326,0.026276,0.0093761,28.055,16.25,26.847,140.5,28.038
22.13,28.011,34.654,202.25,1.4322,0.027155,0.0093891,28.031,16.241,26.842,140.67,28.015
22.14,27.988,34.657,202.28,1.4314,0.028053,0.0094006,28.008,16.234,26.837,140.85,27.992
22.15,27.967,34.661,202.3,1.4301,0.028972,0.0094097,27.986,16.23,26.831,141.04,27.971
22.16,27.946,34.665,202.32,1.4284,0.029913,0.0094154,27.966,16.232,26.824,141.24,27.95
22.17,27.926,34.67,202.34,1.4264,0.030876,0.0094166,27.946,16.245,26.817,141.45,27.93
22.18,27.907,34.675,202.37,1.4239,0.031854,0.0094113,27.926,16.268,26.809,141.68,27.911
22.19,27.889,34.681,202.39,1.4211,0.03284,0.0093974,27.908,16.306,26.801,141.91,27.893
22.2,27.871,34.686,202.42,1.4179,0.033824,0.0093732,27.89,16.357,26.793,142.15,27.875
22.21,27.854,34.692,202.46,1.4144,0.034796,0.0093368,27.872,16.424,26.785,142.4,27.858
22.22,27.838,34.698,202.5,1.4106,0.035751,0.0092871,27.856,16.505,26.776,142.66,27.842
22.23,27.822,34.705,202.55,1.4067,0.036684,0.0092225,27.839,16.602,26.769,142.92,27.826
22.24,27.806,34.711,202.6,1.4028,0.037589,0.0091405,27.823,16.715,26.762,143.18,27.81
22.25,27.79,34.718,202.66,1.399,0.038461,0.0090381,27.807,16.846,26.756,143.45,27.794
22.26,27.775,34.724,202.73,1.3955,0.039297,0.0089135,27.791,16.993,26.752,143.71,27.778
22.27,27.759,34.731,202.8,1.3924,0.040096,0.0087669,27.775,17.159,26.751,143.97,27.763
22.28,27.742,34.737,202.89,1.3896,0.040871,0.0086031,27.758,17.342,26.751,144.22,27.746
22.29,27.726,34.743,202.98,1.3873,0.041626,0.008427,27.741,17.543,26.754,144.47,27.73
22.3,27.708,34.749,203.08,1.3853,0.042362,0.0082422,27.724,17.763,26.758,144.7,27.713
22.31,27.691,34.755,203.18,1.3836,0.043072,0.0080519,27.706,17.998,26.764,144.93,27.695
22.32,27.672,34.76,203.29,1.3823,0.043747,0.0078593,27.687,18.247,26.771,145.16,27.677
22.33,27.653,34.765,203.4,1.3811,0.044374,0.0076679,27.668,18.506,26.78,145.37,27.658
22.34,27.634,34.77,203.52,1.3803,0.044936,0.0074809,27.648,18.772,26.79,145.58,27.638
22.35,27.613,34.774,203.64,1.3796,0.045415,0.0073016,27.627,19.04,26.801,145.77,27.618
22.36,27.592,34.779,203.76,1.379,0.045791,0.0071332,27.606,19.306,26.812,145.96,27.597
22.37,27.57,34.783,203.89,1.3785,0.046049,0.0069788,27.584,19.565,26.825,146.14,27.575
22.38,27.548,34.786,204.01,1.3781,0.046177,0.0068413,27.561,19.815,26.838,146.31,27.552
22.39,27.525,34.79,204.13,1.3776,0.046163,0.0067226,27.538,20.057,26.853,146.46,27.529
22.4,27.501,34.793,204.26,1.377,0.045991,0.0066243,27.514,20.288,26.868,146.61,27.505
22.41,27.476,34.795,204.38,1.3763,0.045647,0.0065476,27.489,20.51,26.884,146.74,27.48
22.42,27.45,34.797,204.51,1.3755,0.045136,0.0064933,27.463,20.722,26.901,146.86,27.455
22.43,27.423,34.799,204.63,1.3747,0.044476,0.0064622,27.436,20.927,26.919,146.97,27.428
22.44,27.396,34.801,204.76,1.3739,0.043684,0.0064549,27.408,21.125,26.938,147.06,27.401
22.45,27.368,34.802,204.89,1.373,0.04278,0.006472,27.38,21.316,26.956,147.14,27.373
22.46,27.338,34.803,205.01,1.372,0.041776,0.0065134,27.351,21.498,26.976,147.2,27.343
22.47,27.308,34.803,205.13,1.371,0.040685,0.0065792,27.32,21.67,26.995,147.25,27.313
22.48,27.277,34.803,205.25,1.37,0.039528,0.0066701,27.289,21.83,27.014,147.27,27.282
22.49,27.245,34.803,205.37,1.3689,0.038318,0.0067865,27.257,21.976,27.034,147.28,27.25
22.5,27.212,34.802,205.49,1.3677,0.037066,0.0069292,27.224,22.107,27.053,147.27,27.218
22.51,27.179,34.801,205.6,1.3665,0.03578,0.0070981,27.191,22.223,27.073,147.25,27.184
22.52,27.146,34.8,205.71,1.3654,0.034468,0.0072938,27.158,22.325,27.092,147.21,27.151
22.53,27.112,34.799,205.82,1.3643,0.033134,0.0075173,27.124,22.412,27.111,147.17,27.117
22.54,27.078,34.798,205.93,1.3632,0.031782,0.0077706,27.089,22.487,27.129,147.11,27.083
22.55,27.043,34.797,206.03,1.3622,0.030417,0.0080547,27.055,22.549,27.146,147.04,27.049
22.56,27.009,34.795,206.13,1.3612,0.02904,0.0083696,27.021,22.601,27.16,146.97,27.014
22.57,26.975,34.794,206.22,1.3604,0.027652,0.0087147,26.987,22.642,27.172,146.89,26.981
22.58,26.942,34.793,206.31,1.3598,0.026253,0.0090884,26.954,22.67,27.182,146.8,26.947
22.59,26.909,34.793,206.39,1.3593,0.024843,0.0094883,26.921,22.684,27.191,146.72,26.915
22.6,26.878,34.793,206.47,1.359,0.023421,0.0099118,26.889,22.685,27.197,146.63,26.883
22.61,26.847,34.793,206.55,1.3589,0.021981,0.010356,26.858,22.671,27.2,146.55,26.852
22.62,26.817,34.793,206.62,1.359,0.02052,0.010816,26.829,22.641,27.201,146.47,26.822
22.63,26.788,34.794,206.68,1.3592,0.019034,0.011287,26.8,22.594,27.199,146.39,26.794
22.64,26.761,34.796,206.73,1.3595,0.017523,0.011763,26.772,22.527,27.195,146.31,26.766
22.65,26.734,34.798,206.78,1.3598,0.015989,0.012239,26.746,22.44,27.189,146.23,26.74
22.66,26.709,34.8,206.82,1.3602,0.014435,0.012711,26.72,22.334,27.18,146.16,26.714
22.67,26.684,34.803,206.86,1.3605,0.012869,0.013176,26.695,22.21,27.17,146.07,26.69
22.68,26.661,34.806,206.89,1.3608,0.011298,0.013633,26.671,22.07,27.159,145.99,26.666
22.69,26.638,34.81,206.91,1.3609,0.0097359,0.014078,26.648,21.918,27.147,145.89,26.643
22.7,26.615,34.814,206.94,1.361,0.0082143,0.014507,26.625,21.76,27.134,145.79,26.62
22.71,26.593,34.818,206.97,1.361,0.0067702,0.014919,26.603,21.6,27.12,145.68,26.598
22.72,26.571,34.822,206.99,1.3612,0.0054519,0.015313,26.581,21.445,27.107,145.55,26.576
22.73,26.548,34.825,207.02,1.3615,0.0043244,0.015692,26.558,21.303,27.095,145.41,26.553
22.74,26.526,34.829,207.05,1.3623,0.0034558,0.01606,26.535,21.178,27.084,145.25,26.53
22.75,26.502,34.833,207.08,1.3635,0.002924,0.016423,26.511,21.077,27.075,145.07,26.507
22.76,26.478,34.836,207.12,1.3655,0.0028124,0.016785,26.487,21.002,27.067,144.87,26.483
22.77,26.453,34.839,207.16,1.3682,0.0032066,0.017149,26.462,20.958,27.063,144.65,26.457
22.78,26.426,34.841,207.21,1.3719,0.0041994,0.017515,26.435,20.943,27.06,144.41,26.431
22.79,26.398,34.842,207.27,1.3767,0.0059002,0.017882,26.407,20.956,27.06,144.15,26.403
22.8,26.369,34.844,207.34,1.3828,0.0084402,0.018246,26.377,20.992,27.062,143.89,26.373
22.81,26.338,34.844,207.42,1.3902,0.011967,0.018606,26.346,21.049,27.065,143.62,26.342
22.82,26.305,34.844,207.51,1.3991,0.016634,0.018958,26.314,21.127,27.069,143.35,26.31
22.83,26.271,34.843,207.6,1.4098,0.022599,0.019301,26.279,21.226,27.074,143.1,26.276
22.84,26.235,34.842,207.7,1.4222,0.030025,0.019636,26.243,21.348,27.079,142.86,26.24
22.85,26.197,34.84,207.8,1.4367,0.039084,0.019966,26.205,21.497,27.082,142.65,26.202
22.86,26.157,34.837,207.91,1.4533,0.049949,0.020305,26.165,21.673,27.084,142.45,26.162
22.87,26.115,34.833,208.02,1.4723,0.062791,0.020668,26.123,21.877,27.084,142.28,26.12
22.88,26.071,34.828,208.13,1.4938,0.07777,0.021071,26.079,22.107,27.081,142.12,26.076
22.89,26.025,34.823,208.24,1.518,0.09503,0.021527,26.033,22.355,27.075,141.98,26.03
22.9,25.977,34.817,208.34,1.5451,0.11471,0.022047,25.985,22.616,27.066,141.86,25.982
22.91,25.927,34.81,208.45,1.5753,0.13692,0.022642,25.936,22.887,27.054,141.74,25.932
22.92,25.876,34.803,208.56,1.6086,0.16177,0.02332,25.885,23.165,27.039,141.64,25.881
22.93,25.824,34.796,208.66,1.6452,0.18933,0.024084,25.833,23.449,27.021,141.56,25.829
22.94,25.77,34.788,208.77,1.6853,0.21963,0.024943,25.779,23.737,27.001,141.48,25.775
22.95,25.715,34.78,208.87,1.7289,0.25267,0.025907,25.724,24.025,26.978,141.41,25.721
22.96,25.659,34.771,208.98,1.7759,0.28841,0.026979,25.669,24.313,26.953,141.35,25.665
22.97,25.602,34.762,209.1,1.8265,0.32674,0.028164,25.612,24.601,26.925,141.27,25.608
22.98,25.545,34.753,209.21,1.8802,0.36745,0.029462,25.554,24.892,26.896,141.19,25.55
22.99,25.486,34.744,209.34,1.9368,0.41023,0.030863,25.496,25.184,26.866,141.11,25.492
23,25.428,34.735,209.46,1.9956,0.45463,0.03235,25.438,25.477,26.834,141.02,25.434
23.01,25.37,34.726,209.59,2.0559,0.50013,0.033907,25.38,25.773,26.801,140.93,25.376
23.02,25.313,34.717,209.71,2.1168,0.54613,0.035515,25.324,26.068,26.767,140.84,25.319
23.03,25.258,34.709,209.82,2.1773,0.59194,0.037148,25.268,26.361,26.731,140.75,25.264
23.04,25.204,34.702,209.94,2.2366,0.63676,0.03878,25.214,26.653,26.695,140.67,25.21
23.05,25.152,34.696,210.04,2.2933,0.67968,0.040378,25.163,26.943,26.657,140.61,25.158
23.06,25.104,34.69,210.13,2.3463,0.71977,0.041909,25.114,27.234,26.618,140.56,25.11
23.07,25.058,34.686,210.22,2.3944,0.75637,0.043354,25.069,27.526,26.578,140.51,25.064
23.08,25.016,34.683,210.29,2.4371,0.78896,0.0447,25.027,27.821,26.537,140.47,25.022
23.09,24.978,34.682,210.35,2.4734,0.81684,0.045926,24.988,28.118,26.496,140.43,24.984
23.1,24.943,34.682,210.41,2.5022,0.83917,0.047003,24.953,28.419,26.455,140.4,24.949
23.11,24.912,34.683,210.45,2.5233,0.85564,0.047926,24.922,28.72,26.414,140.36,24.918
23.12,24.885,34.685,210.48,2.5375,0.86685,0.048718,24.895,29.018,26.375,140.32,24.891
23.13,24.86,34.689,210.49,2.5454,0.87338,0.0494,24.87,29.307,26.338,140.28,24.866
23.14,24.838,34.693,210.5,2.5473,0.87554,0.049981,24.848,29.584,26.305,140.25,24.845
23.15,24.819,34.698,210.5,2.5435,0.87332,0.050454,24.828,29.846,26.273,140.22,24.825
23.16,24.802,34.704,210.5,2.5343,0.86681,0.050818,24.811,30.093,26.245,140.19,24.808
23.17,24.787,34.711,210.49,2.5203,0.8565,0.051075,24.795,30.325,26.218,140.17,24.793
23.18,24.773,34.718,210.48,2.502,0.84275,0.051222,24.782,30.541,26.193,140.15,24.78
23.19,24.761,34.726,210.48,2.4796,0.82573,0.051243,24.769,30.74,26.171,140.14,24.768
23.2,24.75,34.734,210.47,2.4531,0.80545,0.051118,24.758,30.924,26.15,140.13,24.757
23.21,24.74,34.743,210.47,2.4221,0.78172,0.050817,24.748,31.094,26.131,140.12,24.747
23.22,24.732,34.752,210.47,2.3865,0.75442,0.05032,24.739,31.249,26.114,140.12,24.738
23.23,24.724,34.761,210.48,2.3463,0.72351,0.049613,24.731,31.389,26.1,140.13,24.73
23.24,24.717,34.77,210.49,2.3013,0.68896,0.048688,24.723,31.514,26.088,140.16,24.723
23.25,24.71,34.779,210.51,2.2525,0.65139,0.047561,24.716,31.626,26.077,140.2,24.717
23.26,24.703,34.789,210.53,2.201,0.61195,0.046275,24.709,31.73,26.068,140.27,24.709
23.27,24.695,34.797,210.56,2.1481,0.57155,0.044866,24.7,31.83,26.061,140.37,24.701
23.28,24.685,34.806,210.6,2.0945,0.53088,0.043368,24.691,31.93,26.054,140.5,24.692
23.29,24.675,34.813,210.65,2.041,0.49041,0.041805,24.68,32.036,26.049,140.65,24.682
23.3,24.663,34.821,210.7,1.9879,0.45041,0.040195,24.668,32.152,26.045,140.81,24.67
23.31,24.649,34.827,210.76,1.9355,0.41115,0.038561,24.654,32.28,26.042,140.98,24.656
23.32,24.634,34.833,210.82,1.8846,0.37313,0.036933,24.639,32.42,26.041,141.15,24.641
23.33,24.617,34.839,210.89,1.8358,0.33675,0.035341,24.622,32.576,26.04,141.3,24.624
23.34,24.599,34.843,210.96,1.7893,0.3024,0.033815,24.603,32.751,26.042,141.44,24.606
23.35,24.579,34.848,211.03,1.7456,0.27034,0.03238,24.583,32.952,26.045,141.56,24.586
23.36,24.557,34.851,211.11,1.705,0.24082,0.031056,24.561,33.183,26.05,141.66,24.564
23.37,24.533,34.854,211.19,1.6676,0.21394,0.02986,24.538,33.45,26.057,141.72,24.541
23.38,24.508,34.857,211.28,1.6335,0.18975,0.028803,24.512,33.756,26.067,141.74,24.515
23.39,24.481,34.859,211.37,1.6026,0.16826,0.027894,24.485,34.103,26.079,141.72,24.488
23.4,24.452,34.86,211.46,1.5751,0.14944,0.027139,24.456,34.49,26.095,141.66,24.459
23.41,24.421,34.86,211.55,1.5508,0.13322,0.026537,24.425,34.91,26.113,141.55,24.429
23.42,24.389,34.86,211.66,1.5296,0.11955,0.026088,24.392,35.356,26.135,141.41,24.396
23.43,24.354,34.86,211.76,1.5115,0.10833,0.025787,24.358,35.82,26.16,141.23,24.362
23.44,24.319,34.858,211.87,1.4962,0.099446,0.025626,24.323,36.297,26.187,141.02,24.326
23.45,24.282,34.857,211.97,1.4836,0.092757,0.025595,24.286,36.779,26.215,140.79,24.29
23.46,24.245,34.855,212.09,1.4737,0.088083,0.025676,24.249,37.262,26.244,140.56,24.253
23.47,24.208,34.854,212.2,1.4663,0.085223,0.025852,24.211,37.741,26.273,140.33,24.216
23.48,24.17,34.852,212.31,1.4613,0.08397,0.026108,24.174,38.214,26.302,140.11,24.178
23.49,24.132,34.85,212.42,1.4584,0.084103,0.026425,24.136,38.682,26.331,139.91,24.14
23.5,24.094,34.849,212.53,1.4576,0.085391,0.026784,24.098,39.145,26.359,139.71,24.103
23.51,24.057,34.847,212.64,1.4584,0.087601,0.027164,24.061,39.601,26.387,139.53,24.065
23.52,24.019,34.846,212.75,1.4608,0.090549,0.027557,24.023,40.049,26.414,139.35,24.028
23.53,23.982,34.844,212.86,1.4644,0.094068,0.027962,23.986,40.488,26.44,139.18,23.991
23.54,23.945,34.843,212.97,1.4691,0.098004,0.028373,23.949,40.921,26.465,138.99,23.954
23.55,23.908,34.842,213.09,1.4747,0.10221,0.028785,23.912,41.346,26.488,138.8,23.917
23.56,23.872,34.841,213.21,1.4809,0.10661,0.029193,23.875,41.766,26.509,138.6,23.88
23.57,23.835,34.84,213.33,1.4876,0.11113,0.029589,23.839,42.183,26.527,138.38,23.844
23.58,23.799,34.84,213.46,1.4946,0.11568,0.02997,23.803,42.603,26.543,138.14,23.808
23.59,23.763,34.839,213.59,1.5017,0.12017,0.030333,23.766,43.029,26.555,137.87,23.772
23.6,23.727,34.838,213.73,1.5088,0.12452,0.030676,23.73,43.466,26.565,137.56,23.736
23.61,23.69,34.838,213.87,1.5156,0.12866,0.030998,23.694,43.922,26.571,137.2,23.7
23.62,23.654,34.837,214.03,1.5222,0.13254,0.0313,23.657,44.4,26.573,136.79,23.663
23.63,23.617,34.836,214.18,1.5284,0.13614,0.031588,23.62,44.9,26.572,136.33,23.626
23.64,23.579,34.835,214.34,1.5343,0.1395,0.031877,23.582,45.427,26.567,135.81,23.588
23.65,23.54,34.833,214.51,1.5399,0.14266,0.032178,23.543,45.984,26.558,135.24,23.549
23.66,23.5,34.831,214.68,1.5452,0.14562,0.032499,23.503,46.567,26.547,134.61,23.51
23.67,23.459,34.829,214.84,1.5501,0.1483,0.032836,23.462,47.171,26.535,133.94,23.469
23.68,23.418,34.826,215.01,1.5547,0.15065,0.033183,23.421,47.788,26.522,133.24,23.427
23.69,23.375,34.823,215.18,1.5589,0.15262,0.033531,23.379,48.412,26.508,132.54,23.385
23.7,23.333,34.82,215.33,1.5628,0.1542,0.033867,23.336,49.038,26.495,131.88,23.343
23.71,23.291,34.817,215.48,1.5664,0.15545,0.034173,23.294,49.657,26.482,131.26,23.301
23.72,23.249,34.815,215.62,1.5698,0.15642,0.034435,23.252,50.26,26.468,130.71,23.259
23.73,23.208,34.812,215.74,1.5731,0.15714,0.034651,23.211,50.832,26.455,130.2,23.218
23.74,23.168,34.81,215.86,1.5762,0.15764,0.034814,23.171,51.363,26.44,129.75,23.178
23.75,23.128,34.808,215.96,1.5793,0.15792,0.034926,23.132,51.848,26.425,129.35,23.139
23.76,23.09,34.807,216.05,1.5822,0.15799,0.034992,23.093,52.282,26.409,129,23.101
23.77,23.053,34.806,216.13,1.5851,0.1579,0.035028,23.056,52.662,26.391,128.68,23.063
23.78,23.016,34.805,216.21,1.588,0.15769,0.03505,23.019,52.987,26.371,128.39,23.027
23.79,22.98,34.804,216.29,1.5911,0.1574,0.035075,22.983,53.254,26.351,128.1,22.991
23.8,22.944,34.803,216.37,1.5942,0.15707,0.035118,22.947,53.464,26.329,127.79,22.955
23.81,22.908,34.803,216.45,1.5974,0.15673,0.035191,22.912,53.621,26.307,127.46,22.919
23.82,22.873,34.803,216.53,1.6007,0.1564,0.0353,22.876,53.731,26.285,127.1,22.884
23.83,22.838,34.802,216.62,1.604,0.1561,0.035452,22.841,53.796,26.264,126.69,22.849
23.84,22.803,34.802,216.7,1.6073,0.1559,0.035656,22.806,53.819,26.244,126.25,22.814
23.85,22.768,34.802,216.78,1.6107,0.15583,0.03592,22.771,53.805,26.225,125.75,22.779
23.86,22.734,34.802,216.87,1.6141,0.15588,0.036237,22.737,53.761,26.208,125.2,22.745
23.87,22.699,34.802,216.95,1.6173,0.156,0.036597,22.702,53.697,26.194,124.59,22.71
23.88,22.665,34.803,217.03,1.6202,0.15617,0.03698,22.668,53.624,26.182,123.94,22.676
23.89,22.632,34.803,217.12,1.6226,0.15641,0.037364,22.634,53.551,26.173,123.25,22.643
23.9,22.599,34.804,217.21,1.6245,0.15676,0.037727,22.601,53.488,26.166,122.53,22.609
23.91,22.566,34.805,217.29,1.626,0.15726,0.038056,22.569,53.442,26.161,121.8,22.577
23.92,22.534,34.806,217.38,1.6269,0.15791,0.038339,22.537,53.419,26.158,121.06,22.545
23.93,22.504,34.807,217.46,1.6274,0.15872,0.038567,22.506,53.422,26.157,120.32,22.514
23.94,22.474,34.809,217.54,1.6275,0.1598,0.038745,22.476,53.456,26.157,119.6,22.484
23.95,22.445,34.812,217.61,1.6278,0.16142,0.038887,22.447,53.532,26.158,118.92,22.455
23.96,22.417,34.814,217.68,1.6286,0.16379,0.039016,22.419,53.651,26.161,118.28,22.427
23.97,22.389,34.817,217.74,1.6303,0.16716,0.03917,22.391,53.816,26.166,117.66,22.4
23.98,22.361,34.82,217.79,1.6334,0.17168,0.03938,22.363,54.027,26.174,117.02,22.372
23.99,22.333,34.822,217.84,1.6381,0.17744,0.039665,22.335,54.283,26.185,116.36,22.344
24,22.304,34.825,217.89,1.6447,0.18452,0.040042,22.306,54.578,26.198,115.66,22.315
24.01,22.275,34.827,217.93,1.6535,0.19297,0.040531,22.277,54.904,26.215,114.91,22.286
24.02,22.245,34.829,217.96,1.6645,0.20278,0.041142,22.246,55.247,26.236,114.12,22.256
24.03,22.214,34.831,217.99,1.6774,0.21384,0.041868,22.215,55.6,26.26,113.34,22.225
24.04,22.183,34.832,218.02,1.6921,0.22594,0.042689,22.184,55.96,26.287,112.59,22.194
24.05,22.151,34.833,218.03,1.7081,0.23881,0.043577,22.152,56.32,26.318,111.96,22.162
24.06,22.119,34.835,218.04,1.7251,0.25215,0.044509,22.12,56.678,26.351,111.47,22.13
24.07,22.086,34.836,218.04,1.7427,0.26573,0.045483,22.087,57.029,26.387,111.12,22.098
24.08,22.054,34.837,218.03,1.7606,0.27942,0.046498,22.054,57.374,26.426,110.9,22.065
24.09,22.021,34.838,218.01,1.7787,0.29316,0.04755,22.021,57.719,26.466,110.8,22.032
24.1,21.987,34.838,217.97,1.797,0.3069,0.048628,21.988,58.073,26.507,110.82,21.999
24.11,21.953,34.839,217.92,1.8155,0.32055,0.049711,21.954,58.45,26.548,110.98,21.965
24.12,21.919,34.839,217.86,1.8341,0.33397,0.050775,21.92,58.865,26.589,111.28,21.931
24.13,21.885,34.84,217.8,1.8528,0.34709,0.051802,21.886,59.331,26.628,111.71,21.897
24.14,21.851,34.84,217.73,1.872,0.36002,0.052776,21.851,59.852,26.665,112.28,21.863
24.15,21.816,34.841,217.66,1.8917,0.3728,0.053679,21.817,60.434,26.699,112.99,21.828
24.16,21.782,34.841,217.59,1.912,0.38541,0.054494,21.782,61.073,26.729,113.83,21.794
24.17,21.746,34.841,217.52,1.9328,0.39769,0.055206,21.746,61.759,26.757,114.79,21.758
24.18,21.71,34.841,217.47,1.9543,0.40945,0.055802,21.71,62.48,26.783,115.87,21.722
24.19,21.673,34.841,217.43,1.976,0.4205,0.056277,21.673,63.227,26.807,117.07,21.686
24.2,21.635,34.841,217.41,1.998,0.43075,0.056642,21.635,63.979,26.83,118.34,21.648
24.21,21.597,34.84,217.4,2.0198,0.44004,0.056904,21.596,64.706,26.852,119.62,21.609
24.22,21.556,34.839,217.43,2.0412,0.44825,0.057075,21.556,65.38,26.875,120.86,21.569
24.23,21.515,34.837,217.48,2.0621,0.4555,0.057184,21.515,65.991,26.898,121.99,21.528
24.24,21.472,34.835,217.56,2.0824,0.46195,0.05727,21.472,66.535,26.923,122.99,21.485
24.25,21.428,34.832,217.65,2.102,0.46778,0.057375,21.428,67.013,26.949,123.82,21.441
24.26,21.383,34.829,217.76,2.1207,0.47304,0.057523,21.383,67.429,26.977,124.47,21.396
24.27,21.336,34.826,217.88,2.138,0.47766,0.057721,21.336,67.792,27.008,124.95,21.349
24.28,21.289,34.822,218,2.154,0.48167,0.057981,21.289,68.116,27.039,125.25,21.302
24.29,21.242,34.818,218.13,2.1687,0.48521,0.058308,21.242,68.417,27.071,125.39,21.255
24.3,21.194,34.814,218.25,2.1821,0.48829,0.058699,21.194,68.708,27.103,125.39,21.207
24.31,21.146,34.81,218.37,2.1942,0.49085,0.059144,21.146,69.01,27.132,125.23,21.159
24.32,21.098,34.806,218.49,2.2049,0.4929,0.059632,21.098,69.339,27.158,124.94,21.111
24.33,21.051,34.803,218.61,2.2141,0.49438,0.06014,21.051,69.708,27.179,124.54,21.064
24.34,21.004,34.799,218.72,2.2219,0.49527,0.060648,21.004,70.119,27.195,124.05,21.017
24.35,20.958,34.796,218.83,2.2288,0.49581,0.06117,20.958,70.575,27.205,123.49,20.971
24.36,20.912,34.793,218.94,2.2353,0.49637,0.061738,20.913,71.086,27.208,122.87,20.926
24.37,20.867,34.79,219.04,2.2418,0.49712,0.062371,20.867,71.652,27.206,122.2,20.881
24.38,20.821,34.787,219.15,2.2484,0.49809,0.063081,20.822,72.262,27.2,121.46,20.835
24.39,20.776,34.784,219.27,2.2552,0.49931,0.063882,20.776,72.908,27.191,120.66,20.79
24.4,20.73,34.781,219.38,2.2619,0.50074,0.064769,20.73,73.595,27.18,119.79,20.744
24.41,20.683,34.778,219.51,2.2681,0.50218,0.065707,20.684,74.333,27.168,118.89,20.698
24.42,20.638,34.775,219.63,2.2733,0.50359,0.066651,20.638,75.138,27.157,118,20.652
24.43,20.592,34.773,219.73,2.2772,0.50524,0.067569,20.593,76.025,27.148,117.17,20.607
24.44,20.548,34.77,219.83,2.28,0.50748,0.06844,20.549,76.999,27.142,116.44,20.563
24.45,20.506,34.769,219.9,2.2817,0.51071,0.069255,20.507,78.055,27.139,115.86,20.521
24.46,20.465,34.767,219.95,2.2829,0.51526,0.070025,20.466,79.174,27.14,115.42,20.48
24.47,20.426,34.767,219.97,2.2841,0.52127,0.070776,20.426,80.328,27.143,115.12,20.441
24.48,20.387,34.766,219.99,2.2857,0.52899,0.071542,20.387,81.486,27.149,114.93,20.402
24.49,20.349,34.766,219.99,2.2883,0.5386,0.072358,20.349,82.63,27.157,114.84,20.364
24.5,20.311,34.766,219.98,2.2924,0.55013,0.073242,20.311,83.744,27.166,114.84,20.326
24.51,20.273,34.766,219.96,2.2983,0.56353,0.074221,20.273,84.802,27.175,114.91,20.288
24.52,20.234,34.765,219.94,2.306,0.57856,0.075324,20.234,85.781,27.185,114.97,20.25
24.53,20.194,34.765,219.92,2.3155,0.59473,0.076557,20.194,86.662,27.195,115,20.21
24.54,20.153,34.764,219.92,2.3266,0.61153,0.077906,20.153,87.44,27.206,114.96,20.169
24.55,20.111,34.762,219.93,2.3387,0.62852,0.079349,20.111,88.118,27.218,114.85,20.127
24.56,20.068,34.76,219.95,2.3514,0.64534,0.080857,20.068,88.696,27.231,114.66,20.084
24.57,20.024,34.758,219.99,2.3642,0.66178,0.082401,20.024,89.179,27.245,114.42,20.04
24.58,19.98,34.757,220.04,2.3769,0.67791,0.083972,19.98,89.582,27.26,114.14,19.997
24.59,19.936,34.755,220.1,2.3894,0.69392,0.085596,19.936,89.926,27.277,113.8,19.952
24.6,19.891,34.752,220.17,2.4016,0.70999,0.087318,19.891,90.225,27.294,113.38,19.907
24.61,19.845,34.75,220.25,2.4138,0.72636,0.08917,19.845,90.507,27.313,112.87,19.862
24.62,19.798,34.747,220.34,2.4261,0.74322,0.091166,19.798,90.801,27.334,112.26,19.815
24.63,19.75,34.744,220.44,2.4388,0.76087,0.093318,19.75,91.135,27.355,111.57,19.766
24.64,19.7,34.74,220.54,2.4523,0.7796,0.095624,19.7,91.536,27.377,110.8,19.717
24.65,19.65,34.736,220.64,2.4671,0.79982,0.098079,19.65,92.054,27.399,109.97,19.667
24.66,19.599,34.732,220.73,2.4834,0.82194,0.10066,19.6,92.703,27.421,109.09,19.616
24.67,19.549,34.729,220.8,2.5014,0.84622,0.10333,19.55,93.476,27.442,108.21,19.567
24.68,19.501,34.725,220.85,2.5211,0.87275,0.10602,19.501,94.366,27.462,107.37,19.518
24.69,19.455,34.723,220.87,2.5425,0.90168,0.10868,19.455,95.365,27.481,106.63,19.472
24.7,19.412,34.721,220.86,2.565,0.93292,0.11127,19.412,96.454,27.497,106.01,19.43
24.71,19.373,34.721,220.81,2.588,0.96629,0.11376,19.374,97.622,27.511,105.57,19.391
24.72,19.339,34.722,220.71,2.6108,1.0015,0.11611,19.339,98.86,27.521,105.34,19.357
24.73,19.308,34.725,220.56,2.6332,1.0386,0.11833,19.309,100.17,27.528,105.32,19.327
24.74,19.282,34.729,220.37,2.6554,1.0774,0.12046,19.282,101.54,27.531,105.49,19.3
24.75,19.258,34.733,220.15,2.6772,1.1176,0.12251,19.257,102.97,27.532,105.83,19.276
24.76,19.235,34.739,219.89,2.6984,1.1587,0.12451,19.235,104.46,27.528,106.29,19.254
24.77,19.214,34.744,219.6,2.7182,1.2001,0.12649,19.214,106.02,27.52,106.83,19.234
24.78,19.194,34.75,219.28,2.7359,1.2413,0.12845,19.194,107.66,27.507,107.39,19.214
24.79,19.175,34.756,218.95,2.7512,1.2823,0.1304,19.174,109.4,27.49,107.95,19.194
24.8,19.155,34.762,218.59,2.7647,1.3232,0.13238,19.154,111.24,27.47,108.48,19.175
24.81,19.134,34.768,218.23,2.777,1.3643,0.13444,19.132,113.18,27.449,108.95,19.154
24.82,19.111,34.773,217.86,2.789,1.406,0.13658,19.11,115.2,27.427,109.39,19.132
24.83,19.087,34.778,217.49,2.801,1.4486,0.13883,19.086,117.29,27.405,109.79,19.108
24.84,19.061,34.782,217.13,2.8132,1.492,0.1412,19.06,119.44,27.386,110.14,19.083
24.85,19.033,34.785,216.78,2.8256,1.5366,0.1437,19.031,121.63,27.369,110.46,19.055
24.86,19.003,34.788,216.45,2.8387,1.5825,0.14635,19.001,123.86,27.354,110.72,19.025
24.87,18.971,34.79,216.13,2.8524,1.6296,0.14916,18.969,126.1,27.341,110.93,18.993
24.88,18.937,34.792,215.83,2.8668,1.6781,0.15211,18.935,128.35,27.328,111.08,18.96
24.89,18.901,34.793,215.55,2.8817,1.7278,0.15518,18.899,130.61,27.316,111.19,18.924
24.9,18.864,34.794,215.28,2.8968,1.7785,0.15836,18.861,132.88,27.303,111.27,18.887
24.91,18.825,34.794,215.02,2.912,1.8298,0.16164,18.823,135.2,27.288,111.31,18.849
24.92,18.786,34.794,214.77,2.927,1.8813,0.165,18.783,137.55,27.273,111.31,18.81
24.93,18.746,34.794,214.54,2.9414,1.9326,0.16839,18.744,139.93,27.256,111.26,18.771
24.94,18.706,34.794,214.31,2.9557,1.9839,0.17184,18.703,142.28,27.239,111.15,18.731
24.95,18.664,34.793,214.1,2.9707,2.0352,0.17536,18.662,144.55,27.221,110.96,18.69
24.96,18.623,34.793,213.91,2.9865,2.0868,0.17894,18.621,146.74,27.205,110.67,18.649
24.97,18.582,34.793,213.72,3.0027,2.1384,0.18253,18.579,148.86,27.189,110.28,18.608
24.98,18.541,34.792,213.53,3.0194,2.1903,0.18611,18.539,150.93,27.174,109.81,18.568
24.99,18.501,34.792,213.34,3.0371,2.2428,0.1897,18.499,152.98,27.159,109.26,18.528
25,18.462,34.793,213.15,3.0565,2.2966,0.19333,18.459,155.02,27.145,108.67,18.489
25.01,18.422,34.793,212.96,3.0781,2.3523,0.19703,18.419,157.07,27.131,108.07,18.449
25.02,18.382,34.793,212.75,3.1021,2.4105,0.20083,18.379,159.13,27.118,107.51,18.41
25.03,18.341,34.793,212.54,3.129,2.4716,0.20473,18.338,161.19,27.105,107.03,18.369
25.04,18.3,34.793,212.32,3.159,2.5359,0.20873,18.297,163.26,27.092,106.67,18.329
25.05,18.259,34.792,212.08,3.1916,2.6034,0.21281,18.256,165.33,27.081,106.44,18.287
25.06,18.217,34.792,211.83,3.2267,2.674,0.21691,18.214,167.45,27.072,106.39,18.246
25.07,18.175,34.791,211.56,3.2637,2.7478,0.22101,18.172,169.63,27.064,106.51,18.205
25.08,18.134,34.791,211.28,3.303,2.8247,0.22511,18.131,171.88,27.058,106.84,18.164
25.09,18.093,34.79,210.99,3.3446,2.9047,0.22926,18.09,174.19,27.054,107.36,18.123
25.1,18.051,34.79,210.7,3.3887,2.9873,0.23347,18.048,176.54,27.051,108.06,18.081
25.11,18.008,34.789,210.41,3.4355,3.0722,0.23777,18.005,178.9,27.05,108.91,18.039
25.12,17.965,34.788,210.13,3.485,3.1593,0.2422,17.962,181.29,27.05,109.9,17.996
25.13,17.921,34.787,209.86,3.537,3.2487,0.24677,17.918,183.72,27.052,111.02,17.952
25.14,17.875,34.785,209.59,3.5913,3.3405,0.25151,17.872,186.19,27.056,112.28,17.907
25.15,17.828,34.783,209.34,3.6471,3.4341,0.25638,17.825,188.73,27.061,113.68,17.86
25.16,17.78,34.781,209.1,3.7031,3.5286,0.26136,17.777,191.34,27.068,115.19,17.813
25.17,17.731,34.778,208.87,3.7589,3.6237,0.26641,17.728,194.03,27.076,116.81,17.764
25.18,17.681,34.775,208.65,3.8141,3.7191,0.2715,17.678,196.79,27.085,118.57,17.715
25.19,17.63,34.772,208.45,3.8686,3.8146,0.27657,17.627,199.63,27.093,120.5,17.664
25.2,17.579,34.769,208.27,3.922,3.9097,0.28159,17.576,202.55,27.101,122.6,17.613
25.21,17.527,34.765,208.09,3.9741,4.0038,0.28656,17.525,205.52,27.107,124.86,17.562
25.22,17.475,34.762,207.93,4.0245,4.0962,0.29147,17.473,208.52,27.111,127.25,17.511
25.23,17.423,34.758,207.78,4.0733,4.1866,0.29633,17.42,211.52,27.114,129.79,17.459
25.24,17.37,34.754,207.64,4.1208,4.2753,0.30117,17.368,214.51,27.115,132.47,17.406
25.25,17.317,34.75,207.51,4.1677,4.3627,0.30601,17.314,217.47,27.116,135.31,17.353
25.26,17.263,34.746,207.39,4.2148,4.4495,0.31089,17.261,220.39,27.117,138.33,17.3
25.27,17.211,34.743,207.26,4.2664,4.5366,0.31594,17.209,223.56,27.113,140.56,17.249
25.28,17.168,34.742,207.08,4.3331,4.6262,0.32149,17.166,227.79,27.092,139.18,17.206
25.29,17.124,34.742,206.9,4.402,4.716,0.32714,17.122,231.91,27.072,138.04,17.163
25.3,17.08,34.741,206.72,4.4735,4.8063,0.33292,17.077,235.92,27.054,137.1,17.119
25.31,17.034,34.74,206.53,4.5483,4.8972,0.33879,17.032,239.82,27.037,136.34,17.074
25.32,16.988,34.739,206.33,4.6259,4.9888,0.34476,16.986,243.61,27.022,135.75,17.028
25.33,16.941,34.738,206.13,4.706,5.0813,0.35084,16.938,247.3,27.007,135.34,16.982
25.34,16.893,34.736,205.91,4.7889,5.1752,0.35706,16.89,250.88,26.994,135.1,16.934
25.35,16.843,34.734,205.69,4.8754,5.2708,0.36347,16.841,254.33,26.982,134.99,16.885
25.36,16.793,34.731,205.45,4.9659,5.3685,0.37009,16.79,257.65,26.97,134.96,16.835
25.37,16.741,34.728,205.21,5.0603,5.468,0.37692,16.738,260.82,26.957,134.99,16.784
25.38,16.688,34.725,204.95,5.1586,5.5693,0.38395,16.685,263.83,26.943,135.05,16.731
25.39,16.633,34.721,204.69,5.2611,5.6721,0.39116,16.63,266.7,26.929,135.12,16.676
25.4,16.577,34.717,204.42,5.3681,5.7769,0.39859,16.574,269.44,26.915,135.15,16.62
25.41,16.519,34.713,204.13,5.4797,5.8841,0.40628,16.516,272.07,26.9,135.1,16.563
25.42,16.459,34.708,203.83,5.5957,5.9941,0.41426,16.456,274.63,26.886,134.94,16.503
25.43,16.397,34.702,203.5,5.7157,6.1068,0.42254,16.395,277.14,26.872,134.64,16.442
25.44,16.333,34.696,203.17,5.8388,6.222,0.43107,16.331,279.65,26.859,134.21,16.378
25.45,16.269,34.69,202.81,5.9642,6.3392,0.43981,16.267,282.19,26.847,133.64,16.314
25.46,16.203,34.683,202.44,6.0916,6.4581,0.44873,16.201,284.79,26.837,132.97,16.248
25.47,16.136,34.676,202.06,6.2215,6.5787,0.45782,16.134,287.45,26.829,132.21,16.182
25.48,16.068,34.669,201.67,6.3541,6.7008,0.46706,16.067,290.18,26.823,131.37,16.115
25.49,16.001,34.662,201.27,6.4893,6.8243,0.47643,15.999,292.97,26.819,130.5,16.047
25.5,15.933,34.656,200.87,6.6273,6.9492,0.4859,15.932,295.84,26.816,129.6,15.98
25.51,15.865,34.649,200.47,6.768,7.0755,0.49547,15.864,298.77,26.815,128.7,15.912
25.52,15.797,34.642,200.07,6.9121,7.2035,0.50515,15.796,301.77,26.815,127.81,15.845
25.53,15.729,34.635,199.67,7.0598,7.3331,0.51494,15.728,304.82,26.817,126.93,15.777
25.54,15.661,34.628,199.28,7.2116,7.4646,0.52483,15.66,307.92,26.821,126.08,15.709
25.55,15.592,34.621,198.89,7.3677,7.5978,0.53482,15.591,311.05,26.827,125.26,15.641
25.56,15.524,34.614,198.51,7.5282,7.7326,0.5449,15.523,314.18,26.836,124.45,15.573
25.57,15.455,34.608,198.12,7.6929,7.8686,0.55506,15.454,317.29,26.846,123.67,15.505
25.58,15.387,34.601,197.73,7.8617,8.0057,0.56526,15.386,320.38,26.856,122.9,15.436
25.59,15.318,34.594,197.35,8.0342,8.1436,0.57549,15.318,323.45,26.866,122.14,15.369
25.6,15.251,34.588,196.95,8.2103,8.2822,0.58573,15.25,326.52,26.875,121.4,15.301
25.61,15.183,34.582,196.54,8.3909,8.422,0.59602,15.183,329.59,26.884,120.67,15.234
25.62,15.116,34.576,196.12,8.5764,8.5634,0.60639,15.116,332.66,26.893,119.95,15.167
25.63,15.05,34.57,195.68,8.7668,8.7064,0.61684,15.05,335.73,26.902,119.25,15.101
25.64,14.984,34.564,195.22,8.962,8.851,0.62737,14.984,338.77,26.911,118.58,15.036
25.65,14.919,34.559,194.74,9.1617,8.997,0.63799,14.92,341.75,26.919,117.94,14.972
25.66,14.855,34.553,194.24,9.3653,9.1444,0.64872,14.855,344.64,26.925,117.31,14.908
25.67,14.791,34.548,193.73,9.5722,9.2929,0.65957,14.791,347.41,26.929,116.67,14.844
25.68,14.727,34.543,193.21,9.7817,9.4424,0.67054,14.727,350.04,26.93,116.03,14.78
25.69,14.663,34.538,192.69,9.9934,9.5926,0.68162,14.663,352.51,26.927,115.4,14.716
25.7,14.599,34.533,192.16,10.207,9.7435,0.69282,14.599,354.8,26.922,114.76,14.652
25.71,14.534,34.528,191.63,10.424,9.8955,0.7042,14.535,356.9,26.916,114.12,14.588
25.72,14.469,34.523,191.09,10.643,10.049,0.7158,14.469,358.82,26.908,113.45,14.522
25.73,14.403,34.517,190.56,10.865,10.203,0.72762,14.403,360.58,26.9,112.75,14.456
25.74,14.336,34.512,190.02,11.088,10.358,0.7396,14.337,362.21,26.893,112.06,14.39
25.75,14.269,34.506,189.49,11.311,10.513,0.75165,14.27,363.76,26.887,111.42,14.323
25.76,14.202,34.501,188.98,11.535,10.667,0.76365,14.203,365.3,26.882,110.89,14.256
25.77,14.135,34.496,188.48,11.756,10.819,0.77548,14.136,366.87,26.878,110.49,14.189
25.78,14.069,34.491,188.02,11.975,10.969,0.78704,14.07,368.47,26.876,110.23,14.123
25.79,14.003,34.486,187.61,12.19,11.114,0.79824,14.004,370.12,26.875,110.11,14.057
25.8,13.937,34.481,187.23,12.401,11.255,0.80901,13.938,371.83,26.877,110.1,13.991
25.81,13.871,34.476,186.9,12.606,11.393,0.81934,13.873,373.64,26.88,110.2,13.926
25.82,13.806,34.471,186.62,12.807,11.526,0.82917,13.807,375.55,26.885,110.43,13.86
25.83,13.74,34.466,186.39,13.005,11.655,0.8385,13.742,377.61,26.891,110.76,13.795
25.84,13.675,34.462,186.21,13.2,11.782,0.84738,13.677,379.8,26.899,111.2,13.73
25.85,13.61,34.457,186.06,13.393,11.905,0.85587,13.612,382.12,26.908,111.72,13.665
25.86,13.545,34.453,185.95,13.586,12.026,0.86407,13.547,384.53,26.918,112.27,13.601
25.87,13.48,34.449,185.86,13.779,12.147,0.8721,13.482,387,26.929,112.83,13.536
25.88,13.415,34.444,185.78,13.974,12.267,0.88009,13.417,389.49,26.939,113.36,13.471
25.89,13.35,34.44,185.7,14.173,12.388,0.88817,13.352,391.96,26.95,113.83,13.406
25.9,13.285,34.436,185.61,14.376,12.511,0.89641,13.287,394.4,26.962,114.24,13.341
25.91,13.22,34.431,185.5,14.585,12.636,0.90487,13.222,396.82,26.974,114.57,13.276
25.92,13.155,34.427,185.36,14.798,12.762,0.91353,13.157,399.21,26.986,114.81,13.211
25.93,13.09,34.423,185.2,15.017,12.89,0.92239,13.092,401.59,26.999,114.96,13.146
25.94,13.025,34.419,185.02,15.241,13.019,0.93147,13.027,403.96,27.011,115.01,13.081
25.95,12.959,34.415,184.8,15.47,13.151,0.94075,12.961,406.34,27.022,114.97,13.016
25.96,12.894,34.411,184.57,15.703,13.284,0.95023,12.896,408.74,27.031,114.85,12.951
25.97,12.828,34.407,184.29,15.941,13.42,0.95992,12.83,411.16,27.038,114.64,12.885
25.98,12.762,34.403,183.98,16.184,13.558,0.96987,12.764,413.6,27.043,114.34,12.819
25.99,12.696,34.399,183.63,16.431,13.699,0.98005,12.698,416.06,27.045,113.96,12.753
26,12.63,34.395,183.25,16.684,13.843,0.99044,12.632,418.52,27.043,113.5,12.687
26.01,12.563,34.391,182.84,16.94,13.99,1.001,12.565,420.98,27.038,112.98,12.62
26.02,12.495,34.387,182.42,17.2,14.138,1.0117,12.498,423.42,27.03,112.39,12.553
26.03,12.428,34.383,181.99,17.461,14.287,1.0225,12.43,425.86,27.019,111.75,12.485
26.04,12.359,34.378,181.56,17.725,14.437,1.0334,12.362,428.29,27.005,111.07,12.417
26.05,12.29,34.374,181.14,17.991,14.587,1.0443,12.293,430.72,26.988,110.37,12.348
26.06,12.221,34.369,180.72,18.26,14.737,1.0552,12.223,433.14,26.97,109.67,12.279
26.07,12.151,34.365,180.32,18.533,14.888,1.0661,12.154,435.57,26.952,109.01,12.209
26.08,12.081,34.361,179.93,18.81,15.039,1.077,12.084,437.98,26.933,108.4,12.14
26.09,12.012,34.356,179.54,19.092,15.191,1.088,12.014,440.4,26.916,107.87,12.07
26.1,11.942,34.352,179.16,19.378,15.342,1.0991,11.945,442.8,26.899,107.46,12
26.11,11.873,34.348,178.78,19.668,15.495,1.1102,11.876,445.2,26.885,107.18,11.931
26.12,11.804,34.344,178.41,19.963,15.647,1.1213,11.807,447.56,26.872,107.02,11.862
26.13,11.735,34.34,178.04,20.263,15.802,1.1327,11.738,449.86,26.863,106.96,11.793
26.14,11.666,34.336,177.65,20.569,15.958,1.1443,11.669,452.08,26.855,106.95,11.725
26.15,11.597,34.332,177.25,20.882,16.117,1.1562,11.599,454.2,26.851,106.97,11.655
26.16,11.527,34.329,176.82,21.201,16.28,1.1686,11.53,456.24,26.849,107,11.586
26.17,11.457,34.325,176.36,21.527,16.446,1.1815,11.46,458.22,26.848,107.04,11.516
26.18,11.387,34.321,175.88,21.858,16.615,1.1947,11.39,460.17,26.848,107.1,11.446
26.19,11.317,34.317,175.37,22.195,16.786,1.2082,11.32,462.11,26.848,107.17,11.376
26.2,11.246,34.313,174.86,22.535,16.96,1.2219,11.249,464.05,26.847,107.25,11.305
26.21,11.175,34.31,174.33,22.878,17.135,1.2358,11.179,466,26.846,107.31,11.234
26.22,11.104,34.306,173.79,23.226,17.312,1.2497,11.107,467.95,26.845,107.35,11.163
26.23,11.033,34.302,173.23,23.577,17.49,1.2638,11.036,469.91,26.843,107.33,11.091
26.24,10.96,34.298,172.64,23.935,17.672,1.278,10.964,471.86,26.841,107.25,11.019
26.25,10.888,34.294,172.01,24.299,17.856,1.2924,10.891,473.81,26.84,107.08,10.947
26.26,10.815,34.29,171.35,24.671,18.044,1.307,10.819,475.79,26.84,106.82,10.874
26.27,10.742,34.286,170.65,25.053,18.235,1.3219,10.746,477.81,26.842,106.49,10.801
26.28,10.669,34.283,169.9,25.444,18.43,1.3372,10.672,479.89,26.845,106.08,10.728
26.29,10.596,34.279,169.1,25.846,18.629,1.3528,10.599,482.01,26.851,105.57,10.655
26.3,10.522,34.275,168.25,26.259,18.833,1.3688,10.526,484.19,26.86,104.96,10.581
26.31,10.449,34.271,167.35,26.684,19.041,1.3852,10.452,486.43,26.872,104.25,10.507
26.32,10.375,34.268,166.4,27.121,19.253,1.402,10.378,488.74,26.886,103.46,10.434
26.33,10.301,34.264,165.43,27.571,19.468,1.419,10.304,491.12,26.901,102.62,10.36
26.34,10.227,34.26,164.42,28.034,19.685,1.4363,10.23,493.58,26.917,101.75,10.285
26.35,10.152,34.257,163.4,28.51,19.905,1.4537,10.156,496.13,26.933,100.88,10.211
26.36,10.077,34.253,162.37,28.999,20.126,1.4711,10.081,498.77,26.948,100.02,10.136
26.37,10.002,34.25,161.35,29.5,20.347,1.4884,10.005,501.52,26.962,99.181,10.061
26.38,9.9257,34.246,160.34,30.012,20.569,1.5057,9.9293,504.38,26.974,98.379,9.9847
26.39,9.8487,34.242,159.34,30.533,20.791,1.5227,9.8523,507.35,26.984,97.615,9.9078
26.4,9.7706,34.238,158.38,31.063,21.011,1.5395,9.7742,510.41,26.991,96.908,9.8298
26.41,9.6914,34.234,157.46,31.599,21.231,1.5559,9.695,513.57,26.996,96.277,9.7506
26.42,9.6109,34.23,156.58,32.143,21.449,1.572,9.6146,516.82,26.998,95.731,9.6702
26.43,9.5291,34.225,155.75,32.691,21.665,1.5877,9.5328,520.13,26.996,95.292,9.5885
26.44,9.446,34.221,154.96,33.244,21.881,1.6032,9.4497,523.49,26.992,94.977,9.5054
26.45,9.3619,34.216,154.2,33.803,22.096,1.6185,9.3657,526.87,26.983,94.807,9.4214
26.46,9.2772,34.211,153.45,34.37,22.312,1.6337,9.281,530.28,26.971,94.802,9.3368
26.47,9.1921,34.206,152.71,34.944,22.528,1.649,9.1959,533.72,26.957,94.963,9.2517
26.48,9.1067,34.202,151.97,35.526,22.744,1.6643,9.1106,537.18,26.94,95.269,9.1664
26.49,9.0212,34.197,151.23,36.118,22.962,1.6798,9.0251,540.66,26.922,95.698,9.0809
26.5,8.9358,34.192,150.46,36.721,23.18,1.6956,8.9397,544.16,26.902,96.232,8.9956
26.51,8.8506,34.188,149.65,37.334,23.4,1.7116,8.8546,547.68,26.882,96.859,8.9105
26.52,8.7659,34.184,148.8,37.96,23.623,1.7281,8.7699,551.22,26.862,97.549,8.8258
26.53,8.6817,34.18,147.89,38.598,23.85,1.745,8.6857,554.75,26.842,98.247,8.7416
26.54,8.5981,34.176,146.91,39.251,24.081,1.7624,8.6022,558.26,26.824,98.901,8.6581
26.55,8.5155,34.172,145.84,39.918,24.317,1.7804,8.5196,561.73,26.808,99.47,8.5755
26.56,8.4338,34.169,144.68,40.601,24.559,1.799,8.4379,565.14,26.796,99.91,8.4939
26.57,8.3531,34.166,143.42,41.301,24.808,1.8184,8.3573,568.48,26.786,100.18,8.4132
26.58,8.2733,34.163,142.06,42.018,25.063,1.8383,8.2774,571.76,26.78,100.25,8.3333
26.59,8.1939,34.161,140.63,42.751,25.325,1.8587,8.1981,574.99,26.778,100.12,8.254
26.6,8.1148,34.158,139.15,43.5,25.592,1.8796,8.119,578.21,26.779,99.812,8.1749
26.61,8.0357,34.156,137.63,44.265,25.864,1.9007,8.0398,581.46,26.783,99.374,8.0958
26.62,7.9561,34.154,136.07,45.039,26.144,1.9222,7.9602,584.82,26.794,98.725,8.0162
26.63,7.8761,34.151,134.51,45.828,26.427,1.9438,7.8803,588.25,26.807,98.005,7.9362
26.64,7.7958,34.149,132.95,46.633,26.712,1.9653,7.7999,591.78,26.823,97.265,7.8559
26.65,7.7148,34.147,131.4,47.455,27,1.9868,7.719,595.42,26.841,96.553,7.775
26.66,7.6333,34.145,129.87,48.294,27.289,2.0081,7.6374,599.22,26.86,95.904,7.6934
26.67,7.5509,34.142,128.38,49.15,27.579,2.0292,7.5551,603.19,26.881,95.358,7.6111
26.68,7.468,34.14,126.93,50.025,27.87,2.0501,7.4721,607.36,26.902,94.951,7.5282
26.69,7.3847,34.138,125.51,50.919,28.161,2.0707,7.3889,611.72,26.922,94.726,7.445
26.7,7.3013,34.135,124.13,51.83,28.452,2.091,7.3055,616.31,26.939,94.717,7.3617
26.71,7.2181,34.133,122.77,52.76,28.741,2.111,7.2222,621.12,26.954,94.966,7.2786
26.72,7.1351,34.131,121.44,53.706,29.028,2.1307,7.1392,626.15,26.966,95.485,7.1957
26.73,7.0524,34.129,120.14,54.668,29.313,2.1502,7.0566,631.37,26.975,96.255,7.1131
26.74,6.9702,34.127,118.84,55.646,29.596,2.1694,6.9744,636.74,26.982,97.253,7.0311
26.75,6.8888,34.126,117.55,56.637,29.877,2.1885,6.893,642.23,26.985,98.444,6.9499
26.76,6.8086,34.124,116.24,57.641,30.157,2.2075,6.8127,647.81,26.985,99.765,6.8698
26.77,6.7299,34.124,114.89,58.656,30.435,2.2264,6.734,653.43,26.981,101.14,6.7913
26.78,6.6529,34.123,113.49,59.678,30.711,2.2454,6.657,659.04,26.973,102.49,6.7145
26.79,6.5778,34.123,112.02,60.705,30.985,2.2645,6.5819,664.6,26.964,103.72,6.6395
26.8,6.5046,34.123,110.49,61.735,31.258,2.2837,6.5086,670.09,26.953,104.79,6.5665
26.81,6.4333,34.124,108.87,62.768,31.53,2.3031,6.4373,675.49,26.943,105.67,6.4954
26.82,6.3639,34.125,107.19,63.804,31.8,2.3226,6.3679,680.82,26.934,106.35,6.4261
26.83,6.2964,34.126,105.45,64.841,32.067,2.3422,6.3003,686.09,26.925,106.85,6.3587
26.84,6.2307,34.128,103.67,65.88,32.331,2.3617,6.2346,691.32,26.918,107.15,6.2933
26.85,6.167,34.13,101.85,66.922,32.59,2.3812,6.1708,696.51,26.914,107.29,6.2297
26.86,6.105,34.133,100.02,67.968,32.845,2.4006,6.1088,701.69,26.912,107.28,6.1679
26.87,6.0448,34.136,98.178,69.017,33.093,2.4197,6.0486,706.88,26.913,107.17,6.1078
26.88,5.9861,34.139,96.347,70.071,33.336,2.4386,5.9898,712.1,26.915,107,6.0493
26.89,5.9261,34.142,94.488,71.113,33.598,2.4584,5.9297,717.28,26.917,106.87,5.9894
26.9,5.8672,34.145,92.644,72.159,33.855,2.478,5.8709,722.51,26.918,106.7,5.9308
26.91,5.8094,34.148,90.817,73.212,34.108,2.4972,5.813,727.8,26.92,106.52,5.8731
26.92,5.7523,34.152,89.014,74.271,34.358,2.5163,5.7558,733.17,26.922,106.33,5.8162
26.93,5.6955,34.156,87.24,75.337,34.606,2.5351,5.699,738.64,26.923,106.18,5.7596
26.94,5.639,34.159,85.493,76.409,34.852,2.5537,5.6423,744.18,26.924,106.04,5.7032
26.95,5.5824,34.163,83.768,77.486,35.099,2.5721,5.5857,749.75,26.924,105.9,5.6469
26.96,5.5257,34.167,82.06,78.569,35.346,2.5904,5.529,755.3,26.923,105.73,5.5904
26.97,5.469,34.171,80.365,79.654,35.594,2.6086,5.4722,760.81,26.921,105.53,5.5338
26.98,5.4121,34.174,78.679,80.742,35.842,2.6268,5.4153,766.3,26.917,105.31,5.4772
26.99,5.3552,34.178,76.997,81.831,36.091,2.6449,5.3582,771.77,26.913,105.09,5.4204
27,5.2981,34.182,75.317,82.921,36.34,2.663,5.3012,777.23,26.908,104.86,5.3635
