21,33.491,35.022,119.55,20.555,-0.84956,2.1924,33.508,-186.22,35.398,-51.641,33.452
21.01,33.409,35.006,120.64,20.265,-0.83307,2.1633,33.427,-183.74,35.308,-52.824,33.371
21.02,33.328,34.991,121.73,19.977,-0.81675,2.1345,33.346,-181.29,35.218,-53.996,33.29
21.03,33.247,34.975,122.8,19.692,-0.8006,2.1059,33.266,-178.85,35.129,-55.156,33.21
21.04,33.168,34.96,123.87,19.41,-0.7846,2.0775,33.187,-176.44,35.041,-56.306,33.131
21.05,33.088,34.944,124.93,19.13,-0.76877,2.0495,33.108,-174.06,34.954,-57.446,33.052
21.06,33.01,34.929,125.97,18.854,-0.75309,2.0217,33.03,-171.69,34.868,-58.574,32.974
21.07,32.932,34.914,127.01,18.58,-0.73758,1.9942,32.952,-169.34,34.782,-59.692,32.896
21.08,32.854,34.9,128.04,18.309,-0.72222,1.9669,32.875,-167.02,34.698,-60.798,32.819
21.09,32.777,34.885,129.06,18.04,-0.70702,1.9399,32.799,-164.72,34.615,-61.895,32.743
21.1,32.701,34.871,130.07,17.775,-0.69198,1.9132,32.723,-162.44,34.532,-62.981,32.667
21.11,32.625,34.857,131.08,17.511,-0.6771,1.8867,32.647,-160.18,34.45,-64.056,32.592
21.12,32.55,34.844,132.07,17.251,-0.66237,1.8605,32.572,-157.94,34.37,-65.121,32.517
21.13,32.475,34.83,133.06,16.993,-0.64779,1.8345,32.498,-155.73,34.29,-66.175,32.443
21.14,32.401,34.817,134.03,16.738,-0.63337,1.8088,32.425,-153.53,34.211,-67.219,32.37
21.15,32.328,34.803,135,16.486,-0.6191,1.7834,32.351,-151.36,34.133,-68.253,32.297
21.16,32.255,34.79,135.96,16.236,-0.60499,1.7582,32.279,-149.2,34.056,-69.276,32.224
21.17,32.183,34.778,136.91,15.989,-0.59102,1.7332,32.207,-147.07,33.979,-70.289,32.152
21.18,32.111,34.765,137.85,15.744,-0.57721,1.7085,32.136,-144.96,33.904,-71.293,32.081
21.19,32.04,34.753,138.78,15.502,-0.56355,1.6841,32.065,-142.87,33.829,-72.285,32.01
21.2,31.969,34.74,139.71,15.263,-0.55003,1.6598,31.994,-140.8,33.755,-73.268,31.94
21.21,31.899,34.728,140.62,15.026,-0.53667,1.6359,31.925,-138.75,33.682,-74.241,31.87
21.22,31.83,34.717,141.53,14.791,-0.52345,1.6122,31.855,-136.72,33.61,-75.204,31.801
21.23,31.761,34.705,142.43,14.559,-0.51038,1.5887,31.787,-134.71,33.539,-76.158,31.733
21.24,31.692,34.694,143.32,14.33,-0.49746,1.5655,31.718,-132.72,33.469,-77.101,31.665
21.25,31.624,34.682,144.2,14.103,-0.48468,1.5425,31.651,-130.75,33.399,-78.034,31.597
21.26,31.557,34.671,145.07,13.879,-0.47204,1.5197,31.584,-128.8,33.33,-78.958,31.53
21.27,31.49,34.66,145.94,13.657,-0.45956,1.4972,31.517,-126.87,33.263,-79.872,31.464
21.28,31.424,34.65,146.8,13.438,-0.44721,1.475,31.451,-124.96,33.195,-80.777,31.398
21.29,31.358,34.639,147.65,13.221,-0.435,1.4529,31.386,-123.06,33.129,-81.671,31.332
21.3,31.293,34.629,148.49,13.006,-0.42294,1.4311,31.321,-121.19,33.064,-82.557,31.268
21.31,31.228,34.619,149.32,12.794,-0.41102,1.4096,31.256,-119.34,32.999,-83.433,31.203
21.32,31.164,34.609,150.15,12.584,-0.39924,1.3882,31.192,-117.51,32.935,-84.299,31.139
21.33,31.1,34.599,150.96,12.377,-0.38759,1.3671,31.129,-115.69,32.872,-85.156,31.076
21.34,31.037,34.59,151.77,12.172,-0.37609,1.3462,31.066,-113.89,32.81,-86.004,31.013
21.35,30.974,34.58,152.57,11.969,-0.36472,1.3256,31.003,-112.12,32.749,-86.843,30.951
21.36,30.912,34.571,153.37,11.769,-0.35349,1.3052,30.941,-110.36,32.688,-87.672,30.889
21.37,30.85,34.562,154.15,11.571,-0.3424,1.285,30.88,-108.62,32.628,-88.492,30.828
21.38,30.789,34.553,154.93,11.376,-0.33144,1.265,30.819,-106.9,32.569,-89.303,30.767
21.39,30.729,34.544,155.7,11.182,-0.32062,1.2453,30.758,-105.2,32.511,-90.105,30.707
21.4,30.669,34.536,156.46,10.991,-0.30993,1.2257,30.699,-103.51,32.453,-90.898,30.647
21.41,30.609,34.528,157.22,10.803,-0.29937,1.2064,30.639,-101.85,32.396,-91.682,30.588
21.42,30.55,34.519,157.97,10.616,-0.28895,1.1873,30.58,-100.2,32.34,-92.457,30.529
21.43,30.491,34.511,158.71,10.432,-0.27865,1.1685,30.522,-98.569,32.285,-93.223,30.471
21.44,30.433,34.504,159.44,10.25,-0.26849,1.1498,30.464,-96.957,32.23,-93.981,30.413
21.45,30.375,34.496,160.16,10.071,-0.25846,1.1314,30.406,-95.363,32.177,-94.729,30.355
21.46,30.318,34.488,160.88,9.8934,-0.24856,1.1132,30.349,-93.787,32.123,-95.469,30.299
21.47,30.261,34.481,161.59,9.7182,-0.23878,1.0952,30.292,-92.228,32.071,-96.201,30.242
21.48,30.205,34.474,162.29,9.5451,-0.22914,1.0774,30.236,-90.687,32.02,-96.924,30.186
21.49,30.149,34.467,162.99,9.3743,-0.21962,1.0598,30.181,-89.163,31.969,-97.638,30.131
21.5,30.094,34.46,163.68,9.2056,-0.21022,1.0424,30.125,-87.656,31.919,-98.344,30.076
21.51,30.039,34.453,164.36,9.0391,-0.20095,1.0252,30.071,-86.166,31.869,-99.041,30.021
21.52,29.984,34.447,165.03,8.8747,-0.19181,1.0083,30.016,-84.694,31.82,-99.73,29.967
21.53,29.931,34.441,165.7,8.7125,-0.18279,0.9915,29.963,-83.238,31.772,-100.41,29.913
21.54,29.877,34.434,166.36,8.5524,-0.17389,0.97494,29.909,-81.8,31.725,-101.08,29.86
21.55,29.824,34.428,167.01,8.3943,-0.16512,0.95859,29.856,-80.378,31.679,-101.75,29.807
21.56,29.771,34.423,167.66,8.2384,-0.15646,0.94244,29.804,-78.972,31.633,-102.4,29.755
21.57,29.719,34.417,168.3,8.0845,-0.14793,0.92649,29.752,-77.583,31.588,-103.05,29.703
21.58,29.668,34.411,168.93,7.9327,-0.13952,0.91074,29.7,-76.211,31.543,-103.69,29.652
21.59,29.616,34.406,169.56,7.783,-0.13122,0.89518,29.649,-74.855,31.499,-104.32,29.601
21.6,29.566,34.401,170.18,7.6352,-0.12305,0.87982,29.598,-73.515,31.456,-104.95,29.55
21.61,29.515,34.396,170.79,7.4895,-0.11499,0.86466,29.548,-72.191,31.414,-105.56,29.5
21.62,29.465,34.391,171.39,7.3458,-0.10705,0.84969,29.498,-70.883,31.372,-106.17,29.451
21.63,29.416,34.386,171.99,7.2041,-0.099222,0.83491,29.449,-69.591,31.331,-106.77,29.401
21.64,29.367,34.381,172.58,7.0644,-0.091512,0.82032,29.4,-68.315,31.29,-107.36,29.353
21.65,29.318,34.377,173.17,6.9266,-0.083916,0.80592,29.351,-67.054,31.25,-107.95,29.304
21.66,29.27,34.372,173.75,6.7908,-0.076434,0.79171,29.303,-65.809,31.211,-108.52,29.256
21.67,29.222,34.368,174.32,6.657,-0.069065,0.77769,29.255,-64.58,31.173,-109.09,29.209
21.68,29.175,34.364,174.89,6.525,-0.061809,0.76385,29.208,-63.366,31.135,-109.66,29.161
21.69,29.128,34.36,175.45,6.395,-0.054663,0.7502,29.161,-62.167,31.098,-110.21,29.115
21.7,29.081,34.356,176,6.2669,-0.047628,0.73673,29.114,-60.983,31.061,-110.76,29.068
21.71,29.035,34.353,176.55,6.1407,-0.040703,0.72345,29.068,-59.815,31.025,-111.3,29.022
21.72,28.989,34.349,177.09,6.0163,-0.033887,0.71034,29.022,-58.661,30.99,-111.83,28.977
21.73,28.944,34.346,177.62,5.8938,-0.027179,0.69741,28.977,-57.522,30.955,-112.35,28.932
21.74,28.899,34.343,178.15,5.7732,-0.020579,0.68467,28.932,-56.398,30.921,-112.87,28.887
21.75,28.854,34.34,178.67,5.6544,-0.014086,0.6721,28.888,-55.288,30.887,-113.38,28.843
21.76,28.81,34.337,179.19,5.5374,-0.0076981,0.6597,28.843,-54.193,30.854,-113.89,28.799
21.77,28.766,34.334,179.7,5.4222,-0.0014157,0.64748,28.8,-53.112,30.822,-114.38,28.755
21.78,28.723,34.332,180.21,5.3088,0.0047623,0.63543,28.756,-52.046,30.79,-114.87,28.712
21.79,28.68,34.329,180.7,5.1972,0.010837,0.62355,28.713,-50.994,30.759,-115.36,28.669
21.8,28.637,34.327,181.2,5.0874,0.016808,0.61185,28.671,-49.955,30.729,-115.83,28.627
21.81,28.595,34.324,181.68,4.9793,0.022678,0.60031,28.628,-48.931,30.699,-116.3,28.585
21.82,28.553,34.322,182.17,4.8729,0.028446,0.58894,28.586,-47.921,30.67,-116.76,28.543
21.83,28.512,34.32,182.64,4.7683,0.034113,0.57774,28.545,-46.924,30.641,-117.22,28.502
21.84,28.47,34.318,183.11,4.6654,0.039681,0.5667,28.504,-45.942,30.613,-117.66,28.461
21.85,28.43,34.317,183.57,4.5642,0.04515,0.55583,28.463,-44.972,30.585,-118.11,28.42
21.86,28.389,34.315,184.03,4.4647,0.050521,0.54512,28.423,-44.016,30.558,-118.54,28.38
21.87,28.349,34.314,184.49,4.3669,0.055794,0.53457,28.383,-43.074,30.531,-118.97,28.34
21.88,28.31,34.312,184.93,4.2707,0.060971,0.52418,28.343,-42.144,30.506,-119.39,28.301
21.89,28.27,34.311,185.37,4.1762,0.066051,0.51395,28.303,-41.228,30.48,-119.81,28.262
21.9,28.231,34.31,185.81,4.0833,0.071037,0.50388,28.264,-40.325,30.455,-120.22,28.223
21.91,28.193,34.309,186.24,3.992,0.075928,0.49396,28.226,-39.435,30.431,-120.62,28.185
21.92,28.154,34.308,186.67,3.9024,0.080726,0.4842,28.187,-38.557,30.407,-121.02,28.147
21.93,28.117,34.308,187.09,3.8143,0.085431,0.47459,28.15,-37.693,30.384,-121.41,28.109
21.94,28.079,34.307,187.5,3.7278,0.090044,0.46514,28.112,-36.841,30.361,-121.79,28.071
21.95,28.042,34.307,187.91,3.6429,0.094565,0.45583,28.075,-36.001,30.339,-122.17,28.034
21.96,28.005,34.306,188.32,3.5596,0.098996,0.44668,28.038,-35.174,30.317,-122.54,27.998
21.97,27.968,34.306,188.72,3.4777,0.10334,0.43768,28.001,-34.359,30.296,-122.91,27.961
21.98,27.932,34.306,189.11,3.3974,0.10759,0.42882,27.965,-33.556,30.276,-123.27,27.925
21.99,27.896,34.306,189.5,3.3187,0.11176,0.42011,27.929,-32.765,30.255,-123.62,27.889
22,27.86,34.306,189.88,3.2414,0.11583,0.41154,27.893,-31.987,30.236,-123.97,27.854
22.01,27.825,34.306,190.26,3.1656,0.11982,0.40312,27.858,-31.22,30.217,-124.31,27.819
22.02,27.79,34.306,190.64,3.0913,0.12373,0.39484,27.823,-30.464,30.198,-124.65,27.784
22.03,27.756,34.307,191.01,3.0185,0.12755,0.3867,27.788,-29.721,30.18,-124.98,27.75
22.04,27.721,34.307,191.37,2.9471,0.13128,0.3787,27.753,-28.989,30.162,-125.3,27.715
22.05,27.687,34.308,191.73,2.8771,0.13493,0.37083,27.719,-28.268,30.145,-125.62,27.682
22.06,27.654,34.309,192.09,2.8085,0.1385,0.36311,27.686,-27.559,30.128,-125.94,27.648
22.07,27.62,34.31,192.44,2.7414,0.14199,0.35552,27.652,-26.861,30.112,-126.24,27.615
22.08,27.587,34.311,192.78,2.6757,0.1454,0.34806,27.619,-26.174,30.096,-126.55,27.582
22.09,27.554,34.312,193.12,2.6113,0.14872,0.34074,27.586,-25.498,30.081,-126.84,27.549
22.1,27.522,34.313,193.46,2.5483,0.15197,0.33355,27.553,-24.833,30.066,-127.14,27.517
22.11,27.49,34.314,193.79,2.4867,0.15514,0.3265,27.521,-24.179,30.052,-127.42,27.485
22.12,27.458,34.316,194.12,2.4264,0.15823,0.31957,27.489,-23.536,30.038,-127.7,27.453
22.13,27.426,34.317,194.44,2.3674,0.16124,0.31276,27.457,-22.903,30.024,-127.98,27.421
22.14,27.395,34.319,194.76,2.3098,0.16417,0.30609,27.426,-22.28,30.011,-128.25,27.39
22.15,27.364,34.32,195.08,2.2534,0.16703,0.29954,27.394,-21.668,29.998,-128.52,27.359
22.16,27.333,34.322,195.39,2.1984,0.16982,0.29312,27.364,-21.067,29.986,-128.78,27.329
22.17,27.302,34.324,195.69,2.1446,0.17253,0.28681,27.333,-20.475,29.974,-129.04,27.298
22.18,27.272,34.326,196,2.0921,0.17516,0.28063,27.303,-19.893,29.963,-129.29,27.268
22.19,27.242,34.328,196.29,2.0408,0.17773,0.27457,27.272,-19.322,29.952,-129.53,27.238
22.2,27.212,34.33,196.59,1.9908,0.18022,0.26863,27.243,-18.76,29.942,-129.77,27.209
22.21,27.183,34.332,196.88,1.942,0.18264,0.26281,27.213,-18.208,29.931,-130.01,27.179
22.22,27.154,34.335,197.16,1.8944,0.18499,0.2571,27.184,-17.665,29.922,-130.24,27.15
22.23,27.125,34.337,197.44,1.848,0.18728,0.25151,27.155,-17.132,29.912,-130.47,27.121
22.24,27.096,34.34,197.72,1.8027,0.18949,0.24604,27.126,-16.609,29.903,-130.69,27.093
22.25,27.068,34.342,198,1.7587,0.19163,0.24067,27.097,-16.095,29.895,-130.91,27.065
22.26,27.04,34.345,198.27,1.7158,0.19371,0.23542,27.069,-15.59,29.887,-131.12,27.036
22.27,27.012,34.348,198.53,1.674,0.19572,0.23028,27.041,-15.094,29.879,-131.33,27.009
22.28,26.984,34.351,198.79,1.6334,0.19767,0.22524,27.013,-14.607,29.872,-131.54,26.981
22.29,26.957,34.354,199.05,1.5939,0.19955,0.22032,26.985,-14.129,29.864,-131.74,26.954
22.3,26.929,34.357,199.31,1.5555,0.20136,0.2155,26.958,-13.66,29.858,-131.93,26.927
22.31,26.902,34.36,199.56,1.5181,0.20312,0.21078,26.931,-13.199,29.852,-132.13,26.9
22.32,26.876,34.363,199.81,1.4819,0.20481,0.20617,26.904,-12.747,29.846,-132.31,26.873
22.33,26.849,34.366,200.05,1.4467,0.20644,0.20166,26.877,-12.304,29.84,-132.5,26.847
22.34,26.823,34.37,200.29,1.4126,0.208,0.19725,26.851,-11.868,29.835,-132.68,26.821
22.35,26.797,34.373,200.53,1.3795,0.20951,0.19295,26.824,-11.442,29.83,-132.85,26.795
22.36,26.771,34.377,200.76,1.3474,0.21096,0.18874,26.798,-11.023,29.825,-133.02,26.769
22.37,26.745,34.38,200.99,1.3163,0.21235,0.18462,26.773,-10.612,29.821,-133.19,26.743
22.38,26.72,34.384,201.22,1.2862,0.21368,0.18061,26.747,-10.209,29.817,-133.35,26.718
22.39,26.695,34.388,201.44,1.2572,0.21495,0.17669,26.722,-9.8142,29.814,-133.51,26.693
22.4,26.67,34.392,201.67,1.229,0.21617,0.17286,26.697,-9.427,29.81,-133.67,26.668
22.41,26.645,34.396,201.88,1.2019,0.21733,0.16912,26.672,-9.0473,29.808,-133.82,26.643
22.42,26.621,34.399,202.1,1.1756,0.21844,0.16548,26.647,-8.6752,29.805,-133.97,26.619
22.43,26.596,34.404,202.31,1.1504,0.21949,0.16192,26.622,-8.3104,29.803,-134.11,26.595
22.44,26.572,34.408,202.52,1.126,0.22049,0.15846,26.598,-7.953,29.801,-134.25,26.571
22.45,26.548,34.412,202.72,1.1025,0.22144,0.15508,26.574,-7.6028,29.799,-134.39,26.547
22.46,26.524,34.416,202.92,1.0799,0.22234,0.15178,26.55,-7.2596,29.798,-134.52,26.523
22.47,26.501,34.42,203.12,1.0582,0.22318,0.14857,26.526,-6.9234,29.797,-134.66,26.499
22.48,26.477,34.425,203.32,1.0374,0.22398,0.14544,26.502,-6.5941,29.796,-134.78,26.476
22.49,26.454,34.429,203.51,1.0174,0.22472,0.1424,26.479,-6.2715,29.795,-134.91,26.453
22.5,26.431,34.434,203.7,0.9982,0.22542,0.13944,26.456,-5.9556,29.795,-135.03,26.43
22.51,26.408,34.438,203.89,0.97986,0.22607,0.13655,26.433,-5.6463,29.795,-135.14,26.407
22.52,26.386,34.443,204.08,0.96233,0.22667,0.13374,26.41,-5.3434,29.795,-135.26,26.385
22.53,26.363,34.448,204.26,0.9456,0.22722,0.13101,26.387,-5.0468,29.796,-135.37,26.362
22.54,26.341,34.452,204.44,0.92965,0.22773,0.12836,26.364,-4.7565,29.797,-135.48,26.34
22.55,26.318,34.457,204.62,0.91447,0.2282,0.12578,26.342,-4.4723,29.798,-135.58,26.318
22.56,26.296,34.462,204.79,0.90004,0.22862,0.12327,26.32,-4.1941,29.799,-135.68,26.296
22.57,26.275,34.467,204.97,0.88636,0.229,0.12084,26.298,-3.9219,29.801,-135.78,26.274
22.58,26.253,34.472,205.14,0.87341,0.22933,0.11847,26.276,-3.6555,29.803,-135.88,26.252
22.59,26.231,34.477,205.3,0.86117,0.22963,0.11617,26.254,-3.3947,29.805,-135.97,26.231
22.6,26.21,34.482,205.47,0.84964,0.22988,0.11395,26.232,-3.1396,29.807,-136.06,26.209
22.61,26.189,34.487,205.63,0.83879,0.23009,0.11178,26.211,-2.8899,29.809,-136.15,26.188
22.62,26.168,34.492,205.79,0.82863,0.23026,0.10969,26.189,-2.6457,29.812,-136.24,26.167
22.63,26.147,34.498,205.95,0.81912,0.2304,0.10765,26.168,-2.4067,29.815,-136.32,26.146
22.64,26.126,34.503,206.11,0.81027,0.2305,0.10568,26.147,-2.1729,29.818,-136.4,26.126
22.65,26.105,34.508,206.26,0.80205,0.23056,0.10377,26.126,-1.9442,29.822,-136.48,26.105
22.66,26.085,34.514,206.42,0.79445,0.23058,0.10192,26.105,-1.7204,29.825,-136.55,26.084
22.67,26.064,34.519,206.57,0.78747,0.23057,0.10013,26.085,-1.5015,29.829,-136.63,26.064
22.68,26.044,34.524,206.72,0.78108,0.23052,0.098401,26.064,-1.2873,29.833,-136.7,26.044
22.69,26.024,34.53,206.86,0.77527,0.23044,0.096725,26.044,-1.0778,29.837,-136.77,26.024
22.7,26.004,34.536,207.01,0.77004,0.23033,0.095103,26.024,-0.87283,29.842,-136.83,26.004
22.71,25.984,34.541,207.15,0.76536,0.23018,0.093535,26.003,-0.67228,29.846,-136.9,25.984
22.72,25.964,34.547,207.29,0.76122,0.23,0.09202,25.983,-0.47606,29.851,-136.96,25.964
22.73,25.944,34.552,207.43,0.75761,0.2298,0.090555,25.963,-0.28406,29.856,-137.02,25.945
22.74,25.925,34.558,207.57,0.75452,0.22956,0.089141,25.944,-0.09617,29.861,-137.07,25.925
22.75,25.905,34.564,207.7,0.75194,0.22929,0.087774,25.924,0.087708,29.867,-137.13,25.906
22.76,25.886,34.57,207.84,0.74984,0.22899,0.086456,25.904,0.26768,29.872,-137.18,25.886
22.77,25.867,34.576,207.97,0.74822,0.22867,0.085183,25.885,0.44386,29.878,-137.24,25.867
22.78,25.848,34.581,208.1,0.74706,0.22832,0.083954,25.865,0.61635,29.883,-137.29,25.848
22.79,25.829,34.587,208.23,0.74635,0.22794,0.082769,25.846,0.78526,29.889,-137.33,25.829
22.8,25.81,34.593,208.36,0.74608,0.22754,0.081626,25.827,0.95069,29.895,-137.38,25.81
22.81,25.791,34.599,208.48,0.74624,0.22711,0.080524,25.808,1.1127,29.902,-137.43,25.791
22.82,25.772,34.605,208.61,0.7468,0.22666,0.079462,25.789,1.2715,29.908,-137.47,25.772
22.83,25.753,34.611,208.73,0.74776,0.22619,0.078438,25.77,1.4272,29.914,-137.51,25.754
22.84,25.735,34.617,208.86,0.7491,0.22569,0.07745,25.751,1.5797,29.921,-137.55,25.735
22.85,25.716,34.623,208.98,0.75081,0.22517,0.076499,25.732,1.7294,29.928,-137.59,25.717
22.86,25.698,34.63,209.1,0.75288,0.22463,0.075581,25.713,1.8762,29.935,-137.63,25.698
22.87,25.679,34.636,209.22,0.7553,0.22408,0.074697,25.695,2.0202,29.942,-137.66,25.68
22.88,25.661,34.642,209.33,0.75804,0.2235,0.073845,25.676,2.1616,29.949,-137.7,25.662
22.89,25.643,34.648,209.45,0.7611,0.2229,0.073023,25.658,2.3005,29.956,-137.73,25.643
22.9,25.625,34.654,209.57,0.76446,0.22229,0.072231,25.639,2.437,29.963,-137.77,25.625
22.91,25.607,34.661,209.68,0.76812,0.22166,0.071466,25.621,2.5712,29.97,-137.8,25.607
22.92,25.589,34.667,209.8,0.77205,0.22101,0.070729,25.602,2.7031,29.978,-137.83,25.589
22.93,25.571,34.673,209.91,0.77624,0.22035,0.070016,25.584,2.833,29.985,-137.86,25.571
22.94,25.553,34.679,210.02,0.78069,0.21967,0.069328,25.566,2.9609,29.993,-137.88,25.553
22.95,25.535,34.686,210.13,0.78537,0.21898,0.068662,25.548,3.0869,30.001,-137.91,25.536
22.96,25.517,34.692,210.24,0.79027,0.21828,0.068019,25.53,3.2111,30.009,-137.94,25.518
22.97,25.499,34.698,210.35,0.79539,0.21756,0.067395,25.512,3.3336,30.016,-137.96,25.5
22.98,25.481,34.705,210.46,0.8007,0.21683,0.06679,25.494,3.4546,30.024,-137.99,25.482
22.99,25.464,34.711,210.57,0.8062,0.2161,0.066204,25.476,3.574,30.032,-138.01,25.465
23,25.446,34.717,210.68,0.81187,0.21535,0.065633,25.458,3.6922,30.04,-138.04,25.447
23.01,25.428,34.724,210.79,0.81769,0.21459,0.065078,25.44,3.8091,30.049,-138.06,25.429
23.02,25.411,34.73,210.89,0.82366,0.21383,0.064536,25.422,3.9248,30.057,-138.08,25.412
23.03,25.393,34.737,211,0.82975,0.21305,0.064008,25.404,4.0395,30.065,-138.1,25.394
23.04,25.376,34.743,211.11,0.83597,0.21227,0.06349,25.386,4.1533,30.073,-138.12,25.377
23.05,25.358,34.75,211.21,0.84229,0.21149,0.062982,25.368,4.2662,30.081,-138.14,25.359
23.06,25.341,34.756,211.32,0.8487,0.2107,0.062484,25.351,4.3784,30.09,-138.16,25.342
23.07,25.323,34.762,211.43,0.85518,0.2099,0.061992,25.333,4.4901,30.098,-138.18,25.324
23.08,25.306,34.769,211.53,0.86173,0.2091,0.061507,25.315,4.6012,30.106,-138.2,25.307
23.09,25.288,34.775,211.64,0.86833,0.2083,0.061027,25.297,4.7118,30.115,-138.22,25.289
23.1,25.271,34.782,211.74,0.87497,0.2075,0.06055,25.28,4.8222,30.123,-138.24,25.272
23.11,25.253,34.788,211.85,0.88164,0.20669,0.060075,25.262,4.9325,30.131,-138.26,25.254
23.12,25.236,34.795,211.95,0.88831,0.20588,0.059602,25.244,5.0426,30.14,-138.28,25.237
23.13,25.218,34.801,212.06,0.89498,0.20508,0.059128,25.226,5.1527,30.148,-138.3,25.22
23.14,25.201,34.808,212.16,0.90163,0.20427,0.058653,25.209,5.263,30.157,-138.32,25.202
23.15,25.183,34.814,212.27,0.90826,0.20347,0.058176,25.191,5.3735,30.165,-138.34,25.185
23.16,25.166,34.821,212.37,0.91488,0.20267,0.057698,25.173,5.4844,30.173,-138.36,25.167
23.17,25.148,34.827,212.48,0.92148,0.20187,0.057222,25.155,5.5957,30.182,-138.38,25.15
23.18,25.131,34.833,212.58,0.92807,0.20108,0.056748,25.137,5.7078,30.19,-138.4,25.132
23.19,25.113,34.84,212.69,0.93467,0.20029,0.056277,25.119,5.8206,30.198,-138.42,25.114
23.2,25.095,34.846,212.8,0.94128,0.19949,0.05581,25.101,5.9345,30.206,-138.44,25.096
23.21,25.077,34.852,212.91,0.94791,0.1987,0.055348,25.083,6.0497,30.214,-138.46,25.078
23.22,25.059,34.858,213.02,0.95456,0.19791,0.054892,25.064,6.1663,30.222,-138.48,25.06
23.23,25.04,34.864,213.13,0.96125,0.19712,0.054442,25.045,6.2847,30.23,-138.5,25.042
23.24,25.022,34.87,213.24,0.96798,0.19631,0.053999,25.026,6.4049,30.238,-138.52,25.023
23.25,25.003,34.876,213.35,0.97475,0.19551,0.053565,25.007,6.5272,30.245,-138.54,25.004
23.26,24.983,34.882,213.47,0.98158,0.19469,0.053139,24.988,6.6518,30.253,-138.56,24.985
23.27,24.964,34.888,213.59,0.98848,0.19387,0.052722,24.968,6.7789,30.26,-138.57,24.965
23.28,24.944,34.893,213.7,0.99544,0.19304,0.052316,24.948,6.9087,30.267,-138.59,24.946
23.29,24.924,34.899,213.83,1.0025,0.1922,0.051921,24.927,7.0415,30.274,-138.61,24.925
23.3,24.903,34.904,213.95,1.0096,0.19134,0.051539,24.907,7.1774,30.28,-138.63,24.905
23.31,24.882,34.909,214.08,1.0168,0.19047,0.051173,24.885,7.3167,30.287,-138.65,24.884
23.32,24.861,34.914,214.2,1.0242,0.1896,0.050826,24.864,7.4595,30.292,-138.67,24.863
23.33,24.839,34.919,214.33,1.0316,0.18871,0.050499,24.842,7.606,30.298,-138.69,24.841
23.34,24.817,34.923,214.47,1.0392,0.18781,0.050195,24.819,7.7563,30.303,-138.71,24.818
23.35,24.794,34.928,214.6,1.0468,0.1869,0.049916,24.796,7.9105,30.308,-138.72,24.796
23.36,24.771,34.932,214.74,1.0547,0.18598,0.049663,24.773,8.0689,30.312,-138.74,24.772
23.37,24.747,34.936,214.88,1.0626,0.18505,0.049439,24.749,8.2315,30.316,-138.76,24.749
23.38,24.722,34.94,215.03,1.0708,0.18411,0.049244,24.724,8.3987,30.319,-138.77,24.724
23.39,24.698,34.943,215.18,1.0791,0.18315,0.04908,24.699,8.5705,30.321,-138.79,24.699
23.4,24.672,34.947,215.33,1.0875,0.18219,0.048947,24.673,8.7471,30.323,-138.8,24.674
23.41,24.646,34.95,215.48,1.0962,0.18121,0.048847,24.647,8.9286,30.324,-138.82,24.648
23.42,24.619,34.953,215.64,1.1051,0.18022,0.048779,24.62,9.1152,30.324,-138.83,24.621
23.43,24.592,34.955,215.8,1.1142,0.17922,0.048743,24.592,9.307,30.323,-138.85,24.594
23.44,24.564,34.958,215.96,1.1236,0.17821,0.048741,24.564,9.5039,30.322,-138.86,24.566
23.45,24.535,34.96,216.13,1.1331,0.17718,0.048772,24.535,9.7061,30.319,-138.87,24.537
23.46,24.505,34.962,216.3,1.143,0.17615,0.048836,24.506,9.9137,30.315,-138.89,24.508
23.47,24.475,34.963,216.47,1.1531,0.17511,0.048934,24.475,10.127,30.31,-138.9,24.477
23.48,24.444,34.965,216.65,1.1636,0.17405,0.049065,24.444,10.345,30.304,-138.92,24.447
23.49,24.413,34.966,216.83,1.1743,0.17299,0.049232,24.413,10.57,30.297,-138.93,24.415
23.5,24.381,34.967,217.01,1.1853,0.17191,0.049432,24.381,10.799,30.288,-138.95,24.383
23.51,24.348,34.967,217.19,1.1966,0.17082,0.049668,24.347,11.035,30.278,-138.96,24.35
23.52,24.314,34.967,217.38,1.2081,0.16972,0.049941,24.314,11.275,30.267,-138.98,24.316
23.53,24.28,34.967,217.57,1.22,0.1686,0.050251,24.279,11.521,30.253,-138.99,24.282
23.54,24.244,34.967,217.76,1.2321,0.16746,0.0506,24.244,11.771,30.239,-139.01,24.247
23.55,24.208,34.966,217.95,1.2444,0.1663,0.050989,24.208,12.027,30.222,-139.02,24.211
23.56,24.172,34.965,218.15,1.2569,0.16512,0.05142,24.171,12.287,30.204,-139.04,24.174
23.57,24.134,34.964,218.34,1.2697,0.16392,0.051894,24.134,12.552,30.184,-139.05,24.137
23.58,24.096,34.963,218.54,1.2827,0.1627,0.052412,24.096,12.821,30.161,-139.07,24.099
23.59,24.057,34.961,218.74,1.2959,0.16145,0.052976,24.057,13.095,30.137,-139.08,24.06
23.6,24.018,34.959,218.95,1.3092,0.16017,0.053586,24.017,13.373,30.111,-139.09,24.02
23.61,23.977,34.957,219.15,1.3227,0.15887,0.054245,23.976,13.654,30.082,-139.1,23.98
23.62,23.936,34.954,219.35,1.3364,0.15753,0.054953,23.935,13.94,30.051,-139.11,23.939
23.63,23.894,34.951,219.56,1.3502,0.15616,0.055712,23.893,14.228,30.018,-139.12,23.897
23.64,23.852,34.948,219.77,1.3642,0.15475,0.056523,23.851,14.519,29.982,-139.13,23.855
23.65,23.808,34.944,219.97,1.3782,0.15331,0.057385,23.808,14.811,29.944,-139.14,23.811
23.66,23.765,34.941,220.18,1.3923,0.15182,0.0583,23.764,15.105,29.903,-139.14,23.768
23.67,23.72,34.937,220.38,1.4064,0.15029,0.059267,23.72,15.4,29.859,-139.14,23.723
23.68,23.675,34.933,220.58,1.4206,0.14871,0.060287,23.675,15.695,29.812,-139.15,23.679
23.69,23.63,34.929,220.78,1.4348,0.14709,0.06136,23.63,15.989,29.763,-139.15,23.634
23.7,23.585,34.924,220.98,1.4489,0.14541,0.062486,23.584,16.281,29.71,-139.14,23.588
23.71,23.539,34.92,221.17,1.4631,0.14369,0.063663,23.539,16.572,29.655,-139.14,23.542
23.72,23.493,34.915,221.36,1.4771,0.14191,0.064887,23.493,16.859,29.596,-139.13,23.496
23.73,23.447,34.911,221.54,1.491,0.14009,0.066154,23.447,17.142,29.534,-139.12,23.451
23.74,23.401,34.906,221.72,1.5048,0.13822,0.067462,23.401,17.421,29.469,-139.11,23.405
23.75,23.356,34.902,221.89,1.5184,0.1363,0.068805,23.356,17.695,29.401,-139.1,23.359
23.76,23.311,34.898,222.05,1.5316,0.13435,0.070177,23.311,17.967,29.329,-139.09,23.314
23.77,23.266,34.894,222.2,1.5446,0.13236,0.07157,23.266,18.235,29.254,-139.08,23.27
23.78,23.222,34.89,222.35,1.5572,0.13033,0.072979,23.222,18.501,29.175,-139.06,23.226
23.79,23.179,34.887,222.48,1.5694,0.12829,0.074396,23.179,18.766,29.093,-139.04,23.182
23.8,23.136,34.883,222.61,1.5811,0.12622,0.075816,23.137,19.031,29.008,-139.03,23.14
23.81,23.095,34.881,222.72,1.5923,0.12414,0.07723,23.095,19.296,28.919,-139.01,23.099
23.82,23.055,34.878,222.83,1.6029,0.12205,0.078633,23.055,19.562,28.827,-138.99,23.059
23.83,23.016,34.877,222.92,1.6129,0.11995,0.080018,23.017,19.831,28.731,-138.98,23.02
23.84,22.979,34.875,223,1.6222,0.11785,0.081378,22.98,20.102,28.631,-138.96,22.983
23.85,22.944,34.875,223.07,1.6308,0.11576,0.082706,22.944,20.377,28.528,-138.94,22.948
23.86,22.91,34.875,223.12,1.6386,0.11368,0.083998,22.91,20.656,28.421,-138.93,22.914
23.87,22.878,34.875,223.16,1.6456,0.11161,0.08525,22.878,20.939,28.311,-138.91,22.882
23.88,22.848,34.877,223.19,1.6519,0.10956,0.086462,22.848,21.227,28.198,-138.9,22.852
23.89,22.819,34.879,223.21,1.6574,0.10753,0.087635,22.819,21.519,28.081,-138.88,22.823
23.9,22.792,34.881,223.21,1.6622,0.10552,0.08877,22.792,21.814,27.962,-138.87,22.796
23.91,22.766,34.884,223.21,1.6665,0.10353,0.08987,22.766,22.112,27.84,-138.85,22.771
23.92,22.742,34.888,223.19,1.6702,0.10157,0.090934,22.741,22.413,27.717,-138.84,22.746
23.93,22.718,34.892,223.17,1.6734,0.099617,0.091966,22.718,22.715,27.592,-138.82,22.723
23.94,22.696,34.896,223.14,1.6762,0.097691,0.092966,22.695,23.018,27.466,-138.81,22.7
23.95,22.674,34.901,223.1,1.6786,0.095787,0.093938,22.673,23.32,27.34,-138.79,22.679
23.96,22.653,34.906,223.06,1.6808,0.09391,0.094888,22.652,23.622,27.213,-138.77,22.657
23.97,22.632,34.911,223.02,1.6829,0.092064,0.09582,22.631,23.92,27.086,-138.74,22.637
23.98,22.611,34.916,222.98,1.6851,0.090252,0.096741,22.61,24.213,26.961,-138.72,22.616
23.99,22.59,34.92,222.94,1.6874,0.088479,0.097655,22.588,24.5,26.837,-138.69,22.595
24,22.568,34.925,222.9,1.6899,0.086748,0.098565,22.567,24.781,26.715,-138.65,22.573
24.01,22.547,34.93,222.87,1.6925,0.085064,0.099472,22.545,25.057,26.595,-138.61,22.552
24.02,22.524,34.935,222.84,1.6955,0.083435,0.10038,22.522,25.33,26.478,-138.57,22.529
24.03,22.501,34.939,222.81,1.6987,0.081869,0.10128,22.499,25.6,26.364,-138.53,22.507
24.04,22.478,34.943,222.79,1.7021,0.080375,0.10217,22.475,25.869,26.252,-138.48,22.483
24.05,22.454,34.947,222.78,1.706,0.07896,0.10305,22.451,26.14,26.145,-138.43,22.459
24.06,22.428,34.95,222.78,1.7101,0.077633,0.10392,22.426,26.412,26.042,-138.38,22.434
24.07,22.402,34.954,222.79,1.7147,0.076401,0.10477,22.399,26.689,25.943,-138.33,22.407
24.08,22.375,34.956,222.81,1.7196,0.075266,0.10561,22.372,26.972,25.849,-138.27,22.38
24.09,22.347,34.959,222.84,1.7249,0.074231,0.10644,22.344,27.263,25.76,-138.21,22.352
24.1,22.318,34.961,222.88,1.7304,0.073298,0.10724,22.314,27.564,25.676,-138.15,22.323
24.11,22.287,34.963,222.93,1.7362,0.072465,0.10802,22.284,27.878,25.596,-138.09,22.293
24.12,22.257,34.964,222.98,1.7421,0.071733,0.10878,22.253,28.205,25.52,-138.03,22.262
24.13,22.225,34.966,223.05,1.7481,0.071101,0.10951,22.222,28.549,25.449,-137.97,22.231
24.14,22.193,34.967,223.13,1.7539,0.070573,0.11021,22.189,28.912,25.381,-137.91,22.198
24.15,22.16,34.968,223.21,1.7595,0.070147,0.11088,22.156,29.299,25.318,-137.85,22.166
24.16,22.127,34.968,223.3,1.7648,0.069824,0.1115,22.123,29.71,25.259,-137.81,22.133
24.17,22.093,34.969,223.4,1.7698,0.069604,0.11207,22.089,30.149,25.204,-137.76,22.099
24.18,22.059,34.969,223.5,1.7743,0.069487,0.11259,22.055,30.617,25.154,-137.73,22.065
24.19,22.024,34.97,223.61,1.7784,0.069466,0.11306,22.02,31.116,25.108,-137.7,22.03
24.2,21.988,34.97,223.73,1.7819,0.069537,0.11346,21.985,31.648,25.068,-137.68,21.995
24.21,21.953,34.97,223.86,1.785,0.06969,0.1138,21.949,32.215,25.032,-137.66,21.959
24.22,21.916,34.969,224,1.7875,0.069916,0.11408,21.912,32.819,25.001,-137.65,21.923
24.23,21.88,34.969,224.14,1.7894,0.070206,0.11429,21.876,33.46,24.976,-137.65,21.886
24.24,21.843,34.969,224.28,1.7908,0.070552,0.11444,21.839,34.137,24.954,-137.66,21.849
24.25,21.805,34.968,224.43,1.7916,0.070945,0.11453,21.801,34.849,24.937,-137.66,21.812
24.26,21.768,34.968,224.58,1.7919,0.071379,0.11456,21.764,35.595,24.924,-137.68,21.775
24.27,21.73,34.967,224.74,1.7918,0.071848,0.11454,21.726,36.373,24.915,-137.69,21.737
24.28,21.693,34.966,224.9,1.7912,0.072352,0.11447,21.689,37.181,24.909,-137.71,21.7
24.29,21.655,34.966,225.06,1.7903,0.072888,0.11434,21.651,38.018,24.907,-137.74,21.662
24.3,21.617,34.965,225.22,1.7889,0.073454,0.11417,21.613,38.884,24.909,-137.76,21.625
24.31,21.579,34.964,225.38,1.7871,0.074047,0.11396,21.575,39.778,24.913,-137.79,21.587
24.32,21.541,34.964,225.54,1.7851,0.074665,0.11372,21.537,40.698,24.921,-137.83,21.549
24.33,21.503,34.963,225.7,1.7827,0.075306,0.11344,21.499,41.643,24.932,-137.86,21.512
24.34,21.466,34.963,225.86,1.7802,0.075967,0.11314,21.461,42.613,24.946,-137.89,21.474
24.35,21.428,34.962,226.02,1.7776,0.076648,0.11282,21.424,43.604,24.962,-137.93,21.436
24.36,21.39,34.962,226.17,1.775,0.077346,0.11248,21.386,44.614,24.98,-137.97,21.399
24.37,21.353,34.961,226.33,1.7726,0.078056,0.11213,21.348,45.64,25.001,-138,21.361
24.38,21.315,34.961,226.47,1.7703,0.078771,0.11178,21.311,46.677,25.023,-138.04,21.324
24.39,21.278,34.961,226.62,1.7682,0.079487,0.11143,21.274,47.723,25.047,-138.08,21.287
24.4,21.241,34.96,226.75,1.7665,0.080198,0.11107,21.237,48.773,25.073,-138.11,21.251
24.41,21.204,34.96,226.88,1.7652,0.080903,0.11073,21.2,49.822,25.099,-138.15,21.214
24.42,21.168,34.961,227.01,1.7643,0.081598,0.11041,21.164,50.867,25.126,-138.18,21.178
24.43,21.132,34.961,227.12,1.7639,0.082283,0.1101,21.128,51.9,25.154,-138.22,21.142
24.44,21.097,34.961,227.22,1.764,0.082959,0.10982,21.092,52.916,25.182,-138.25,21.107
24.45,21.061,34.962,227.32,1.7648,0.083629,0.10956,21.057,53.908,25.21,-138.28,21.072
24.46,21.026,34.963,227.4,1.7661,0.084297,0.10932,21.022,54.868,25.239,-138.31,21.037
24.47,20.992,34.963,227.47,1.768,0.084967,0.10911,20.987,55.792,25.27,-138.33,21.002
24.48,20.957,34.964,227.54,1.7706,0.085644,0.10892,20.952,56.674,25.301,-138.36,20.968
24.49,20.923,34.965,227.6,1.7737,0.08633,0.10874,20.918,57.511,25.334,-138.38,20.934
24.5,20.888,34.966,227.64,1.7776,0.087028,0.10859,20.883,58.299,25.368,-138.4,20.899
24.51,20.854,34.967,227.69,1.7821,0.087738,0.10846,20.849,59.039,25.404,-138.42,20.865
24.52,20.819,34.968,227.72,1.7872,0.088457,0.10835,20.814,59.728,25.441,-138.44,20.831
24.53,20.785,34.969,227.75,1.7931,0.089184,0.10825,20.78,60.369,25.48,-138.46,20.796
24.54,20.75,34.97,227.78,1.7997,0.089919,0.10817,20.745,60.961,25.521,-138.47,20.762
24.55,20.716,34.971,227.8,1.8069,0.09066,0.10811,20.71,61.508,25.563,-138.48,20.727
24.56,20.681,34.972,227.82,1.8149,0.091406,0.10806,20.675,62.015,25.607,-138.48,20.693
24.57,20.646,34.973,227.84,1.8235,0.092154,0.10802,20.64,62.489,25.652,-138.48,20.658
24.58,20.611,34.974,227.85,1.8327,0.092904,0.10799,20.605,62.934,25.7,-138.48,20.623
24.59,20.576,34.975,227.86,1.8425,0.093656,0.10797,20.57,63.356,25.749,-138.48,20.588
24.6,20.54,34.975,227.86,1.853,0.094407,0.10796,20.534,63.763,25.799,-138.47,20.552
24.61,20.505,34.976,227.86,1.8641,0.095158,0.10796,20.499,64.161,25.85,-138.46,20.517
24.62,20.47,34.977,227.86,1.8758,0.095905,0.10798,20.464,64.558,25.901,-138.45,20.482
24.63,20.435,34.978,227.85,1.888,0.096646,0.10801,20.428,64.959,25.952,-138.43,20.447
24.64,20.399,34.979,227.84,1.9007,0.097377,0.10805,20.393,65.371,26.002,-138.42,20.412
24.65,20.364,34.98,227.82,1.9137,0.09809,0.10811,20.358,65.801,26.052,-138.4,20.376
24.66,20.329,34.98,227.8,1.9271,0.098774,0.10819,20.322,66.258,26.1,-138.38,20.341
24.67,20.293,34.981,227.78,1.9407,0.099422,0.10827,20.286,66.748,26.147,-138.36,20.305
24.68,20.257,34.982,227.75,1.9544,0.10002,0.10837,20.251,67.277,26.192,-138.34,20.27
24.69,20.221,34.983,227.73,1.968,0.10056,0.10847,20.215,67.85,26.233,-138.32,20.234
24.7,20.185,34.983,227.7,1.9813,0.10104,0.10858,20.179,68.472,26.273,-138.29,20.198
24.71,20.149,34.984,227.67,1.9943,0.10144,0.10868,20.142,69.145,26.309,-138.27,20.162
24.72,20.113,34.984,227.65,2.0068,0.10176,0.10879,20.106,69.871,26.342,-138.24,20.126
24.73,20.077,34.985,227.62,2.0186,0.102,0.1089,20.07,70.652,26.372,-138.21,20.09
24.74,20.04,34.985,227.59,2.0296,0.10214,0.10901,20.033,71.487,26.399,-138.18,20.053
24.75,20.003,34.985,227.57,2.0398,0.10218,0.10912,19.996,72.373,26.421,-138.15,20.016
24.76,19.966,34.986,227.55,2.049,0.10211,0.10923,19.959,73.301,26.441,-138.12,19.979
24.77,19.928,34.986,227.53,2.0574,0.10192,0.10935,19.921,74.265,26.456,-138.09,19.942
24.78,19.89,34.986,227.53,2.0651,0.1016,0.10947,19.883,75.256,26.469,-138.05,19.904
24.79,19.851,34.986,227.52,2.072,0.10115,0.1096,19.844,76.265,26.48,-138.02,19.865
24.8,19.812,34.985,227.53,2.0784,0.10054,0.10973,19.805,77.284,26.489,-137.98,19.827
24.81,19.773,34.985,227.55,2.0845,0.099803,0.10987,19.766,78.305,26.497,-137.94,19.787
24.82,19.733,34.984,227.58,2.0902,0.098934,0.11002,19.726,79.324,26.505,-137.9,19.747
24.83,19.692,34.983,227.62,2.0958,0.097963,0.11018,19.685,80.336,26.513,-137.85,19.707
24.84,19.651,34.982,227.67,2.1013,0.096914,0.11034,19.644,81.332,26.522,-137.81,19.666
24.85,19.61,34.981,227.73,2.1068,0.095819,0.11052,19.603,82.306,26.533,-137.76,19.625
24.86,19.568,34.98,227.81,2.1123,0.094738,0.11071,19.561,83.255,26.545,-137.7,19.584
24.87,19.526,34.979,227.88,2.1178,0.093786,0.11093,19.519,84.186,26.559,-137.65,19.542
24.88,19.484,34.977,227.97,2.1232,0.093096,0.11117,19.477,85.104,26.575,-137.59,19.5
24.89,19.441,34.976,228.05,2.1285,0.092806,0.11147,19.434,86.015,26.592,-137.54,19.457
24.9,19.399,34.974,228.14,2.1339,0.093056,0.11182,19.391,86.918,26.61,-137.48,19.414
24.91,19.355,34.973,228.22,2.1394,0.093989,0.11225,19.348,87.815,26.629,-137.42,19.371
24.92,19.312,34.971,228.29,2.1449,0.095759,0.11277,19.305,88.711,26.648,-137.36,19.328
24.93,19.269,34.97,228.36,2.1506,0.098537,0.1134,19.261,89.609,26.668,-137.31,19.285
24.94,19.225,34.968,228.42,2.1564,0.1025,0.11415,19.218,90.516,26.688,-137.25,19.241
24.95,19.181,34.966,228.47,2.1625,0.10784,0.11503,19.174,91.437,26.707,-137.2,19.198
24.96,19.137,34.964,228.51,2.169,0.11474,0.11606,19.13,92.381,26.725,-137.14,19.154
24.97,19.093,34.963,228.54,2.176,0.12344,0.11724,19.085,93.357,26.742,-137.1,19.109
24.98,19.048,34.961,228.54,2.1836,0.13415,0.11859,19.041,94.375,26.758,-137.05,19.065
24.99,19.002,34.959,228.53,2.192,0.1471,0.12013,18.995,95.443,26.772,-137.01,19.019
25,18.956,34.956,228.51,2.2014,0.16251,0.12187,18.949,96.572,26.784,-136.97,18.973
25.01,18.909,34.954,228.46,2.2119,0.1806,0.12382,18.901,97.768,26.795,-136.94,18.926
25.02,18.86,34.951,228.39,2.2239,0.20161,0.12601,18.853,99.038,26.805,-136.92,18.877
25.03,18.81,34.947,228.3,2.2376,0.22578,0.12844,18.803,100.39,26.815,-136.9,18.827
25.04,18.757,34.943,228.19,2.2533,0.25332,0.13115,18.75,101.83,26.824,-136.88,18.775
25.05,18.702,34.938,228.05,2.2711,0.28447,0.13416,18.695,103.36,26.834,-136.87,18.721
25.06,18.645,34.933,227.9,2.2912,0.31945,0.13748,18.638,104.99,26.844,-136.87,18.663
25.07,18.585,34.926,227.72,2.3136,0.35845,0.14112,18.578,106.71,26.854,-136.88,18.604
25.08,18.522,34.919,227.52,2.3385,0.40163,0.1451,18.515,108.51,26.864,-136.89,18.541
25.09,18.455,34.91,227.29,2.3661,0.44914,0.14942,18.449,110.4,26.876,-136.9,18.474
25.1,18.385,34.901,227.05,2.3965,0.50113,0.15408,18.379,112.38,26.889,-136.92,18.405
25.11,18.312,34.89,226.78,2.43,0.55773,0.15908,18.306,114.44,26.902,-136.94,18.332
25.12,18.235,34.879,226.49,2.4665,0.61908,0.16442,18.229,116.59,26.916,-136.96,18.255
25.13,18.154,34.866,226.18,2.506,0.68529,0.17009,18.149,118.82,26.931,-136.99,18.174
25.14,18.069,34.852,225.85,2.5488,0.75645,0.17609,18.064,121.14,26.947,-137.02,18.09
25.15,17.981,34.837,225.49,2.5948,0.83249,0.1824,17.976,123.56,26.962,-137.05,18.002
25.16,17.889,34.821,225.11,2.6439,0.91329,0.18901,17.885,126.05,26.978,-137.08,17.91
25.17,17.794,34.804,224.71,2.6962,0.99863,0.1959,17.79,128.62,26.994,-137.11,17.815
25.18,17.695,34.786,224.29,2.7513,1.0882,0.20304,17.691,131.25,27.008,-137.14,17.717
25.19,17.593,34.768,223.86,2.809,1.1817,0.21041,17.59,133.94,27.02,-137.17,17.616
25.2,17.49,34.748,223.42,2.869,1.2786,0.21796,17.487,136.67,27.031,-137.19,17.512
25.21,17.384,34.728,222.96,2.9309,1.3784,0.22568,17.382,139.42,27.039,-137.22,17.407
25.22,17.277,34.708,222.51,2.9944,1.4806,0.23351,17.275,142.17,27.045,-137.24,17.301
25.23,17.17,34.688,222.05,3.0593,1.5849,0.24144,17.169,144.92,27.05,-137.26,17.194
25.24,17.062,34.667,221.59,3.1253,1.6907,0.24943,17.061,147.64,27.052,-137.28,17.086
25.25,16.955,34.647,221.13,3.1922,1.7976,0.25745,16.954,150.33,27.053,-137.29,16.979
25.26,16.848,34.627,220.68,3.2599,1.9052,0.26549,16.848,152.97,27.053,-137.3,16.873
25.27,16.742,34.607,220.23,3.3282,2.0133,0.27351,16.742,155.56,27.051,-137.31,16.767
25.28,16.637,34.588,219.8,3.3968,2.1214,0.2815,16.637,158.1,27.048,-137.31,16.662
25.29,16.533,34.569,219.37,3.4656,2.2293,0.28943,16.534,160.56,27.044,-137.31,16.559
25.3,16.431,34.551,218.96,3.5344,2.3369,0.29729,16.433,162.96,27.04,-137.3,16.457
25.31,16.331,34.534,218.55,3.6033,2.444,0.30506,16.333,165.3,27.035,-137.29,16.357
25.32,16.233,34.517,218.17,3.672,2.5503,0.31272,16.235,167.56,27.03,-137.28,16.259
25.33,16.137,34.5,217.79,3.7405,2.6557,0.32028,16.139,169.75,27.025,-137.27,16.163
25.34,16.042,34.485,217.44,3.8088,2.7603,0.32773,16.045,171.86,27.021,-137.25,16.07
25.35,15.95,34.47,217.09,3.8769,2.8641,0.33508,15.954,173.91,27.016,-137.23,15.978
25.36,15.86,34.456,216.77,3.9447,2.9671,0.34233,15.864,175.9,27.012,-137.22,15.888
25.37,15.772,34.443,216.46,4.0123,3.0694,0.34948,15.776,177.81,27.009,-137.2,15.799
25.38,15.685,34.43,216.16,4.0797,3.1711,0.35655,15.689,179.66,27.006,-137.18,15.713
25.39,15.6,34.418,215.88,4.1468,3.2722,0.36354,15.605,181.45,27.003,-137.17,15.629
25.4,15.517,34.406,215.62,4.214,3.373,0.37046,15.522,183.18,27.002,-137.15,15.546
25.41,15.436,34.395,215.37,4.2811,3.4735,0.37733,15.441,184.85,27.001,-137.14,15.464
25.42,15.356,34.385,215.13,4.3483,3.5737,0.38414,15.361,186.45,27.001,-137.13,15.384
25.43,15.277,34.375,214.92,4.4157,3.6739,0.39092,15.282,188,27.003,-137.12,15.306
25.44,15.2,34.365,214.72,4.4835,3.7742,0.39767,15.205,189.48,27.006,-137.11,15.228
25.45,15.123,34.356,214.53,4.5519,3.8748,0.40442,15.128,190.91,27.011,-137.11,15.152
25.46,15.047,34.347,214.36,4.6211,3.9759,0.41117,15.053,192.27,27.016,-137.11,15.077
25.47,14.973,34.339,214.2,4.6913,4.0777,0.41795,14.978,193.59,27.024,-137.11,15.002
25.48,14.899,34.331,214.05,4.7628,4.1804,0.42477,14.905,194.86,27.032,-137.12,14.928
25.49,14.825,34.323,213.91,4.8357,4.2842,0.43164,14.831,196.07,27.04,-137.13,14.855
25.5,14.753,34.315,213.78,4.9103,4.3894,0.43859,14.759,197.24,27.05,-137.14,14.782
25.51,14.68,34.308,213.66,4.9866,4.4961,0.44562,14.686,198.36,27.06,-137.15,14.71
25.52,14.607,34.301,213.55,5.0651,4.6046,0.45275,14.614,199.44,27.072,-137.17,14.637
25.53,14.535,34.293,213.44,5.1458,4.7151,0.46001,14.541,200.48,27.084,-137.19,14.565
25.54,14.462,34.286,213.35,5.2289,4.8278,0.46741,14.468,201.48,27.098,-137.21,14.492
25.55,14.388,34.279,213.26,5.3145,4.9428,0.47496,14.395,202.45,27.113,-137.24,14.418
25.56,14.314,34.272,213.18,5.4028,5.0602,0.48267,14.321,203.39,27.128,-137.26,14.344
25.57,14.24,34.264,213.11,5.4937,5.18,0.49054,14.247,204.31,27.145,-137.29,14.27
25.58,14.165,34.257,213.04,5.5874,5.3024,0.49858,14.172,205.21,27.162,-137.32,14.195
25.59,14.089,34.249,212.98,5.6836,5.4273,0.50678,14.096,206.11,27.179,-137.34,14.119
25.6,14.013,34.241,212.92,5.7824,5.5546,0.51514,14.02,206.99,27.196,-137.37,14.042
25.61,13.936,34.234,212.87,5.8836,5.6841,0.52364,13.943,207.88,27.214,-137.4,13.966
25.62,13.858,34.226,212.82,5.9872,5.8158,0.53228,13.866,208.78,27.23,-137.43,13.888
25.63,13.781,34.218,212.78,6.0929,5.9494,0.54104,13.788,209.68,27.246,-137.46,13.811
25.64,13.703,34.21,212.74,6.2008,6.0848,0.5499,13.71,210.6,27.26,-137.49,13.733
25.65,13.625,34.202,212.7,6.3107,6.2219,0.55885,13.632,211.54,27.273,-137.52,13.655
25.66,13.547,34.195,212.67,6.4226,6.3603,0.56789,13.554,212.49,27.284,-137.55,13.577
25.67,13.469,34.187,212.63,6.5363,6.5001,0.57699,13.477,213.46,27.293,-137.57,13.499
25.68,13.391,34.179,212.6,6.6518,6.6408,0.58614,13.399,214.45,27.3,-137.6,13.421
25.69,13.314,34.172,212.58,6.7688,6.7824,0.59531,13.322,215.46,27.306,-137.62,13.344
25.7,13.237,34.165,212.55,6.8873,6.9244,0.6045,13.245,216.48,27.311,-137.64,13.267
25.71,13.16,34.158,212.53,7.0072,7.0668,0.61368,13.168,217.52,27.315,-137.66,13.19
25.72,13.084,34.151,212.51,7.1285,7.2094,0.62285,13.093,218.56,27.317,-137.68,13.114
25.73,13.009,34.145,212.5,7.2513,7.3521,0.632,13.017,219.62,27.319,-137.7,13.039
25.74,12.935,34.138,212.49,7.3758,7.495,0.64113,12.943,220.7,27.321,-137.71,12.965
25.75,12.861,34.132,212.48,7.5021,7.6383,0.65026,12.869,221.78,27.322,-137.72,12.891
25.76,12.787,34.126,212.47,7.6302,7.782,0.65937,12.795,222.88,27.324,-137.73,12.817
25.77,12.714,34.121,212.47,7.7605,7.9263,0.66849,12.722,224,27.325,-137.73,12.744
25.78,12.641,34.115,212.47,7.893,8.0715,0.67762,12.649,225.13,27.327,-137.74,12.671
25.79,12.568,34.11,212.47,8.028,8.2177,0.68677,12.577,226.28,27.328,-137.74,12.599
25.8,12.496,34.104,212.48,8.1657,8.3652,0.69596,12.504,227.45,27.329,-137.73,12.526
25.81,12.424,34.099,212.48,8.3063,8.5143,0.70519,12.432,228.65,27.329,-137.73,12.454
25.82,12.352,34.094,212.47,8.4501,8.6652,0.71448,12.361,229.87,27.327,-137.72,12.382
25.83,12.281,34.089,212.47,8.597,8.818,0.72383,12.289,231.11,27.325,-137.71,12.311
25.84,12.209,34.084,212.46,8.7475,8.9728,0.73326,12.218,232.38,27.322,-137.69,12.24
25.85,12.138,34.08,212.44,8.9015,9.1296,0.74278,12.147,233.66,27.319,-137.68,12.169
25.86,12.068,34.075,212.41,9.0591,9.2886,0.75239,12.076,234.97,27.314,-137.66,12.098
25.87,11.997,34.071,212.38,9.2206,9.4496,0.7621,12.006,236.29,27.31,-137.65,12.028
25.88,11.927,34.066,212.35,9.3857,9.6127,0.77191,11.936,237.64,27.305,-137.63,11.958
25.89,11.857,34.062,212.3,9.5544,9.7776,0.78181,11.866,239.01,27.299,-137.61,11.888
25.9,11.788,34.058,212.25,9.7267,9.9441,0.79181,11.797,240.4,27.294,-137.59,11.819
25.91,11.719,34.054,212.18,9.9025,10.112,0.80189,11.728,241.82,27.289,-137.57,11.75
25.92,11.651,34.051,212.11,10.082,10.281,0.81205,11.66,243.28,27.283,-137.55,11.682
25.93,11.584,34.047,212.02,10.264,10.452,0.8223,11.593,244.76,27.278,-137.54,11.615
25.94,11.517,34.044,211.93,10.45,10.623,0.83261,11.526,246.28,27.273,-137.52,11.548
25.95,11.451,34.041,211.83,10.639,10.796,0.84299,11.46,247.83,27.268,-137.5,11.482
25.96,11.386,34.039,211.71,10.831,10.968,0.85342,11.394,249.4,27.264,-137.49,11.417
25.97,11.321,34.036,211.6,11.027,11.142,0.8639,11.33,251,27.261,-137.47,11.352
25.98,11.257,34.034,211.47,11.225,11.315,0.8744,11.266,252.62,27.26,-137.46,11.288
25.99,11.194,34.032,211.34,11.426,11.488,0.8849,11.203,254.27,27.261,-137.45,11.225
26,11.131,34.03,211.21,11.63,11.661,0.8954,11.14,255.93,27.265,-137.43,11.163
26.01,11.07,34.028,211.08,11.836,11.833,0.90588,11.078,257.61,27.271,-137.43,11.101
26.02,11.009,34.027,210.95,12.046,12.005,0.91633,11.017,259.3,27.28,-137.42,11.04
26.03,10.948,34.026,210.81,12.258,12.177,0.92677,10.957,261.01,27.291,-137.41,10.98
26.04,10.889,34.025,210.67,12.474,12.349,0.9372,10.897,262.72,27.306,-137.41,10.921
26.05,10.83,34.024,210.52,12.693,12.52,0.94762,10.838,264.45,27.323,-137.4,10.862
26.06,10.772,34.024,210.36,12.916,12.692,0.95806,10.78,266.19,27.342,-137.4,10.804
26.07,10.714,34.023,210.19,13.144,12.864,0.96852,10.723,267.95,27.364,-137.4,10.747
26.08,10.657,34.023,210.01,13.375,13.037,0.97901,10.666,269.72,27.388,-137.4,10.69
26.09,10.601,34.023,209.81,13.612,13.21,0.98956,10.61,271.51,27.414,-137.41,10.634
26.1,10.546,34.023,209.6,13.854,13.385,1.0002,10.554,273.32,27.442,-137.41,10.578
26.11,10.49,34.024,209.36,14.101,13.56,1.0109,10.499,275.14,27.471,-137.42,10.523
26.12,10.436,34.024,209.11,14.354,13.738,1.0217,10.444,276.99,27.503,-137.43,10.469
26.13,10.381,34.025,208.83,14.614,13.917,1.0327,10.39,278.85,27.536,-137.44,10.415
26.14,10.328,34.026,208.52,14.881,14.099,1.0439,10.336,280.74,27.57,-137.45,10.361
26.15,10.274,34.027,208.19,15.156,14.283,1.0552,10.282,282.65,27.605,-137.46,10.307
26.16,10.22,34.028,207.82,15.44,14.47,1.0667,10.228,284.59,27.641,-137.47,10.253
26.17,10.166,34.029,207.42,15.732,14.66,1.0784,10.174,286.55,27.677,-137.48,10.2
26.18,10.113,34.03,206.98,16.033,14.854,1.0904,10.12,288.53,27.714,-137.49,10.146
26.19,10.059,34.031,206.51,16.344,15.051,1.1027,10.066,290.55,27.751,-137.49,10.093
26.2,10.005,34.032,205.99,16.665,15.251,1.1152,10.012,292.6,27.786,-137.5,10.039
26.21,9.9503,34.033,205.43,16.996,15.456,1.128,9.9579,294.7,27.82,-137.51,9.9843
26.22,9.8956,34.034,204.82,17.339,15.665,1.1412,9.9032,296.85,27.852,-137.51,9.9298
26.23,9.8407,34.035,204.16,17.693,15.878,1.1546,9.8481,299.05,27.883,-137.51,9.875
26.24,9.7853,34.036,203.46,18.059,16.096,1.1684,9.7927,301.32,27.911,-137.52,9.8197
26.25,9.7295,34.037,202.7,18.436,16.318,1.1826,9.7368,303.65,27.937,-137.52,9.7641
26.26,9.6732,34.037,201.9,18.826,16.545,1.1971,9.6805,306.04,27.962,-137.52,9.708
26.27,9.6165,34.038,201.04,19.229,16.776,1.212,9.6237,308.5,27.984,-137.52,9.6514
26.28,9.5592,34.039,200.13,19.645,17.013,1.2274,9.5663,311.04,28.004,-137.52,9.5942
26.29,9.5014,34.04,199.16,20.075,17.255,1.2431,9.5085,313.65,28.02,-137.52,9.5366
26.3,9.443,34.04,198.12,20.519,17.503,1.2593,9.4501,316.33,28.034,-137.53,9.4784
26.31,9.3842,34.041,197.03,20.979,17.756,1.2761,9.3911,319.1,28.044,-137.53,9.4197
26.32,9.3247,34.041,195.87,21.453,18.016,1.2933,9.3317,321.94,28.051,-137.53,9.3605
26.33,9.2648,34.041,194.65,21.943,18.282,1.311,9.2717,324.87,28.054,-137.54,9.3007
26.34,9.2043,34.042,193.36,22.449,18.553,1.3292,9.2112,327.88,28.054,-137.55,9.2404
26.35,9.1433,34.042,192.01,22.97,18.831,1.3479,9.1501,330.96,28.052,-137.55,9.1796
26.36,9.0817,34.042,190.59,23.508,19.115,1.3671,9.0884,334.11,28.047,-137.56,9.1182
26.37,9.0194,34.042,189.11,24.062,19.404,1.3868,9.0261,337.33,28.04,-137.57,9.0561
26.38,8.9565,34.042,187.58,24.631,19.7,1.407,8.9631,340.6,28.032,-137.58,8.9934
26.39,8.893,34.042,185.98,25.217,20.001,1.4277,8.8995,343.94,28.021,-137.58,8.9301
26.4,8.8288,34.042,184.32,25.818,20.307,1.4489,8.8353,347.32,28.01,-137.59,8.8661
26.41,8.7638,34.042,182.61,26.436,20.619,1.4705,8.7703,350.74,27.997,-137.59,8.8014
26.42,8.6982,34.042,180.83,27.07,20.937,1.4927,8.7047,354.2,27.984,-137.6,8.736
26.43,8.6319,34.041,179,27.72,21.26,1.5153,8.6383,357.7,27.97,-137.6,8.6698
26.44,8.5649,34.041,177.11,28.387,21.588,1.5384,8.5713,361.22,27.955,-137.6,8.603
26.45,8.4972,34.041,175.16,29.07,21.922,1.5619,8.5035,364.77,27.941,-137.6,8.5355
26.46,8.4287,34.04,173.15,29.769,22.26,1.586,8.435,368.34,27.927,-137.6,8.4672
26.47,8.3595,34.039,171.08,30.485,22.604,1.6104,8.3658,371.93,27.913,-137.6,8.3982
26.48,8.2897,34.039,168.95,31.218,22.952,1.6353,8.296,375.54,27.9,-137.59,8.3286
26.49,8.2193,34.038,166.78,31.967,23.305,1.6606,8.2255,379.18,27.888,-137.58,8.2584
26.5,8.1484,34.037,164.55,32.732,23.661,1.6862,8.1545,382.84,27.876,-137.57,8.1876
26.51,8.0769,34.036,162.27,33.515,24.022,1.7122,8.083,386.53,27.866,-137.56,8.1163
26.52,8.0049,34.035,159.94,34.313,24.386,1.7386,8.011,390.25,27.856,-137.55,8.0445
26.53,7.9326,34.034,157.57,35.128,24.754,1.7652,7.9387,394,27.848,-137.54,7.9724
26.54,7.8599,34.034,155.17,35.959,25.124,1.792,7.8659,397.8,27.841,-137.54,7.8998
26.55,7.7868,34.033,152.73,36.806,25.498,1.8191,7.7928,401.63,27.835,-137.53,7.827
26.56,7.7135,34.032,150.25,37.668,25.873,1.8464,7.7195,405.51,27.831,-137.52,7.7538
26.57,7.64,34.031,147.75,38.545,26.25,1.8738,7.6459,409.44,27.827,-137.52,7.6804
26.58,7.5663,34.03,145.23,39.437,26.628,1.9014,7.5722,413.41,27.824,-137.51,7.6069
26.59,7.4926,34.03,142.68,40.343,27.008,1.929,7.4984,417.43,27.822,-137.51,7.5334
26.6,7.4188,34.029,140.1,41.262,27.388,1.9568,7.4247,421.51,27.819,-137.5,7.4598
26.61,7.3451,34.028,137.51,42.195,27.768,1.9846,7.351,425.64,27.816,-137.5,7.3863
26.62,7.2716,34.028,134.9,43.139,28.149,2.0125,7.2774,429.83,27.812,-137.5,7.3129
26.63,7.1982,34.027,132.27,44.096,28.529,2.0403,7.204,434.08,27.809,-137.5,7.2398
26.64,7.1251,34.027,129.63,45.064,28.908,2.0682,7.1309,438.38,27.805,-137.5,7.1668
26.65,7.0524,34.027,126.98,46.042,29.286,2.096,7.0581,442.72,27.801,-137.5,7.0943
26.66,6.98,34.027,124.31,47.031,29.663,2.1238,6.9857,447.12,27.796,-137.5,7.0221
26.67,6.9081,34.027,121.63,48.029,30.038,2.1515,6.9138,451.55,27.791,-137.51,6.9504
26.68,6.8368,34.027,118.94,49.037,30.412,2.1792,6.8424,456.03,27.785,-137.51,6.8792
26.69,6.7661,34.028,116.23,50.052,30.784,2.2068,6.7717,460.54,27.778,-137.51,6.8088
26.7,6.6962,34.029,113.51,51.076,31.154,2.2344,6.7017,465.08,27.77,-137.51,6.739
26.71,6.627,34.029,110.78,52.106,31.522,2.2618,6.6324,469.66,27.761,-137.51,6.67
26.72,6.5586,34.03,108.04,53.144,31.887,2.2891,6.564,474.28,27.752,-137.51,6.6018
26.73,6.4911,34.032,105.29,54.188,32.251,2.3163,6.4965,478.94,27.741,-137.51,6.5345
26.74,6.4247,34.033,102.54,55.239,32.611,2.3434,6.43,483.62,27.729,-137.51,6.4682
26.75,6.3592,34.035,99.776,56.296,32.969,2.3703,6.3644,488.35,27.716,-137.52,6.4029
26.76,6.2947,34.037,97.012,57.358,33.324,2.397,6.2999,493.1,27.701,-137.52,6.3387
26.77,6.2312,34.039,94.25,58.426,33.676,2.4235,6.2364,497.89,27.685,-137.52,6.2754
26.78,6.1687,34.041,91.492,59.499,34.026,2.4499,6.1738,502.72,27.668,-137.53,6.2131
26.79,6.1071,34.044,88.743,60.577,34.372,2.476,6.1122,507.59,27.652,-137.53,6.1517
26.8,6.0464,34.047,86.006,61.66,34.714,2.5019,6.0514,512.53,27.636,-137.54,6.0912
26.81,5.9864,34.05,83.284,62.748,35.054,2.5276,5.9914,517.52,27.621,-137.55,6.0315
26.82,5.9272,34.053,80.58,63.839,35.39,2.553,5.9321,522.58,27.608,-137.56,5.9725
26.83,5.8687,34.056,77.893,64.935,35.722,2.5781,5.8735,527.69,27.596,-137.57,5.9142
26.84,5.8108,34.059,75.223,66.035,36.052,2.6031,5.8155,532.86,27.587,-137.58,5.8565
26.85,5.7535,34.063,72.569,67.139,36.378,2.6278,5.7581,538.08,27.579,-137.59,5.7995
26.86,5.6968,34.066,69.931,68.247,36.701,2.6522,5.7014,543.34,27.572,-137.6,5.743
26.87,5.6406,34.07,67.305,69.357,37.021,2.6765,5.6451,548.63,27.567,-137.6,5.6871
26.88,5.585,34.074,64.69,70.472,37.339,2.7006,5.5895,553.94,27.561,-137.61,5.6317
26.89,5.5299,34.078,62.083,71.588,37.654,2.7246,5.5343,559.26,27.556,-137.61,5.5769
26.9,5.4752,34.082,59.486,72.708,37.967,2.7483,5.4796,564.6,27.55,-137.61,5.5224
26.91,5.4209,34.086,56.897,73.83,38.278,2.772,5.4252,569.95,27.544,-137.61,5.4684
26.92,5.367,34.09,54.314,74.953,38.588,2.7955,5.3712,575.3,27.536,-137.61,5.4147
26.93,5.3134,34.095,51.737,76.079,38.897,2.8189,5.3175,580.64,27.528,-137.6,5.3613
26.94,5.26,34.099,49.163,77.206,39.205,2.8422,5.2641,585.99,27.518,-137.59,5.3082
26.95,5.2069,34.103,46.593,78.333,39.511,2.8655,5.2109,591.33,27.507,-137.59,5.2554
26.96,5.1539,34.108,44.025,79.462,39.818,2.8887,5.1579,596.66,27.494,-137.58,5.2027
26.97,5.1011,34.112,41.458,80.591,40.124,2.9119,5.105,601.99,27.48,-137.57,5.1501
26.98,5.0484,34.117,38.892,81.721,40.429,2.9351,5.0522,607.32,27.465,-137.56,5.0977
26.99,4.9958,34.121,36.327,82.851,40.735,2.9583,4.9995,612.64,27.45,-137.54,5.0453
27,4.9431,34.126,33.761,83.981,41.04,2.9815,4.9468,617.97,27.434,-137.53,4.9929
