sigma0,conservative_temp,absolute_salinity,nitrate,phosphate,oxygen
21.01,29.19326861371146,33.80479177145221,-0.17882943910602278,0.15010176513097145,204.6897100336209
21.020000000000003,29.182482345373725,33.81360283728786,-0.17096533730244903,0.15126541833717,204.79943111663974
21.03,29.1716930131567,33.822412542956364,-0.1630993567949621,0.15242939536004366,204.90915844683445
21.040000000000003,29.160898702135817,33.83122003835329,-0.15523032339360887,0.1535938985850155,205.01889592869009
21.05,29.150097497386533,33.84002447337415,-0.14735706290844747,0.15475913039750688,205.1286474666916
21.060000000000002,29.139287483984276,33.848824997914505,-0.13947840114952478,0.15592529318294088,205.238416965324
21.07,29.128466747004502,33.85762076186988,-0.13159316392689896,0.1570925893267388,205.34820832907218
21.080000000000002,29.117633371522647,33.86641091513583,-0.12370017705061687,0.1582612212143238,205.45802546242118
21.09,29.10678544261415,33.87519460760789,-0.11579826633073664,0.15943139123111716,205.5678722698559
21.1,29.095921045354455,33.8839709891816,-0.10788625757730516,0.16060330176254192,205.67775265586135
21.110000000000003,29.085038264819005,33.8927392097525,-0.09996297660037774,0.16177715519401997,205.7876705249225
21.12,29.074135186083243,33.90149841921612,-0.09202724921000971,0.16295315391097306,205.89762978152427
21.130000000000003,29.06320989422261,33.91024776746802,-0.08407790121624795,0.16413150029882423,206.00763433015172
21.14,29.05226047431255,33.91898640440373,-0.07611375842915058,0.16531239674299483,206.1176880752897
21.150000000000002,29.041285011428506,33.92771347991879,-0.06813364665876448,0.16649604562890796,206.22779492142325
21.16,29.03028159064592,33.93642814390875,-0.06013639171514782,0.16768264934198499,206.33795877303731
21.17,29.019248224318492,33.9451295140632,-0.05212078241007872,0.16887240621287333,206.44818402680295
21.180000000000003,29.008181836667333,33.95381622617531,-0.04408505395160761,0.17006545390076294,206.5584824439532
21.19,28.997078514266924,33.962486545073475,-0.03602701538253305,0.1712618833598366,206.6688714549755
21.200000000000003,28.985934322144544,33.97113872604356,-0.02794446478319529,0.1724617843428633,206.77936863619024
21.21,28.974745325327508,33.97977102437144,-0.019835200233946054,0.17366524660261032,206.88999156391776
21.220000000000002,28.963507588843086,33.988381695342994,-0.01169701981512557,0.17487235989184674,207.00075781447848
21.23,28.952217177718587,33.996968994244085,-0.0035277216070856068,0.1760832139633398,207.1116849641927
21.240000000000002,28.94087015698129,34.005531176360606,0.0046748963098336566,0.17729789856985853,207.22279058938085
21.25,28.929462591658503,34.0140664969784,0.01291303585528041,0.17851650346417025,207.33409226636329
21.26,28.91799054677751,34.02257321138337,0.02118889894891454,0.17973911839904397,207.44560757146033
21.270000000000003,28.906450087365602,34.03104957486138,0.029504687510387106,0.18096583312724746,207.5573540809924
21.28,28.894837278450083,34.0394938426983,0.037862603459349164,0.18219673740154835,207.66934937127982
21.290000000000003,28.883148185058232,34.04790427018,0.04626484871546068,0.18343192097471575,207.78161101864305
21.3,28.87137887221736,34.05627911259236,0.0547136251983697,0.1846714735995169,207.89415659940232
21.310000000000002,28.85952540495474,34.064616625221255,0.06321113482773623,0.18591548502872088,208.00700368987813
21.32,28.847583964278392,34.07291511671306,0.07175957987233757,0.1871640426326295,208.12016767992756
21.330000000000002,28.83555158926947,34.08117329160225,0.08036112106931138,0.188417225368798,208.23364462044475
21.34,28.82342570405012,34.089390032619455,0.08901787853411817,0.18967511301180998,208.34742030819064
21.35,28.811203734573958,34.09756422336183,0.09773197143882452,0.19093778549682797,208.46148043736542
21.360000000000003,28.798883106794595,34.105694747426426,0.10650551895548778,0.19220532275901334,208.57581070216912
21.37,28.786461246665652,34.113780488410384,0.11534064025616528,0.19347780473352738,208.69039679680176
21.380000000000003,28.77393571996802,34.12182039411072,0.12423943160425438,0.1947553100813689,208.80522372824225
21.39,28.761305125893497,34.129813886802204,0.13320381995376282,0.19603790804666887,208.92027142447495
21.400000000000002,28.748568526811706,34.13776060142184,0.14223565637374608,0.19732566365289272,209.035517537064
21.41,28.735724987277095,34.145660173909825,0.15133679157529878,0.19861864190359513,209.1509397068356
21.42,28.722773571844087,34.15351224020632,0.16050907626952834,0.19991690780233265,209.26651557461608
21.430000000000003,28.70971334506712,34.16131643625149,0.16975436116753254,0.20122052635266047,209.38222278123163
21.44,28.69654337150063,34.169072397985495,0.17907449698040906,0.20252956255813384,209.4980389675085
21.450000000000003,28.68326271569905,34.17677976134852,0.18847133441926553,0.20384408142230923,209.61394177427297
21.46,28.66987044221682,34.18443816228072,0.19794672419519627,0.20516414794874144,209.72990884235125
21.470000000000002,28.6563655315179,34.19204720020308,0.2075024183881584,0.20648981703155486,209.84591479263042
21.48,28.642746627704447,34.19960632845979,0.21713977455349992,0.20782110312714458,209.9619221662405
21.490000000000002,28.629012290788122,34.20711496387585,0.22686005161543196,0.20915801058247532,210.07789048437252
21.5,28.615161080780613,34.21457252327628,0.23666451725811855,0.21050055097250311,210.19377754962358
21.51,28.60119155769358,34.221978423486085,0.24655447420559765,0.21184876478415735,210.30953429021633
21.520000000000003,28.58710228153871,34.22933208133027,0.25653123394186356,0.21320269973235906,210.42510991577973
21.53,28.572891812327683,34.23663291363382,0.2665961079509104,0.21456240353202927,210.5404536359426
21.540000000000003,28.558558710072173,34.24388033722176,0.2767504077167431,0.21592792389809043,210.6555146603341
21.55,28.54410153478386,34.251073768919085,0.28699544472335226,0.21729930854546317,210.77024219858293
21.560000000000002,28.52951884673266,34.25821262566712,0.2973325307372128,0.21867660525004418,210.88458546153618
21.57,28.51480954889129,34.26529647874947,0.30776335236279,0.22005994270057283,210.99849527617616
21.580000000000002,28.499973562527103,34.2723253580569,0.3182907099847181,0.22144969000730283,211.11192727161304
21.59,28.48501099717447,34.279299378269556,0.328917609908418,0.2228462607307221,211.22483796479617
21.6,28.469921963912274,34.28621865483816,0.3396470462647007,0.22425006742064774,211.33718410766963
21.610000000000003,28.454706633862436,34.29308333316856,0.3504815398958066,0.22566148333697886,211.448931587589
21.62,28.439365256144917,34.29989359757942,0.36142299682539725,0.22708083070062385,211.56005815913304
21.630000000000003,28.4238980850924,34.306649634989995,0.3724732819877859,0.228508428321471,211.67054236998692
21.64,28.408305375037585,34.31335163231954,0.38363426031727,0.22994459500940648,211.7803627678358
21.650000000000002,28.39258738031315,34.31999977648733,0.3949077967481629,0.23138964957431862,211.88949790036492
21.66,28.376744355251805,34.32659425441261,0.40629575621476177,0.2328439108260936,211.9979263152594
21.67,28.360776554186227,34.33313525301467,0.41780000365138026,0.23430769757461964,212.10562656020448
21.680000000000003,28.344684231449115,34.33962295921275,0.4294224039923195,0.23578132862978352,212.21257718288535
21.69,28.328467641373166,34.346057559926095,0.44116482217188074,0.2372651228014719,212.31875673098705
21.700000000000003,28.312127213719908,34.35243932106909,0.4530289990401963,0.2387593929046916,212.42414295350966
21.71,28.295664674779736,34.35876909237915,0.4650157583877381,0.24026440744852656,212.52870769666976
21.720000000000002,28.279082301463934,34.36504797185694,0.4771255009327641,0.2417804150339838,212.63242064355478
21.73,28.262381188236937,34.37127653750258,0.48935815726812437,0.243307662223318,212.7352702225686
21.740000000000002,28.245560873180523,34.3774546828418,0.5017131493474852,0.24484639305205824,212.83726775730184
21.75,28.228620139097835,34.38358196956844,0.5141937285513436,0.24639685138686573,212.93836898152335
21.76,28.211556921321474,34.389657587098704,0.5268081736222784,0.247959281094404,213.0384553003908
21.770000000000003,28.194369098546165,34.39568069996891,0.5395650992899185,0.2495339260413348,213.13740315155576
21.78,28.177054549466636,34.401650472715346,0.5524731202838934,0.25112103009431996,213.23508897266964
21.790000000000003,28.159611152777597,34.40756606987431,0.5655408513338459,0.2527208371200231,213.3313892013841
21.8,28.142036787173787,34.4134266559821,0.578777070142168,0.2543336158378805,213.42618072109107
21.810000000000002,28.124329331349898,34.419231395575004,0.5921912063023299,0.255959734378432,213.51934219814476
21.82,28.106486664000688,34.42497945318932,0.6057928523805509,0.25759958572499037,213.61075274463983
21.830000000000002,28.08850666382085,34.43066999336135,0.6195916009430689,0.25925356286087076,213.70029147267113
21.840000000000003,28.070387209505114,34.4363021806274,0.6335969311051521,0.26092205208400177,213.78784028713488
21.85,28.052126179748218,34.44187517952374,0.6478174835085978,0.2626053902831408,213.87330173347704
21.860000000000003,28.03372145324486,34.44738815458669,0.6622615229889268,0.2643038922017101,213.95658760829897
21.87,28.015170894384717,34.45284026408829,0.6769372308020537,0.26601786312045467,214.03761071818417
21.880000000000003,27.996472153511316,34.45823057256889,0.691851564130099,0.2677474682934866,214.11629832909588
21.89,27.977622716195093,34.463558072413946,0.7070105378607145,0.2694927651821342,214.19258883785636
21.900000000000002,27.95862006376791,34.468821754152884,0.7224201426424867,0.27125380847492364,214.2664209276124
21.91,27.939461677561667,34.47402060831512,0.7380863691239802,0.2730306528603785,214.3377332815105
21.92,27.920145039253168,34.47915362558253,0.7540152074921882,0.2748233530039306,214.40646458363088
21.930000000000003,27.900668102701893,34.48422000508359,0.7702120882391705,0.27663193855656437,214.4725555968328
21.94,27.88103033085941,34.48921961012039,0.7866811674183241,0.2784564062601321,214.53595943661642
21.950000000000003,27.861231526010975,34.4941524522726,0.8034265864923342,0.2802967703291962,214.59663501488373
21.96,27.84127149157743,34.49901854359962,0.8204524910846813,0.28215304542176156,214.65454130965767
21.970000000000002,27.821150030979577,34.50381789616078,0.8377630268188698,0.28402524619583625,214.70963729896133
21.98,27.800866954812843,34.508550525187864,0.8553623283374446,0.2859133861332105,214.76188202298042
21.990000000000002,27.780422584522555,34.513216671820516,0.8732536806839226,0.28781738771149745,214.81123982365656
22.0,27.759817546934773,34.517816712585685,0.8914388594133043,0.28973701341863417,214.85769088227536
22.01,27.73905266162246,34.52235110907536,0.909917905322263,0.29167187898101676,214.90122924743136
22.020000000000003,27.718129346361824,34.52682058694489,0.9286892924124175,0.2936214883700855,214.94185210539376
22.03,27.697049043322767,34.53122588262371,0.94775171873752,0.29558554704113027,214.97951140768225
22.040000000000003,27.67581273141437,34.53556752931042,0.9671039608312878,0.29756389939203304,215.01413992818132
22.05,27.65442035594969,34.539845606768736,0.9867445857759738,0.29955642875676747,215.0456873173407
22.060000000000002,27.632871722389417,34.544060133409666,1.0066721320105352,0.3015630235239149,215.07410555615908
22.07,27.611166636194298,34.54821112764419,1.0268851379739001,0.3035835720820538,215.0993466256351
22.080000000000002,27.58930490282503,34.55229860788333,1.0473821421050262,0.30561796281976555,215.1213625067674
22.090000000000003,27.567286322325913,34.5563225901319,1.0681616828428488,0.30766608412562935,215.1401053156799
22.1,27.545110484177467,34.56028299685443,1.0892222986263043,0.30972782438822427,215.15553242148718
22.110000000000003,27.522776704330404,34.56417962900333,1.1105625278943494,0.31180307199613183,215.1676080171246
22.12,27.50028428045501,34.568012279410134,1.132180909085912,0.31389171533793037,215.17629675157497
22.130000000000003,27.477632510221536,34.57178074090637,1.1540759806399508,0.3159936428022014,215.1815632738211
22.14,27.45482064341663,34.575484785403376,1.1762463007362023,0.3181087446728363,215.18337256653678
22.150000000000002,27.43184721334541,34.57912387178404,1.1986907229351775,0.3202369395932181,215.1816946053963
22.16,27.40871029313213,34.58269725674094,1.2214077679427444,0.32237812230747204,215.17650751372827
22.17,27.385408925374232,34.586204612108645,1.2443924147934853,0.3245318814891068,215.16782153342797
22.18,27.361943020946832,34.589645983733156,1.2676378686123024,0.3266976364022772,215.15566751626994
22.19,27.338311764886463,34.59302110178535,1.291137155379873,0.3288748057775977,215.1400819922215
22.200000000000003,27.314513028391644,34.59632912525516,1.3148830875908557,0.33106281771757623,215.12110961015966
22.21,27.290545024198327,34.59956936126355,1.3388690917646253,0.33326115356245556,215.0987924467241
22.220000000000002,27.266406787478264,34.6027414730089,1.3630904804952404,0.3354694501550837,215.07316416963977
22.23,27.24209743097561,34.60584515465192,1.3875429150828824,0.3376873730883422,215.04425336758513
22.240000000000002,27.21761715753753,34.60888057109297,1.4122222843686973,0.3399146043380356,215.0120789807307
22.25,27.19296700242586,34.61184824232075,1.4371268262387809,0.3421509950109271,214.97664090868844
22.26,27.168148447905686,34.614748878742205,1.4622561643897594,0.34439649599197525,214.937928139606
22.270000000000003,27.1431629820196,34.617583193225435,1.487609865208231,0.34665105725295176,214.89593015110273
22.28,27.118012092810176,34.620351898638525,1.513186369545923,0.3489145958051826,214.8506458549551
22.290000000000003,27.092697268319966,34.62305570784956,1.538983251815619,0.35118700328698,214.80208142537242
22.3,27.067219996591557,34.62569533372663,1.564998064142247,0.3534681706839705,214.75024322337893
22.310000000000002,27.04158176732977,34.628271489840884,1.5912283617122898,0.3557579891668544,214.69513756196466
22.32,27.0157844226405,34.6307850388087,1.6176723487542282,0.35805638914120985,214.63676057086104
22.330000000000002,26.98983059088286,34.63323717578609,1.6443296775950988,0.3603633885508205,214.57508565960424
22.340000000000003,26.963723006801207,34.6356291409239,1.6712001964991239,0.36267901718395995,214.51008316353932
22.35,26.93746439152758,34.637962168066736,1.6982838412813657,0.3650033071893944,214.44172350683843
22.360000000000003,26.91105726251337,34.64023739669983,1.7255818577768733,0.3673363260358529,214.36997844279333
22.37,26.88450398041628,34.642455893670395,1.7530965002766157,0.3696781683814374,214.2948207478548
22.380000000000003,26.857806901860673,34.64461872395709,1.7808300490125908,0.3720289295836576,214.21622322479254
22.39,26.830968383470967,34.646726952538636,1.8087847842167575,0.3743887050000205,214.13415867637636
22.400000000000002,26.80399080693617,34.648781654883784,1.8369629861211143,0.37675758998803627,214.0485993060578
22.41,26.776877128791075,34.65078414675037,1.8653669349576194,0.37913567990521163,213.95950344092964
22.42,26.74963084431069,34.65273596255894,1.8939989109582718,0.38152307010905673,213.86681350681502
22.43,26.722255436088027,34.65463862461084,1.9228611943550293,0.3839198559570784,213.77046921326672
22.44,26.694754385074898,34.6564936542244,1.951956065379891,0.38632613280678674,213.6704101777958
22.450000000000003,26.667131172223147,34.65830257271793,1.981285804264826,0.38874199601568943,213.56657601791338
22.46,26.63938927848461,34.66006690140978,2.0108526912418014,0.391167540941294,213.45890635113074
22.470000000000002,26.6115321848111,34.66178816161825,2.040659006542817,0.39360286294111063,213.34734079495888
22.48,26.583563372154472,34.66346787466169,2.0707070303998307,0.39604805737264615,213.2318189669091
22.490000000000002,26.55548632146654,34.66510756185839,2.1009990430448413,0.3985032195934107,213.11228048449243
22.5,26.527304513699146,34.666708744526716,2.1315373247098064,0.40096844496091094,212.98866496522018
22.51,26.49902142980411,34.66827294398496,2.1623241556267265,0.4034438288326573,212.8609120266033
22.520000000000003,26.470640550733272,34.66980168155146,2.193361816027569,0.4059294665661571,212.72896128615304
22.53,26.442165357438473,34.67129647854454,2.2246525861443014,0.408425453518918,212.59275236138063
22.540000000000003,26.413599330871524,34.672758856282535,2.2561987462089235,0.41093188504845035,212.45222486979716
22.55,26.384945951984278,34.674190336083754,2.2880025767101855,0.4134488565367963,212.30731843349912
22.560000000000002,26.356208701728544,34.675592439266524,2.3200666989011607,0.4159764959246698,212.15797875931344
22.57,26.32739106105618,34.67696668714918,2.3523947465695927,0.41851502789643596,212.00416963401568
22.580000000000002,26.29849651301431,34.678314601873275,2.3849904986720474,0.42106469231750054,211.84585871279666
22.590000000000003,26.269528702765683,34.679637769273576,2.417854482032887,0.4236255197374007,211.6830543253118
22.6,26.240491550270228,34.68093788314935,2.45098171088672,0.4261971859007522,211.5158337472573
22.610000000000003,26.211389002106134,34.68221664775782,2.484366665489566,0.42877933218389075,211.3442809328075
22.62,26.182225004851656,34.68347576735624,2.5180038260974005,0.4313715999631486,211.16847983613707
22.630000000000003,26.153003505084992,34.68471694620188,2.551887672966247,0.43397363061486155,210.9885144114203
22.64,26.123728422969023,34.68594187642466,2.5860126355651887,0.43658505756780247,210.80447070885336
22.650000000000002,26.09440340596463,34.68715212495675,2.620372619059041,0.4392054322032052,210.6164564171512
22.66,26.065031940653203,34.688349184870354,2.654961219301158,0.4418342574986514,210.4245919905944
22.67,26.03561748301201,34.689534536014456,2.6897720604522006,0.44447103637681035,210.22899797118487
22.68,26.006162832949336,34.69070937605946,2.724799509689224,0.447115284886287,210.02979312368882
22.69,25.976670134304392,34.69187462049731,2.7600386772057757,0.44976653220163004,209.82709443563584
22.700000000000003,25.947141502391688,34.693031172551265,2.795484705500425,0.45242430806807804,209.6210188172847
22.71,25.91757905252573,34.69417993544462,2.831132737071742,0.45508814223086985,209.41168317889407
22.720000000000002,25.887984900021,34.695321812400664,2.8669779144183356,0.45775756443524696,209.19920443072243
22.73,25.858361160192008,34.69645770664268,2.9030153800387652,0.46043210442644716,208.98369948302857
22.740000000000002,25.828709948353236,34.69758852139395,2.9392402764316374,0.46311129194971207,208.76528524607102
22.75,25.799033379819207,34.698715159877764,2.975647746095511,0.4657946567502795,208.54407863010852
22.76,25.76933356990439,34.69983852531739,3.0122329315289953,0.46848172857339093,208.3201965453996
22.770000000000003,25.73961263392329,34.700959520936145,3.048990975230659,0.4711720371642851,208.09375590220287
22.78,25.709872687190423,34.70207904995728,3.085917019699074,0.47386511226820077,207.86487361077715
22.790000000000003,25.68011584502026,34.703198015604094,3.123006207432849,0.4765604836303795,207.63366658138096
22.8,25.650344222727323,34.70431732109987,3.1602536809305404,0.4792576809960591,207.40025172427298
22.810000000000002,25.620559935626087,34.70543786966791,3.197654582690759,0.4819562341104811,207.16474594971177
22.82,25.590765099031074,34.70656056453147,3.2352040552120602,0.4846556727188833,206.9272661679561
22.830000000000002,25.560961828256747,34.70768630891385,3.2728973477534584,0.48735553611208315,206.68792794595225
22.840000000000003,25.53115223861763,34.70881600603834,3.3107338598846328,0.4900557346651576,206.4467946293854
22.85,25.50133844542822,34.70995055912821,3.34871838257566,0.4927566608047657,206.2038617266754
22.860000000000003,25.471522564003,34.711090871406746,3.3868560671130234,0.4954587391738878,205.95912021256296
22.87,25.441706709656486,34.71223784609725,3.425152064783151,0.4981623944155003,205.71256106178924
22.880000000000003,25.411892997703152,34.713392386422996,3.4636115268725263,0.5008680511725839,205.46417524909512
22.89,25.38208354345752,34.71455539560726,3.502239604667576,0.503576134088115,205.21395374922176
22.900000000000002,25.352280462234063,34.715727776873344,3.5410414494547835,0.506287067805074,204.96188753690998
22.91,25.3224858693473,34.716910433444525,3.580022212520576,0.5090012769664377,204.707967586901
22.92,25.29270188011171,34.71810426854408,3.6191870451514374,0.5117191862151862,204.4521848739355
22.93,25.262930609841817,34.71931018539531,3.6585410986337954,0.5144412201942964,204.1945303727548
22.94,25.23317417385208,34.720529087221486,3.6980895242541325,0.5171678035467484,203.93499505809967
22.950000000000003,25.20343468745702,34.72176187724589,3.7378374732988897,0.5198993609155198,203.6735699047112
22.96,25.173714265971146,34.72300945869182,3.7777900970545097,0.5226363169435884,203.41024588733043
22.970000000000002,25.144015024708924,34.724272734782566,3.8179525468074753,0.5253790962739343,203.14501398069828
22.98,25.114339078984884,34.72555260874139,3.8583299738442127,0.5281281235495343,202.87786515955582
22.990000000000002,25.084688544113497,34.72684998379159,3.898927529451207,0.5308838234133687,202.60879039864392
23.0,25.055065554805772,34.72816576934929,3.9397501010170832,0.5336465810647624,202.33778879776034
23.01,25.02547235068406,34.72950090832629,3.980801148565602,0.5364165683610447,202.0649034033389
23.020000000000003,24.995911206678205,34.73085635490724,4.022083598295727,0.5391938863765007,201.79019167455417
23.03,24.966384399302942,34.732233063794496,4.063599167705134,0.541978658616201,201.51370228298362
23.040000000000003,24.93689426565101,34.733632009486385,4.105349162696943,0.5447709973541367,201.2354705370553
23.05,24.907443221508178,34.73505419219687,4.147335898049353,0.5475709709259687,200.95552528200838
23.060000000000002,24.87803368791938,34.7365006138585,4.1895617595376695,0.5503786446629682,200.6738949563524
23.07,24.848668085929575,34.737972276403895,4.232029132937137,0.5531940838964019,200.39060799859712
23.080000000000002,24.819348836583693,34.73947018176561,4.274740404023061,0.5560173539575409,200.10569284725204
23.090000000000003,24.790078360926685,34.74099533187625,4.317697958570702,0.5588485201776535,199.81917794082693
23.1,24.76085905726432,34.74254871863481,4.36090418235532,0.5616876478880072,199.53109541607796
23.110000000000003,24.731693200911096,34.74413127967089,4.404361461152222,0.5645348024198733,199.24149741275878
23.12,24.702583025789345,34.74574393434997,4.448072180736651,0.5673900491045186,198.95044268126566
23.130000000000003,24.673530765790193,34.74738760202374,4.492038726883915,0.5702534532732141,198.6579805934067
23.14,24.644538654804794,34.749063202043935,4.536263394692815,0.5731250872554665,198.36414267958654
23.150000000000002,24.615608926724256,34.75077165376223,4.580747122473978,0.5760051280951869,198.0689299694412
23.16,24.58674381543975,34.752513876530344,4.6254898040797,0.5788938334456348,197.77232119911673
23.17,24.557945560823367,34.75429079204144,4.670491132736961,0.581791451913357,197.47429631349263
23.18,24.52921656263466,34.756103383094704,4.715744046819599,0.584697799804407,197.1749025797352
23.19,24.50055876834691,34.757952444214354,4.761232709908447,0.587612131851217,196.87427509165175
23.200000000000003,24.47197289553888,34.75983827241522,4.806940699150098,0.5905336652553058,196.5725623324011
23.21,24.443459497985742,34.76176109852825,4.852851591691142,0.5934616172181919,196.26991393376792
23.220000000000002,24.415019129462646,34.76372115338433,4.898948964678222,0.5963952049413969,195.96647952753665
23.23,24.38665234374477,34.76571866781441,4.945216395257913,0.5993336456264384,195.6624087454921
23.240000000000002,24.358359694607266,34.767753872649415,4.991637460576855,0.6022761564748382,195.35785121941862
23.25,24.330141735825315,34.769826998720255,5.0381971732859565,0.6052220700788015,195.05294052979707
23.26,24.301999021174066,34.771938276857846,5.084888310362084,0.608171343153284,194.74772343914955
23.270000000000003,24.27393210442869,34.77408793789313,5.1317062618331475,0.611124142459113,194.4422174917811
23.28,24.24594144533168,34.77627617541345,5.178646547788822,0.6140806461032964,194.13643734150762
23.290000000000003,24.218026096617997,34.778502625732116,5.2257066049639525,0.6170411995968994,193.83035472131778
23.3,24.19018402790545,34.780766496171736,5.272885345530535,0.620006277318955,193.5239083236633
23.310000000000002,24.162413180950292,34.7830669830198,5.320181719613998,0.6229763569634321,193.2170359910781
23.32,24.1347114975088,34.78540328256379,5.367594677339706,0.6259519162242954,192.90967556609658
23.330000000000002,24.107076919337228,34.78777459109121,5.415123168833089,0.628933432795514,192.60176489125257
23.340000000000003,24.079507388191846,34.79018010488953,5.462766144219525,0.6319213843710534,192.29324180908048
23.35,24.05200084582893,34.79261902024625,5.510522553624393,0.6349162486448796,191.9840441621144
23.360000000000003,24.02455523400473,34.79509053344884,5.558391347173127,0.6379185033109618,191.67410979288837
23.37,23.99716849447552,34.79759384078482,5.606371474991086,0.6409286260632643,191.36337654393668
23.380000000000003,23.969838568997552,34.800128138541645,5.654461887203701,0.6439470945957562,191.05178225779332
23.39,23.942563399137956,34.80269262293573,5.7026615334935995,0.6469743863017718,190.7392647839161
23.400000000000002,23.915340886360507,34.80528647511175,5.750969269683539,0.6500109148410056,190.4257634395429
23.41,23.88816884265333,34.807908842587416,5.799383742182291,0.65305695167497,190.1112208167241
23.42,23.861045067897834,34.8105588683305,5.847903569063623,0.6561127490248367,189.79557995061322
23.43,23.833967361975493,34.81323569530875,5.896527368401233,0.6591785591117725,189.4787838763641
23.44,23.806933524767715,34.815938466489925,5.945253758268884,0.662254634156949,189.16077562913028
23.450000000000003,23.779941356155952,34.818666324841814,5.994081356740292,0.6653412263815344,188.84149824406552
23.46,23.752988656021657,34.82141841333214,6.043008781889171,0.6684385880066969,188.52089475632363
23.470000000000002,23.726073224246242,34.824193874928696,6.092034651789287,0.6715469712536078,188.19890820105812
23.48,23.699192860711175,34.82699185259923,6.141157584514338,0.6746666283434342,187.8754816134229
23.490000000000002,23.672345365297872,34.8298114893115,6.190376198138089,0.6777978114973477,187.55055802857134
23.5,23.64552853788779,34.832651928033265,6.2396891107342345,0.6809407729365152,187.22408048165752
23.51,23.618740178362355,34.83551231173231,6.289094940376546,0.6840957648821083,186.89599200783482
23.520000000000003,23.591978086603017,34.838391783376366,6.338592305138734,0.6872630395552953,186.56623564225703
23.53,23.56524006249122,34.84128948593322,6.388179823094514,0.690442849177244,186.23475442007802
23.540000000000003,23.53852390590838,34.8442045623706,6.437856112317651,0.6936354459691261,185.9014913764512
23.55,23.511827429763017,34.847136160851214,6.487619789699801,0.6968410797816655,185.56639006276933
23.560000000000002,23.4851489582795,34.85008363350407,6.537469394854015,0.7000598999443463,185.22941438262248
23.57,23.458487546710348,34.853046624941655,6.587402938954095,0.7032918108349374,184.89055855041812
23.580000000000002,23.431842350594803,34.856024820511564,6.637418068342577,0.7065366124176086,184.54982178741471
23.590000000000003,23.40521252692091,34.85901790615823,6.687512420079842,0.7097941021764397,184.20720339884647
23.6,23.378597056836007,34.8620255002311,6.737683741292411,0.7130640910962324,183.86270045815536
23.610000000000003,23.351993621914893,34.86504672151028,6.787930592564474,0.716346489940562,183.5162935444433
23.62,23.325399321260104,34.86808046486747,6.838251899074251,0.719641254194139,183.16795584400094
23.630000000000003,23.298811251226656,34.87112562411818,6.88864658771982,0.7229483395526278,182.81766050824672
23.64,23.272226508169595,34.87418109307793,6.939113585399185,0.7262677017116873,182.46538068859945
23.650000000000002,23.24564218844393,34.877245765562215,6.9896518190104215,0.7295992963669817,182.1110895364775
23.66,23.219055388404705,34.880318535386564,7.0402602154515375,0.7329430792141706,181.75476020329972
23.67,23.192463204406923,34.883398296366494,7.090937701620608,0.7362990059489178,181.39636584048455
23.68,23.165862732805632,34.886483942317504,7.141683204415637,0.7396670322668827,181.03587959945082
23.69,23.139251069955844,34.88957436705511,7.1924956507347035,0.7430471138637295,180.67327463161692
23.700000000000003,23.112625312212586,34.89266846439484,7.2433739674758275,0.7464392064351187,180.3085240884016
23.71,23.085982555930897,34.8957651281522,7.294317081537036,0.749843265676711,179.94160112122364
23.720000000000002,23.059319897634552,34.898863252209594,7.345323919842921,0.7532592472488921,179.57247888916166
23.73,23.032634657790453,34.901961819238274,7.396393444509697,0.7566870599980366,179.20114071656542
23.740000000000002,23.00592482228197,34.905060075733275,7.44752472222096,0.7601264736690707,178.8276001325024
23.75,22.979188500017774,34.90815731696663,7.498716838993114,0.7635772322891977,178.4518762504282
23.76,22.95242379990649,34.91125283821035,7.549968880842646,0.7670390798856266,178.0739881837978
23.770000000000003,22.92562883085678,34.914345934736474,7.601279933785977,0.7705117604855625,177.69395504606655
23.78,22.898801701777302,34.91743590181701,7.652649083839538,0.7739950181162099,177.31179595068994
23.790000000000003,22.871940521576686,34.920522034723994,7.704075417019809,0.7774885968047779,176.92753001112297
23.8,22.845043399163604,34.92360362872943,7.755558019343199,0.78099224057847,176.5411763408211
23.810000000000002,22.81810844344668,34.92667997910536,7.807095976826188,0.7845056934644952,176.1527540532394
23.82,22.791133763334585,34.92975038112379,7.858688375485185,0.7880286994900566,175.76228226183343
23.830000000000002,22.764117467735954,34.93281413005676,7.910334301336673,0.7915610026823635,175.36978008005812
23.840000000000003,22.73705766555944,34.93587052117628,7.962032840397075,0.7951023470686206,174.97526662136892
23.85,22.70995249515016,34.938918861834615,8.0137827945642,0.7986524473856467,174.5787640725442
23.860000000000003,22.682800312407043,34.941958548664665,8.065580865921692,0.8022108018960035,174.18031733413903
23.87,22.65559957073732,34.94498901831515,8.117422815410192,0.8057768118378436,173.77998148709125
23.880000000000003,22.628348724008127,34.948009707623505,8.169304399531057,0.8093498779916625,173.3778116603588
23.89,22.601046226086652,34.95102005342723,8.221221374785566,0.8129294011379501,172.97386298290027
23.900000000000002,22.57369053084002,34.95401949256377,8.273169497675077,0.816514782057202,172.56819058367358
23.91,22.546280174345526,34.957007494849975,8.325144524700875,0.820105421529908,172.16085186245732
23.92,22.518814137336676,34.95998370848075,8.37714221236431,0.8237007203365637,171.75191650139396
23.93,22.49129155019422,34.96294784168341,8.429158317166674,0.827300079257659,171.3414583162044
23.94,22.463711543411634,34.965899602730495,8.481188595609314,0.8309028990736897,170.929551125724
23.950000000000003,22.43607324748243,34.96883869989457,8.533228804193538,0.8345085805651471,170.51626874878843
23.96,22.408375792900113,34.97176484144817,8.585275248485397,0.83811656668077,170.10167848905664
23.970000000000002,22.380618310158173,34.97467773566385,8.637329902384268,0.841726735698063,169.68578039000892
23.98,22.352799929750113,34.97757709081416,8.68939808380191,0.8453392227151362,169.26853481522994
23.990000000000002,22.324919782169424,34.980462615171646,8.74148515387101,0.8489541661494707,168.84990161544744
24.0,22.296976997909614,34.98333401700885,8.793596473724168,0.8525717044185432,168.42984064138963
24.01,22.26897070746417,34.98619100459834,8.845737404494072,0.8561919759398351,168.00831174378416
24.020000000000003,22.2409000413266,34.989033286212646,8.897913307313347,0.8598151191308241,167.58527477335912
24.03,22.21276412999041,34.99186057012433,8.950129543314615,0.8634412724089875,167.16068958084264
24.040000000000003,22.18456210394908,34.994672564605935,9.002391473630563,0.8670705741918072,166.73451601696235
24.05,22.156293093696128,34.99746897793001,9.054704459393797,0.8707031628967595,166.3067139324465
24.060000000000002,22.127956229725037,35.00024951836911,9.107073861736996,0.8743391769413257,165.8772431780228
24.07,22.099550642529323,35.00301389419577,9.15950504179277,0.8779787547429824,165.4460636044194
24.080000000000002,22.07107546260246,35.00576181368255,9.212003360693798,0.8816220347192106,165.01313506236406
24.090000000000003,22.04252982043796,35.008492985101995,9.264574179572708,0.8852691552874886,164.57841740258482
24.1,22.013912846529333,35.01120711672665,9.317222859562126,0.8889202548652936,164.14187047580975
24.110000000000003,21.985223665682568,35.01390391475028,9.369954715820462,0.8925754696834949,163.70345442733336
24.12,21.956460962660394,35.01658292452863,9.422771506459727,0.8962347667939459,163.26315219319312
24.130000000000003,21.927622663092368,35.01924341395498,9.475668736050698,0.8998978166395182,162.82098712112492
24.14,21.898706316084287,35.02188451340176,9.528636170800546,0.9035640355921276,162.37702723654556
24.150000000000002,21.869709166470326,35.024505242128974,9.58165842259647,0.9072326137308192,161.93138150046246
24.16,21.840628445855483,35.02710461456569,9.63471987922473,0.9109027312958123,161.48416065369204
24.17,21.811461385844744,35.029681645141,9.687804928471651,0.9145735685273317,161.03547543704994
24.18,21.782205218043117,35.03223534828395,9.7408979581235,0.9182443056655968,160.58543659135256
24.19,21.752857170379407,35.03476473711358,9.793983386995881,0.9219141220784539,160.13415493358383
24.200000000000003,21.723414327871524,35.037268773821815,9.847046840167852,0.9255821632200523,159.6817442417639
24.21,21.69387379880607,35.03974643291202,9.900076220376155,0.9292475932662948,159.22831928707174
24.220000000000002,21.66423380903762,35.04219710888041,9.953066707589235,0.9329101589039461,158.77393681395492
24.23,21.634492964709167,35.044620339057985,10.006019617185176,0.9365700787899037,158.31858604256044
24.240000000000002,21.604649872250224,35.04701566088342,10.058936601063394,0.9402275964565295,157.86225186946498
24.25,21.574703138090342,35.04938261179534,10.111819311123234,0.9438829554361803,157.40491919124597
24.26,21.54465136865905,35.05172072923239,10.164669656910096,0.947536415452059,156.94657003149064
24.270000000000003,21.514493170385894,35.05402955063324,10.217495473826679,0.951188608616721,156.48712033502883
24.28,21.484227149700416,35.05630861343652,10.27031052313306,0.9548405394320766,156.02641996793253
24.290000000000003,21.45385191303214,35.05855745508088,10.32312882373534,0.9584932285908813,155.56431592328366
24.3,21.42336607898677,35.060775617602836,10.375964353744248,0.9621476900925378,155.10065564144065
24.310000000000002,21.392768546221426,35.062962748789566,10.428830152978739,0.9658047839894488,154.63529685010622
24.32,21.3620584934447,35.065118602178984,10.481738322965839,0.9694652163870069,154.16810756432812
24.330000000000002,21.331235111541307,35.06724293590684,10.53470092443736,0.9731296866972616,153.6989562464296
24.340000000000003,21.300297591395992,35.06933550810889,10.587730018125043,0.9767988943322591,153.2277113587342
24.35,21.269245202508905,35.07139610613711,10.640837664760642,0.980473538704045,152.75424083845826
24.360000000000003,21.238077656504355,35.07342468149932,10.694035434105656,0.9841542848007521,152.27842490635393
24.37,21.206794737514514,35.075421213691804,10.747332657254429,0.9878416030609617,151.8002101613773
24.380000000000003,21.175396001477186,35.07738560018594,10.800737686901694,0.9915358286489783,151.31957045717252
24.39,21.14388101093038,35.07931774104692,10.854258866737355,0.9952372922109054,150.836481202118
24.400000000000002,21.112249785310393,35.08121770396484,10.907905117618201,0.9989464040820655,150.3509233493458
24.41,21.080502695774793,35.08308568566777,10.961685804705086,1.0026636359426904,149.86288212035197
24.42,21.048640122528614,35.084921886203105,11.015610304587986,1.0063894610510213,149.37234284642886
24.43,21.016662445776912,35.086726505618195,11.069687993856798,1.0101243526652945,148.87929085886947
24.44,20.98457004572471,35.08849974396044,11.123928249101503,1.0138687840437504,148.38371148896616
24.450000000000003,20.952363255217005,35.090241783957104,11.178339770959852,1.0176231725321043,147.88560447887087
24.46,20.920042217658573,35.09195273905495,11.23292855626093,1.0213877118259802,147.38502721417154
24.470000000000002,20.887607029094102,35.09363270538067,11.287699925881723,1.0251625397084823,146.88205149131454
24.48,20.855057785568317,35.0952817790609,11.342659200699131,1.0289477939627112,146.37674910674698
24.490000000000002,20.822394583125902,35.096900056222324,11.397811701590133,1.0327436123717713,145.86919185691525
24.5,20.789617624355568,35.09848767163349,11.453162677557167,1.0365500908896879,145.35945229213857
24.51,20.75672753802192,35.10004491463053,11.508717090104875,1.0403671581541911,144.84760597822375
24.520000000000003,20.72372505943357,35.10157211319146,11.564479828863375,1.044194700973933,144.3337292348504
24.53,20.690610923899136,35.103069595294315,11.620455783462775,1.0480326061575649,143.81789838169803
24.540000000000003,20.657385866727203,35.104537688917105,11.676649843533255,1.0518807605137424,143.3001897384455
24.55,20.624050623226395,35.105976722037845,11.73306689870491,1.055739050851116,142.78067962477263
24.560000000000002,20.590605928705294,35.10738702263458,11.789711838607914,1.059607363978341,142.25944436035823
24.57,20.55705255451104,35.10876893170671,11.846589221414282,1.0634855524402704,141.7365632839765
24.580000000000002,20.523391538337798,35.11012288648998,11.903701155613708,1.0673732155508835,141.21213804739492
24.590000000000003,20.489624037257336,35.11144936735351,11.961048651740928,1.0712698391253257,140.6862803031316
24.6,20.45575120890452,35.112748854869864,12.018632715151643,1.0751749084433717,140.15910175087808
24.610000000000003,20.421774210914165,35.11402182961163,12.076454351201619,1.0790879087847995,139.63071409032523
24.62,20.387694200921164,35.115268772151396,12.134514565246537,1.0830083254293814,139.1012290211648
24.630000000000003,20.35351233656033,35.11649016306175,12.192814362642165,1.086935643656896,138.57075824308768
24.64,20.319229775466543,35.11768648291524,12.251354748744179,1.090869348747116,138.03941345578556
24.650000000000002,20.284847696333323,35.11885821980817,12.310136700466966,1.0948089232819025,137.5073065842194
24.66,20.250368096510787,35.12000615431996,12.369160089066114,1.0987537449615987,136.97455831072358
24.67,20.21579403681285,35.121131446976115,12.428423349507524,1.1027030552417583,136.4413006937686
24.68,20.181128649126535,35.12223528369453,12.487924820767356,1.1066560864724604,135.90766655211198
24.69,20.14637506533883,35.1233188503931,12.547662841821852,1.11061207100379,135.3737887045105
24.700000000000003,20.111536377598338,35.12438331878917,12.607635884890524,1.1145702338800807,134.83980068072051
24.71,20.07661538228896,35.125429754903166,12.667843317135143,1.118529745605809,134.3058418258233
24.720000000000002,20.041614696480806,35.126459160560266,12.728282881474593,1.1224897399312441,133.77206673386684
24.73,20.006536888942854,35.127472520207874,12.788950257298119,1.1264493379385705,133.23864290379282
24.740000000000002,19.971384526370983,35.128470817547544,12.849841034185847,1.1304076601641546,132.70573839514148
24.75,19.93616017546112,35.12945503628078,12.910950801717823,1.1343638271443588,132.17352126745374
24.76,19.900866402909134,35.13042616010911,12.97227514947417,1.1383169594155496,131.64215958026983
24.770000000000003,19.865505775410945,35.131385172734056,13.033809667034955,1.1422661775140899,131.1118213931305
24.78,19.830080859662466,35.132333057857124,13.095549943980238,1.1462106019763427,130.58267476557654
24.790000000000003,19.79459422235958,35.133270799179854,13.15749156989015,1.1501493533386753,130.05488775714815
24.8,19.759048430198202,35.13419938040376,13.219630134344731,1.1540815521374492,129.52862842738625
24.810000000000002,19.723446049874216,35.13511978523035,13.28196122692411,1.158006318909031,129.00406483583112
24.82,19.687789648083548,35.13603299736117,13.344480437208327,1.1619227741897828,128.48136504202367
24.830000000000002,19.652081791522065,35.136940000497724,13.407183354777512,1.1658300385160714,127.96069710550414
24.840000000000003,19.61632504688569,35.13784177834153,13.470065569211727,1.1697272324242596,127.44222908581327
24.85,19.580521980870344,35.138739314594126,13.533122670091036,1.1736134764507107,126.92612904249182
24.860000000000003,19.544675160171895,35.13963359295701,13.596350246995566,1.1774878911317914,126.41256503508004
24.87,19.50878717702221,35.14052560597182,13.659743877742283,1.181349610102946,125.9017067779831
24.880000000000003,19.472861005746527,35.141416478454225,13.723298964137781,1.185197963000714,125.3937487472779
24.89,19.436899914806386,35.14230743704473,13.787010772495362,1.1890324303436561,124.8889044806266
24.900000000000002,19.400907180229478,35.14319971100313,13.850874565643066,1.1928524965315481,124.38738800602077
24.91,19.36488607804356,35.14409452958921,13.91488560640884,1.1966576459641602,123.88941335145263
24.92,19.328839884276327,35.14499312206278,13.979039157620717,1.2004473630412689,123.39519454491376
24.93,19.292771874955523,35.14589671768362,14.043330482106647,1.204221132162644,122.90494561439644
24.94,19.256685326108848,35.146806545711534,14.10775484269467,1.2079784377280618,122.41888058789222
24.950000000000003,19.22058341536872,35.147723802292546,14.172307502212755,1.2117187641372935,121.93720784489611
24.96,19.18446784808207,35.148649188092726,14.236983723488866,1.215441595790112,121.46005124665085
24.970000000000002,19.148339196227504,35.14958302235667,14.30177876935105,1.2191464170862918,120.98746959208074
24.98,19.112198002629523,35.15052561451749,14.366687902627246,1.2228327124256044,120.51952000648203
24.990000000000002,19.07604481011256,35.15147727400829,14.431706386145496,1.226499966207825,120.05625961515017
25.0,19.039880161501113,35.1524383102622,14.496829482733744,1.2301476628327246,119.59774554338142
25.01,19.003704599619624,35.15340903271232,14.562052455220032,1.2337752867000784,119.14403491647127
25.020000000000003,18.967518667292573,35.15438975079175,14.62737058358273,1.2373823232941252,118.69518471473147
25.03,18.931322907344434,35.155380773933636,14.692782783685503,1.2409684880059377,118.25122118179418
25.040000000000003,18.89511786259965,35.156382411571066,14.758296083532406,1.2445340091791066,117.81210198369935
25.05,18.858903957319658,35.157394933961726,14.823918883414436,1.2480791821867891,117.37777707802134
25.060000000000002,18.822680974484378,35.158418399471984,14.889661069205024,1.2516042895494452,116.94820491698935
25.07,18.786448481253238,35.15945279515714,14.955533026743959,1.2551096094620073,116.52334681167402
25.080000000000002,18.750206044622963,35.16049810801868,15.021545142247898,1.2585954201161549,116.10316407529966
25.090000000000003,18.713952834622475,35.161554194310064,15.087707801933417,1.2620619997035623,115.68759395231505
25.1,18.677686433409207,35.16262038729235,15.154031392017092,1.265509626415904,115.27647741206476
25.11,18.64140402617274,35.163695889478525,15.220526298715553,1.2689385784448572,114.86963135511702
25.12,18.60510279810262,35.16477990338156,15.287202908245428,1.2723491339820996,114.46687268204003
25.130000000000003,18.568779934388438,35.16587163151442,15.354071606823295,1.2757415712193059,114.06801829340232
25.14,18.53243262021978,35.16697027639011,15.421142780665733,1.2791161683481505,113.6728850897724
25.150000000000002,18.49605804032468,35.168075040374724,15.48842681598939,1.2824732035603121,113.28128999913523
25.160000000000004,18.459653281589937,35.16918509469776,15.555934099010853,1.285812955047465,112.89305576185502
25.17,18.423215212605566,35.170299541118894,15.623675015946693,1.2891357010012847,112.50801808648097
25.18,18.38674067242456,35.171417471998026,15.691659953013543,1.2924417196134481,112.12601443624233
25.19,18.350226307124732,35.172537916927105,15.759899296428026,1.2957312890756323,111.74688227436839
25.200000000000003,18.313667990883204,35.17365965442609,15.828403432406724,1.2990046875795118,111.37045906408868
25.21,18.2770614049019,35.174781400246985,15.897182747166214,1.3022621933167622,110.99658226863279
25.220000000000002,18.240402161136775,35.17590184787816,15.966248062555703,1.3055041127663047,110.62508689635993
25.23,18.203684787793936,35.177019342405515,16.035616718778268,1.3087311756680367,110.25577122350136
25.240000000000002,18.16690254558963,35.17813182210943,16.105311136710082,1.311944441400807,109.88840494112351
25.25,18.130049008660198,35.1792373385578,16.175356376030468,1.3151452485036565,109.52273120666617
25.26,18.093117516114617,35.18033388729812,16.245781362755928,1.318335754118048,109.15840541352262
25.270000000000003,18.056100965479484,35.18141932538959,16.31661564400321,1.3215183192795164,108.79505895198584
25.28,18.018992251993684,35.182491509188324,16.3878887721759,1.3246953046097856,108.43232323270014
25.290000000000003,17.98178427089607,35.18354829505042,16.459630299677663,1.3278690707305827,108.06982966630933
25.3,17.944469917425547,35.184587539332014,16.53186977891204,1.3310419782636296,107.70720966345783
25.310000000000002,17.907042094687732,35.1856071010554,16.604636762282702,1.334216387830654,107.3440949125741
25.32,17.86949401160874,35.18660494289165,16.67796080219321,1.337394660053378,106.98012790096317
25.330000000000002,17.831819274386195,35.187579162155174,16.751871451047208,1.3405791555535287,106.61496514405124
25.340000000000003,17.794011515768116,35.18852786515885,16.826398261248297,1.3437722349528294,106.24826409478803
25.35,17.75606433278276,35.1894491468949,16.901570674041555,1.3469762588730034,105.8796822061232
25.360000000000003,17.717970500904674,35.19034084198118,16.977415574026725,1.3501935879357785,105.50887693100613
25.37,17.67972213089529,35.191200576799815,17.053957025420885,1.3534265654098796,105.13550779277143
25.380000000000003,17.64131245953286,35.19202635259989,17.131217024976646,1.3566774058024071,104.75924966507397
25.39,17.60273579160147,35.19281652350179,17.209215185578362,1.3599481575655912,104.37979464256435
25.400000000000002,17.563987654969328,35.193569845997786,17.287967694517405,1.3632406149378855,103.99685923102311
25.410000000000004,17.525063982540026,35.19428521992051,17.36748930887736,1.36655632853193,103.61019027908262
25.42,17.485961435908823,35.1949617965393,17.447793120649212,1.3698965207791287,103.21957396127395
25.43,17.446676913575462,35.19559880703547,17.528891902833042,1.3732623648850515,102.82480311364577
25.44,17.407207635302267,35.196195590104445,17.610798750023744,1.3766551404506444,102.42567040463028
25.450000000000003,17.367551266757445,35.196751633354516,17.693527692390557,1.3800762364095054,102.02197056025977
25.46,17.327705628154902,35.19726648766095,17.777092723434134,1.383527138046737,101.61355585123277
25.470000000000002,17.287668382113342,35.19773967024398,17.861505977898762,1.3870093370850056,101.20038399085222
25.48,17.24743756527723,35.19817082242033,17.946779495427354,1.3905243673206238,100.78242317226012
25.490000000000002,17.207012353838813,35.19855996364153,18.0329263804978,1.3940741146197733,100.3596320314312
25.5,17.166391401396798,35.19890697469927,18.119966321025203,1.3976613999739633,99.93195027655307
25.51,17.125574539942594,35.199212134291685,18.20791913079424,1.4012891716606029,99.49934221854075
25.520000000000003,17.084563669708704,35.199476394420586,18.296799060202737,1.4049599858523296,99.0618199209162
25.53,17.04336081469009,35.19970075016541,18.386619656071364,1.4086764444199031,98.61939019797434
25.540000000000003,17.00196708662667,35.19988592061915,18.477394465220883,1.412441866429393,98.17197844815323
25.55,16.96038318838302,35.20003250117684,18.56913703447193,1.4162598923959246,97.71947357906389
25.560000000000002,16.918609820895,35.20014108665003,18.661860910645274,1.4201341643508973,97.26176432619025
25.57,16.87664768509852,35.20021227185028,18.755579640561542,1.4240683243257062,96.79873942501686
25.580000000000002,16.834497481929443,35.20024665158913,18.85030677104151,1.428066014351751,96.33028761102757
25.590000000000003,16.792159912323672,35.20024482067815,18.946055848905836,1.4321308764604272,95.85629761970681
25.6,16.749635677217107,35.200207373928876,19.04284042097519,1.4362665526831309,95.37665818653898
25.610000000000003,16.7069254775456,35.20013490615288,19.140674034070344,1.440476685051262,94.89125804700792
25.62,16.6640300091831,35.20002801067291,19.23957023501192,1.4447649155962143,94.39998524813412
25.630000000000003,16.620949576356473,35.199887165623245,19.339542570620704,1.4491348863493885,93.90267457023539
25.64,16.577683802044135,35.19971264871581,19.440604637635264,1.4535902428921463,93.39906950740117
25.650000000000002,16.534231318857504,35.199504443407214,19.54277197335446,1.4581347688108715,92.88883821704063
25.660000000000004,16.490589295681495,35.19926209906134,19.64606188075204,1.462772368208838,92.37154809353238
25.67,16.446754536428838,35.19898506068439,19.7504888105494,1.4675067221443925,91.84678817582423
25.68,16.40272378360454,35.19867275606031,19.85606645828676,1.4723414529193817,91.31415544363435
25.69,16.358493779713612,35.19832461297307,19.96280851950437,1.477280182835652,90.77324687668097
25.700000000000003,16.314061267772836,35.19794005937651,20.070728682707458,1.4823265338147367,90.22365951689939
25.71,16.26942309809443,35.19751855890096,20.17983915487341,1.4874840479176754,89.66500353450708
25.720000000000002,16.224576110338713,35.19705958302315,20.290150909540277,1.4927562496325308,89.09690543815218
25.73,16.179516613106085,35.196562452301436,20.40167914218765,1.498147001252669,88.51896651225752
25.740000000000002,16.134240838709644,35.1960264654027,20.51443968047125,1.5036602140720596,87.93078408946798
25.75,16.088745014706436,35.19545092037597,20.62844812817622,1.50929974003171,87.33195754350557
25.76,16.043025362690837,35.19483512678261,20.743716395844142,1.5150687479599705,86.72212001430583
25.770000000000003,15.997078525261186,35.19417854287223,20.860251492063004,1.5209699287680853,86.10095311538436
25.78,15.950901698189107,35.19348080805846,20.97805785000825,1.5270059457731207,85.46816771584567
25.790000000000003,15.904491535949417,35.19274141205478,21.097143919944127,1.5331797980983217,84.8234690805485
25.8,15.857844234812466,35.191959716189416,21.21752017183229,1.5394946407109344,84.16657022080402
25.810000000000002,15.81095577434249,35.19113501992383,21.339199678817284,1.5459538085859053,83.49717025950041
25.82,15.763820996578419,35.190266297550245,21.462210264398735,1.5525616568096672,82.81488350624805
25.830000000000002,15.716434051632554,35.189352330956105,21.586582597722625,1.55932280141872,82.11931855846132
25.840000000000003,15.668789246958028,35.188391958536926,21.71234140199503,1.5662416199854996,81.41013449423644
25.85,15.620881042447401,35.18738406710883,21.839509094795876,1.5733223959108107,80.68700892049878
25.860000000000003,15.572704549602191,35.186327744187885,21.968101965676222,1.5805691095582592,79.94966313984736
25.87,15.524255264386285,35.18522219570728,22.098132689739476,1.5879855625445443,79.19784423891562
25.880000000000003,15.475528847246052,35.18406668005746,22.22961389537305,1.5955755541760963,78.43132409275782
25.89,15.426521546659023,35.18286064400765,22.362557914716813,1.6033428716759925,77.64996970623214
25.900000000000002,15.377229735584166,35.18160358124466,22.496974264557295,1.6112912606706518,76.85370193654383
25.910000000000004,15.327649321744207,35.18029486386282,22.63287402846925,1.6194248107490767,76.04244884326576
25.92,15.277775856932946,35.1789337794508,22.770265750834017,1.6277477785284618,75.21617603911876
25.93,15.227604775950281,35.17751961088666,22.9091527799045,1.6362644780252271,74.37490841349037
25.94,15.17713069767332,35.17605143305611,23.04953847195942,1.644979442667929,73.51874043231493
25.950000000000003,15.126348539216023,35.17452843558135,23.1914279923697,1.653897500311348,72.64782783316042
25.96,15.07525355420836,35.17294993000683,23.334829150904948,1.6630229484708756,71.76233680671213
25.970000000000002,15.023840936490862,35.17131522701833,23.479759228196404,1.6723592888754735,70.8622885510402
25.98,14.972105574565278,35.16962357098319,23.626239718344912,1.6819089024222138,69.94761592011446
25.990000000000002,14.920042487995222,35.16787426570184,23.7742925862908,1.6916731654334505,69.01819874964829
26.0,14.867647045389228,35.166066745457535,23.923932327652917,1.701652092515643,68.0739041128858
26.01,14.814914420209469,35.16420042137103,24.07514670388323,1.7118442663750066,67.11486003734449
26.020000000000003,14.76183975808045,35.162274728150884,24.227894648300975,1.7222470309159692,66.14152893748857
26.03,14.708418683458031,35.160289266897024,24.382121642994846,1.7328573779737901,65.15454681943467
26.040000000000003,14.654647313324832,35.158243797426714,24.537781459129384,1.7436723464516322,64.1544697545027
26.05,14.600521625673348,35.156138062008374,24.6948217649736,1.7546887526236339,63.14193966699465
26.060000000000002,14.546037472488287,35.15397178523505,24.853187370286708,1.7659032765054092,62.11764817107637
26.07,14.491190978803942,35.15174478809242,25.012833060509582,1.7773122794999021,61.08216353655988
26.080000000000002,14.435978827166782,35.14945706266786,25.173716381249008,1.7889115743246384,60.035995202818086
26.090000000000003,14.380398301266116,35.14710878022729,25.335790031735012,1.8006968294550325,58.979699893286075
26.1,14.324446981934566,35.144700205711736,25.498997634455243,1.8126634785211146,57.913934448796184
26.110000000000003,14.268122244200093,35.14223155713092,25.663284856004406,1.824807401018544,56.839359331388465
26.12,14.211421563282626,35.139703083430646,25.828599795357746,1.8371243298183129,55.756600062518956
26.130000000000003,14.154342630363072,35.137115094163605,25.994889394197838,1.849609245107092,54.66629917360617
26.14,14.096882764104857,35.134467798565794,26.162105834131744,1.8622575618662485,53.569122011346806
26.150000000000002,14.039039411259829,35.13176143940544,26.330193244095575,1.8750643259531035,52.46585818916699
26.160000000000004,13.980810670707312,35.128996434946394,26.49909250390839,1.888024239557144,51.35735814382506
26.17,13.922195391191538,35.12617340298275,26.668743228146905,1.9011312723263118,50.2444548140132
26.18,13.863193543499456,35.123293262034636,26.839072904329576,1.9143784950388725,49.12808166067239
26.19,13.803805730980823,35.12035709578046,27.01000485463019,1.92775850994967,48.0092481415761
26.200000000000003,13.74403267258903,35.11736601444921,27.181470157561655,1.9412643590581202,46.88894774368196
26.21,13.6838753485188,35.11432119331246,27.353404345891782,1.9548885483666252,45.768136827398
26.220000000000002,13.623335180409068,35.111223918402665,27.52574548026911,1.9686232693856212,44.64779154302772
26.23,13.562413468162935,35.10807542431721,27.698436126153755,1.9824608665080543,43.52891727811921
26.240000000000002,13.501111904377693,35.10487701909322,27.871415365530833,1.9963929895539434,42.41259196211053
26.25,13.439432471537078,35.101630061436424,28.044606258917362,2.0104102247772278,41.30012088131205
26.26,13.377377327939307,35.09833593377699,28.217922912842017,2.0245026404039743,40.19293892439116
26.270000000000003,13.314949082080862,35.094996116377736,28.391284780064026,2.0386602503475433,39.09242022579995
26.28,13.252150424184194,35.09161208563024,28.56461176303726,2.052873017829523,37.99994448294382
26.290000000000003,13.188984148211217,35.08818531886599,28.737809663644484,2.0671300542384956,36.917045770195934
26.3,13.125453405474707,35.084717360528266,28.910782053899577,2.08142002015865,35.8452702220968
26.310000000000002,13.061561481388168,35.081209769762566,29.083436389847197,2.0957316473185124,34.78612825531904
26.32,12.997311302734081,35.07766399093528,29.25568796742996,2.1100542231460864,33.74109729107793
26.330000000000002,12.932705857022766,35.07408145143194,29.427468307299126,2.1243784987077716,32.711499145480374
26.340000000000003,12.867748285906773,35.07046357761793,29.59872233302204,2.1386964782738676,31.698499691662036
26.35,12.802441565598636,35.066811719037304,29.769402773418538,2.1530006970459237,30.70318281807249
26.360000000000003,12.736788944889613,35.06312727518358,29.93946623287116,2.1672840297503013,29.726598784688253
26.37,12.670794062120596,35.05941170222343,30.108877414933865,2.1815396897896933,28.769690468264248
26.380000000000003,12.604460504019041,35.05566640179596,30.277606921474195,2.1957610363743654,27.83333094327818
26.39,12.537791703081867,35.051892705618236,30.445633661697073,2.2099421833819894,26.918309049595354
26.400000000000002,12.470791315271285,35.0480919687972,30.61294121514104,2.2240778927376215,26.02531634715324
26.410000000000004,12.403462787696702,35.044265423477576,30.779520204855228,2.238163211584178,25.15494742498173
26.42,12.335809144199498,35.0404141329909,30.945371463673307,2.252193137678043,24.307679741459847
26.43,12.267833902912479,35.03653922668127,31.110503284881883,2.266163314618214,23.483855451727703
26.44,12.199541182640676,35.03264190439503,31.274931579106052,2.2800703990379425,22.683663557300516
26.450000000000003,12.13093540405098,35.0287233900572,31.43867462075225,2.2939114064910675,21.90720672172512
26.46,12.06202104502716,35.0247849087143,31.601751116503678,2.3076834095930314,21.15456712849118
26.470000000000002,11.992802418632722,35.02082761548343,31.764182445026872,2.321383558411231,20.42581194840389
26.48,11.923283786793318,35.01685260641261,31.925994158357614,2.3350092891348915,19.720966394323852
26.490000000000002,11.853469449534972,35.01286098075149,32.08721236428648,2.348558110629291,19.040046252576023
26.5,11.783363713050758,35.00885383625943,32.247863314974204,2.362027542611028,18.383065549399216
26.51,11.712970813867955,35.004832197556595,32.40797648971519,2.3754153440360515,17.750002636563472
26.520000000000003,11.642294870657294,35.000796959226435,32.56758695232047,2.3887197589496854,17.140774388569607
26.53,11.571340310215927,34.996749028534026,32.72673213355944,2.4019393407828074,16.55525510776467
26.540000000000003,11.500111896579385,34.99268936393136,32.88544894788054,2.4150728557202803,15.993288968330257
26.55,11.428614811729657,34.98861896358866,33.0437733423687,2.4281196177455664,15.45464939066309
26.560000000000002,11.356853872965749,34.98453868058337,33.201744568180615,2.441079225992509,14.939066846918942
26.57,11.284833876556764,34.98044931838897,33.35940095925716,2.453951555350895,14.44624658113431
26.580000000000002,11.212559797458894,34.97635168386415,33.51677840617412,2.4667369400379036,13.975855586947771
26.590000000000003,11.140036534165313,34.97224651405681,33.67391514198873,2.4794360059355025,13.527525075964114
26.6,11.06726895044116,34.96813451631526,33.830850317224275,2.492049467806423,13.100874922461918
26.610000000000003,10.994261822338283,34.96401634283667,33.98762335704475,2.504578050143018,12.695526715332441
26.62,10.921019591765752,34.959892479764164,34.1442742232757,2.5170224409952677,12.31110608762314
26.630000000000003,10.847546733302753,34.95576336800031,34.30084120603938,2.5293832332337693,11.947229837716625
26.64,10.773847999123072,34.95162948742476,34.457359653119994,2.5416610950988234,11.603491875298717
26.650000000000002,10.69992861174137,34.94749136400923,34.613860114209686,2.5538570865888235,11.27943785657067
26.660000000000004,10.625794263439847,34.9433495139945,34.770373215500115,2.5659727344050025,10.974548992023035
26.67,10.551451153921969,34.93920448659004,34.92692715816537,2.5780099224809625,10.688265976141544
26.68,10.476905900993948,34.93505686742923,35.08354407157539,2.589970697282279,10.420018244805712
26.69,10.402165289616091,34.930907251694556,35.24024272323526,2.601857248573559,10.169224137357515
26.700000000000003,10.327235947389294,34.9267561367248,35.39704142036748,2.6136717031574235,9.935300967764588
26.71,10.252124501000553,34.92260395785077,35.55395833620479,2.6254163541756075,9.717642800333685
26.720000000000002,10.17683743702376,34.91845105385984,35.71100747189356,2.6370939269815628,9.515596943934346
26.73,10.101381331091517,34.914297730386075,35.868196111243634,2.6487075835352205,9.328469185639994
26.740000000000002,10.025763153399616,34.910144309280255,36.02552764724349,2.6602609068511938,9.15552886772508
26.75,9.949990018472992,34.90599111037279,36.1830044330845,2.6717575664614177,8.996038482419166
26.76,9.874068889478131,34.90183838109579,36.340627832892075,2.6832011550847,8.849265732581438
26.770000000000003,9.79800668294018,34.897686312390704,36.49839830179623,2.6945952875766666,8.714473459822615
26.78,9.721810627524693,34.89353507490258,36.65631601094947,2.7059435364641735,8.590921928307273
26.790000000000003,9.645488335578552,34.88938483995502,36.81437986080854,2.7172492402628503,8.477881201316182
26.8,9.56904766361791,34.88523577786292,36.972588371322686,2.7285155962135996,8.374632147426436
26.810000000000002,9.49249648962901,34.88108803374095,37.13094101908767,2.7397457864419925,8.280456033081487
26.82,9.415842560892765,34.876941696746506,37.28943664711126,2.750943079509497,8.194631234086929
26.830000000000002,9.339093683974552,34.872796835995636,37.44807111649694,2.762110948546764,8.116431852061991
26.840000000000003,9.262257741593478,34.86865351352182,37.60683909838247,2.7732528802193097,8.04512610849021
26.85,9.185342430135721,34.86451174038892,37.76573502948366,2.7843724197990314,7.979976108738734
26.860000000000003,9.108355170971242,34.86037145873452,37.92475116290925,2.795472990740777,7.920264878928449
26.87,9.031303299766632,34.85623258429797,38.083877760051585,2.8065576937369365,7.865331721528945
26.880000000000003,8.954194015894675,34.85209501289768,38.24310300143384,2.8176292137056964,7.814560943830607
26.89,8.877034323418314,34.8479586277152,38.402414088644065,2.8286896885768127,7.76740524098195
26.900000000000002,8.79983096959595,34.8438232957733,38.56179868983096,2.8397408273978995,7.723375799894488
26.910000000000004,8.722590432651895,34.83968888892101,38.72124543032637,2.850784156354084,7.682023700360822
26.92,8.64531879532264,34.83555528386409,38.88074291086537,2.8618210629282306,7.642917874332756
26.93,8.568021652801688,34.83142234861409,39.040279970931124,2.8728526791609017,7.605658045674505
26.94,8.490704211513894,34.827289957430814,39.199847237209596,2.8838800825297763,7.5698674331195575
26.950000000000003,8.413371342818467,34.823157996553704,39.35943700393203,2.894904383170515,7.535187689324758
26.96,8.336027352872591,34.81902636173574,39.51904261297716,2.905926513818453,7.501313976009687
26.970000000000002,8.25867575933566,34.81489496467744,39.67865982547415,2.9169471799294358,7.46800134392199
26.98,8.181319376175336,34.810763727268686,39.838285495943595,2.927966914936786,7.435049000270505
26.990000000000002,8.103960472264959,34.80663257363019,39.997916553780044,2.9389862598221157,7.402272357999476
27.0,8.026600784703877,34.802501445000956,40.15754983319794,2.9500055273415504,7.369540263102373
