21,28.888,33.532,204.46,1.8413,0.14855,0.16337,28.958,12.695
21.01,28.885,33.544,204.52,1.8453,0.14741,0.16413,28.954,12.642
21.02,28.882,33.556,204.59,1.8495,0.14634,0.1649,28.951,12.588
21.03,28.88,33.568,204.66,1.8538,0.14535,0.16568,28.948,12.532
21.04,28.877,33.58,204.73,1.8584,0.14445,0.16648,28.945,12.473
21.05,28.875,33.593,204.79,1.8631,0.14364,0.1673,28.942,12.413
21.06,28.873,33.605,204.86,1.8679,0.14293,0.16813,28.94,12.349
21.07,28.871,33.618,204.93,1.8729,0.14231,0.16898,28.938,12.282
21.08,28.87,33.63,205,1.8781,0.14181,0.16984,28.935,12.212
21.09,28.868,33.643,205.07,1.8834,0.14142,0.17073,28.933,12.139
21.1,28.867,33.656,205.14,1.8888,0.14114,0.17164,28.932,12.062
21.11,28.866,33.669,205.2,1.8944,0.14099,0.17256,28.93,11.981
21.12,28.865,33.681,205.27,1.9001,0.14096,0.17351,28.928,11.896
21.13,28.864,33.694,205.34,1.9059,0.14106,0.17449,28.926,11.806
21.14,28.863,33.707,205.41,1.9118,0.14131,0.17549,28.925,11.712
21.15,28.862,33.72,205.48,1.9179,0.14169,0.17651,28.923,11.613
21.16,28.861,33.733,205.55,1.924,0.14222,0.17756,28.922,11.509
21.17,28.86,33.746,205.62,1.9302,0.14291,0.17864,28.92,11.399
21.18,28.859,33.759,205.69,1.9366,0.14375,0.17975,28.919,11.285
21.19,28.858,33.772,205.76,1.943,0.14476,0.18089,28.917,11.166
21.2,28.857,33.785,205.84,1.9494,0.14594,0.18205,28.916,11.044
21.21,28.856,33.797,205.91,1.956,0.1473,0.18325,28.914,10.92
21.22,28.854,33.81,205.98,1.9626,0.14885,0.18447,28.912,10.794
21.23,28.853,33.823,206.06,1.9692,0.1506,0.18571,28.91,10.667
21.24,28.851,33.836,206.13,1.9758,0.15254,0.18699,28.908,10.54
21.25,28.85,33.848,206.21,1.9825,0.15469,0.18829,28.906,10.414
21.26,28.848,33.861,206.29,1.9892,0.15705,0.18962,28.904,10.289
21.27,28.845,33.873,206.37,1.996,0.15964,0.19098,28.901,10.167
21.28,28.843,33.885,206.46,2.0027,0.16245,0.19236,28.898,10.047
21.29,28.84,33.897,206.54,2.0094,0.1655,0.19377,28.894,9.9318
21.3,28.837,33.909,206.63,2.0161,0.16879,0.19521,28.891,9.8208
21.31,28.833,33.921,206.72,2.0227,0.17234,0.19667,28.886,9.7153
21.32,28.829,33.933,206.81,2.0293,0.17613,0.19816,28.882,9.616
21.33,28.825,33.944,206.9,2.0359,0.18018,0.19967,28.877,9.5233
21.34,28.82,33.955,207,2.0424,0.18449,0.20121,28.872,9.4374
21.35,28.815,33.966,207.1,2.0489,0.18906,0.20278,28.866,9.3587
21.36,28.809,33.977,207.2,2.0553,0.19387,0.20436,28.86,9.2875
21.37,28.803,33.988,207.31,2.0617,0.19894,0.20597,28.853,9.224
21.38,28.796,33.998,207.41,2.0679,0.20427,0.2076,28.846,9.1685
21.39,28.789,34.008,207.52,2.0741,0.20984,0.20924,28.838,9.1213
21.4,28.781,34.018,207.63,2.0802,0.21565,0.21091,28.83,9.0822
21.41,28.772,34.028,207.75,2.0863,0.2217,0.21259,28.821,9.0513
21.42,28.764,34.037,207.86,2.0923,0.22798,0.21429,28.812,9.0288
21.43,28.754,34.046,207.98,2.0983,0.23449,0.216,28.802,9.0147
21.44,28.744,34.055,208.1,2.1043,0.24122,0.21772,28.791,9.0091
21.45,28.734,34.064,208.22,2.1102,0.24816,0.21946,28.78,9.0119
21.46,28.722,34.073,208.35,2.116,0.25531,0.2212,28.769,9.0233
21.47,28.711,34.081,208.47,2.1219,0.26267,0.22296,28.757,9.0433
21.48,28.698,34.089,208.6,2.1277,0.27021,0.22471,28.744,9.0718
21.49,28.685,34.096,208.73,2.1335,0.27794,0.22647,28.731,9.1085
21.5,28.672,34.104,208.86,2.1393,0.28583,0.22824,28.717,9.1531
21.51,28.658,34.111,208.99,2.1451,0.29388,0.23,28.702,9.2054
21.52,28.643,34.118,209.12,2.1509,0.30206,0.23175,28.687,9.2648
21.53,28.628,34.124,209.26,2.1566,0.31037,0.2335,28.671,9.331
21.54,28.612,34.131,209.39,2.1623,0.3188,0.23524,28.655,9.4034
21.55,28.595,34.137,209.53,2.168,0.32732,0.23696,28.638,9.4816
21.56,28.578,34.143,209.67,2.1737,0.33593,0.23867,28.621,9.5652
21.57,28.561,34.148,209.8,2.1793,0.34462,0.24037,28.603,9.6537
21.58,28.543,34.154,209.94,2.1849,0.35339,0.24204,28.585,9.7464
21.59,28.524,34.159,210.07,2.1906,0.36223,0.2437,28.566,9.8426
21.6,28.505,34.164,210.21,2.1962,0.37115,0.24534,28.547,9.9416
21.61,28.486,34.169,210.35,2.2018,0.38014,0.24697,28.528,10.043
21.62,28.466,34.174,210.48,2.2074,0.38918,0.24857,28.508,10.145
21.63,28.446,34.178,210.62,2.213,0.39828,0.25015,28.487,10.249
21.64,28.426,34.183,210.76,2.2186,0.40741,0.2517,28.467,10.353
21.65,28.405,34.187,210.9,2.2242,0.41656,0.25323,28.446,10.456
21.66,28.384,34.191,211.03,2.2299,0.42573,0.25473,28.424,10.558
21.67,28.363,34.195,211.17,2.2355,0.43491,0.25621,28.403,10.659
21.68,28.341,34.199,211.31,2.2413,0.44407,0.25765,28.381,10.757
21.69,28.319,34.203,211.46,2.2471,0.45322,0.25906,28.359,10.852
21.7,28.297,34.206,211.6,2.2529,0.46234,0.26043,28.336,10.944
21.71,28.275,34.21,211.74,2.2589,0.4714,0.26177,28.314,11.031
21.72,28.252,34.214,211.89,2.2648,0.48039,0.26307,28.291,11.113
21.73,28.23,34.217,212.03,2.2709,0.48928,0.26432,28.268,11.188
21.74,28.207,34.221,212.18,2.2769,0.49803,0.26552,28.246,11.256
21.75,28.184,34.224,212.33,2.2829,0.50665,0.26668,28.223,11.318
21.76,28.162,34.227,212.49,2.2889,0.51518,0.2678,28.2,11.372
21.77,28.139,34.231,212.64,2.2948,0.52366,0.26888,28.177,11.418
21.78,28.116,34.234,212.79,2.3008,0.53213,0.26993,28.153,11.458
21.79,28.093,34.237,212.95,2.3068,0.54064,0.27095,28.13,11.492
21.8,28.069,34.241,213.1,2.3128,0.54923,0.27196,28.107,11.518
21.81,28.046,34.244,213.25,2.3189,0.55796,0.27295,28.083,11.537
21.82,28.023,34.247,213.4,2.325,0.56688,0.27393,28.06,11.549
21.83,28,34.25,213.54,2.3313,0.57603,0.27491,28.037,11.553
21.84,27.977,34.253,213.69,2.3377,0.58547,0.2759,28.013,11.549
21.85,27.954,34.257,213.83,2.3442,0.59525,0.27689,27.99,11.538
21.86,27.931,34.26,213.96,2.351,0.6054,0.2779,27.967,11.52
21.87,27.908,34.263,214.09,2.3579,0.61598,0.27893,27.943,11.495
21.88,27.884,34.267,214.22,2.3649,0.627,0.27999,27.92,11.464
21.89,27.861,34.27,214.34,2.3722,0.63851,0.28107,27.897,11.426
21.9,27.838,34.273,214.46,2.3796,0.65052,0.28217,27.874,11.384
21.91,27.815,34.276,214.57,2.3872,0.66306,0.28331,27.85,11.336
21.92,27.792,34.28,214.68,2.395,0.67615,0.28448,27.827,11.285
21.93,27.769,34.283,214.78,2.4029,0.68983,0.28569,27.804,11.229
21.94,27.746,34.286,214.88,2.4109,0.70409,0.28693,27.78,11.17
21.95,27.722,34.29,214.97,2.4191,0.71897,0.28821,27.757,11.108
21.96,27.699,34.293,215.06,2.4275,0.73447,0.28953,27.733,11.041
21.97,27.676,34.296,215.14,2.4359,0.75061,0.29089,27.71,10.971
21.98,27.653,34.299,215.22,2.4445,0.76741,0.29229,27.686,10.897
21.99,27.63,34.303,215.29,2.4533,0.78488,0.29374,27.663,10.819
22,27.607,34.306,215.36,2.4621,0.80302,0.29522,27.64,10.738
22.01,27.583,34.309,215.43,2.4711,0.8218,0.29675,27.616,10.653
22.02,27.561,34.313,215.49,2.4801,0.84122,0.29832,27.593,10.564
22.03,27.538,34.316,215.55,2.4893,0.86125,0.29992,27.57,10.474
22.04,27.515,34.32,215.6,2.4987,0.88187,0.30155,27.548,10.382
22.05,27.493,34.323,215.65,2.5081,0.90306,0.30322,27.525,10.291
22.06,27.47,34.327,215.69,2.5177,0.92481,0.30492,27.502,10.201
22.07,27.448,34.331,215.73,2.5273,0.94709,0.30666,27.479,10.113
22.08,27.425,34.334,215.77,2.5371,0.9699,0.30843,27.457,10.028
22.09,27.403,34.338,215.8,2.547,0.99322,0.31024,27.434,9.9478
22.1,27.38,34.341,215.83,2.5569,1.017,0.31208,27.411,9.8727
22.11,27.357,34.345,215.85,2.5669,1.0413,0.31395,27.388,9.8037
22.12,27.334,34.348,215.87,2.577,1.066,0.31586,27.365,9.7416
22.13,27.311,34.352,215.88,2.5871,1.0912,0.3178,27.342,9.6871
22.14,27.288,34.355,215.89,2.5973,1.1167,0.31977,27.318,9.6411
22.15,27.264,34.358,215.9,2.6075,1.1427,0.32177,27.294,9.6042
22.16,27.24,34.362,215.9,2.6177,1.1691,0.32381,27.27,9.5771
22.17,27.216,34.365,215.89,2.628,1.1958,0.32588,27.246,9.5605
22.18,27.192,34.367,215.89,2.6383,1.2228,0.32797,27.221,9.5553
22.19,27.167,34.37,215.87,2.6486,1.25,0.33008,27.196,9.562
22.2,27.142,34.373,215.86,2.6589,1.2774,0.33221,27.171,9.5812
22.21,27.116,34.375,215.85,2.6692,1.3049,0.33435,27.145,9.6133
22.22,27.09,34.377,215.83,2.6794,1.3325,0.33651,27.119,9.6586
22.23,27.064,34.38,215.81,2.6895,1.3602,0.33867,27.092,9.7169
22.24,27.037,34.382,215.79,2.6996,1.3879,0.34084,27.065,9.7879
22.25,27.01,34.383,215.77,2.7096,1.4156,0.34302,27.038,9.8713
22.26,26.982,34.385,215.75,2.7196,1.4434,0.34521,27.01,9.9665
22.27,26.954,34.387,215.72,2.7295,1.4712,0.3474,26.982,10.073
22.28,26.926,34.388,215.7,2.7394,1.499,0.3496,26.954,10.191
22.29,26.898,34.389,215.67,2.7493,1.5268,0.3518,26.925,10.32
22.3,26.869,34.39,215.65,2.7591,1.5546,0.35401,26.896,10.461
22.31,26.84,34.391,215.62,2.7688,1.5823,0.35622,26.867,10.614
22.32,26.81,34.392,215.6,2.7784,1.6101,0.35844,26.837,10.779
22.33,26.78,34.393,215.57,2.788,1.6377,0.36067,26.807,10.957
22.34,26.749,34.393,215.54,2.7974,1.6654,0.3629,26.777,11.148
22.35,26.719,34.394,215.51,2.8067,1.6931,0.36514,26.746,11.35
22.36,26.687,34.394,215.48,2.816,1.7207,0.36739,26.714,11.565
22.37,26.656,34.394,215.45,2.8251,1.7483,0.36965,26.683,11.792
22.38,26.624,34.394,215.41,2.8341,1.776,0.37191,26.65,12.031
22.39,26.591,34.394,215.37,2.843,1.8038,0.3742,26.618,12.281
22.4,26.558,34.393,215.33,2.8519,1.8316,0.37649,26.585,12.543
22.41,26.525,34.393,215.29,2.8607,1.8596,0.3788,26.552,12.815
22.42,26.491,34.392,215.25,2.8694,1.8876,0.38112,26.518,13.097
22.43,26.457,34.391,215.2,2.878,1.9159,0.38346,26.484,13.389
22.44,26.423,34.39,215.14,2.8866,1.9443,0.38582,26.45,13.688
22.45,26.389,34.389,215.09,2.8951,1.9729,0.3882,26.415,13.995
22.46,26.354,34.388,215.02,2.9036,2.0018,0.39059,26.38,14.307
22.47,26.319,34.387,214.95,2.9121,2.0309,0.39301,26.345,14.625
22.48,26.284,34.385,214.87,2.9205,2.0603,0.39545,26.31,14.947
22.49,26.248,34.384,214.79,2.9288,2.09,0.39792,26.274,15.272
22.5,26.212,34.382,214.7,2.9372,2.12,0.40041,26.239,15.6
22.51,26.177,34.381,214.6,2.9455,2.1503,0.40293,26.203,15.929
22.52,26.141,34.379,214.49,2.9539,2.181,0.40548,26.167,16.259
22.53,26.105,34.377,214.37,2.9622,2.2122,0.40805,26.131,16.588
22.54,26.069,34.376,214.24,2.9705,2.2437,0.41066,26.095,16.915
22.55,26.032,34.374,214.1,2.9788,2.2757,0.41329,26.058,17.24
22.56,25.996,34.373,213.95,2.9871,2.3081,0.41596,26.022,17.562
22.57,25.96,34.371,213.78,2.9955,2.3411,0.41867,25.986,17.88
22.58,25.924,34.369,213.61,3.0039,2.3745,0.42141,25.95,18.194
22.59,25.887,34.368,213.42,3.0123,2.4086,0.42419,25.913,18.504
22.6,25.851,34.366,213.22,3.0207,2.4431,0.427,25.877,18.81
22.61,25.815,34.364,213.01,3.0292,2.4781,0.42985,25.84,19.111
22.62,25.778,34.362,212.79,3.0377,2.5136,0.43273,25.804,19.408
22.63,25.742,34.361,212.56,3.0463,2.5494,0.43564,25.768,19.701
22.64,25.705,34.359,212.32,3.0549,2.5856,0.43857,25.731,19.99
22.65,25.669,34.357,212.07,3.0636,2.6221,0.44153,25.695,20.274
22.66,25.632,34.356,211.81,3.0724,2.6589,0.44451,25.658,20.554
22.67,25.596,34.354,211.54,3.0813,2.6959,0.4475,25.622,20.829
22.68,25.56,34.353,211.27,3.0903,2.7331,0.4505,25.585,21.099
22.69,25.523,34.351,210.99,3.0994,2.7705,0.45351,25.549,21.364
22.7,25.487,34.349,210.7,3.1086,2.8079,0.45653,25.513,21.623
22.71,25.451,34.348,210.41,3.118,2.8454,0.45955,25.476,21.878
22.72,25.415,34.347,210.12,3.1274,2.883,0.46256,25.44,22.128
22.73,25.379,34.345,209.82,3.137,2.9206,0.46557,25.404,22.373
22.74,25.343,34.344,209.52,3.1468,2.9582,0.46857,25.369,22.612
22.75,25.308,34.343,209.21,3.1567,2.9957,0.47156,25.333,22.846
22.76,25.272,34.342,208.91,3.1667,3.0332,0.47453,25.298,23.076
22.77,25.237,34.341,208.6,3.1769,3.0705,0.47748,25.262,23.3
22.78,25.202,34.34,208.29,3.1873,3.1076,0.48041,25.227,23.519
22.79,25.168,34.339,207.98,3.1978,3.1446,0.48331,25.193,23.733
22.8,25.133,34.338,207.68,3.2085,3.1814,0.48618,25.158,23.941
22.81,25.099,34.337,207.37,3.2194,3.2179,0.48902,25.124,24.144
22.82,25.065,34.337,207.07,3.2304,3.2541,0.49181,25.09,24.342
22.83,25.032,34.337,206.77,3.2417,3.29,0.49457,25.056,24.535
22.84,24.998,34.336,206.47,3.2532,3.3255,0.49729,25.023,24.723
22.85,24.965,34.336,206.17,3.2648,3.3608,0.49997,24.99,24.905
22.86,24.933,34.336,205.88,3.2767,3.3959,0.50261,24.957,25.083
22.87,24.9,34.337,205.59,3.2888,3.4307,0.50522,24.925,25.256
22.88,24.868,34.337,205.3,3.301,3.4654,0.5078,24.893,25.424
22.89,24.837,34.337,205.01,3.3135,3.5001,0.51036,24.861,25.588
22.9,24.805,34.338,204.73,3.3263,3.5346,0.51289,24.829,25.748
22.91,24.774,34.339,204.44,3.3392,3.5692,0.51541,24.798,25.903
22.92,24.743,34.34,204.15,3.3524,3.6038,0.51791,24.767,26.055
22.93,24.713,34.34,203.87,3.3658,3.6385,0.5204,24.737,26.203
22.94,24.682,34.342,203.58,3.3794,3.6733,0.52288,24.706,26.347
22.95,24.652,34.343,203.29,3.3933,3.7083,0.52536,24.676,26.488
22.96,24.622,34.344,203,3.4074,3.7436,0.52784,24.646,26.625
22.97,24.593,34.345,202.71,3.4217,3.7791,0.53032,24.616,26.759
22.98,24.563,34.347,202.42,3.4363,3.8149,0.53281,24.587,26.891
22.99,24.534,34.348,202.12,3.4511,3.8511,0.5353,24.557,27.019
23,24.505,34.35,201.82,3.4662,3.8878,0.53781,24.528,27.145
23.01,24.477,34.352,201.52,3.4816,3.9248,0.54034,24.499,27.268
23.02,24.448,34.354,201.22,3.4972,3.9624,0.54288,24.471,27.389
23.03,24.42,34.356,200.91,3.5131,4.0005,0.54543,24.443,27.508
23.04,24.392,34.358,200.6,3.5293,4.039,0.548,24.415,27.625
23.05,24.364,34.36,200.29,3.5457,4.0782,0.55059,24.387,27.74
23.06,24.337,34.362,199.98,3.5624,4.1179,0.55319,24.359,27.853
23.07,24.31,34.365,199.66,3.5794,4.1582,0.55582,24.332,27.964
23.08,24.283,34.367,199.34,3.5966,4.1992,0.55845,24.305,28.074
23.09,24.257,34.37,199.02,3.6142,4.2408,0.56111,24.278,28.182
23.1,24.23,34.373,198.7,3.632,4.2831,0.56378,24.252,28.288
23.11,24.204,34.376,198.38,3.6501,4.3262,0.56647,24.226,28.393
23.12,24.179,34.379,198.05,3.6686,4.37,0.56918,24.2,28.495
23.13,24.154,34.382,197.72,3.6873,4.4146,0.57191,24.175,28.595
23.14,24.129,34.385,197.39,3.7064,4.46,0.57466,24.15,28.693
23.15,24.105,34.389,197.06,3.7258,4.5062,0.57742,24.125,28.788
23.16,24.081,34.393,196.73,3.7456,4.5533,0.5802,24.101,28.881
23.17,24.057,34.397,196.39,3.7658,4.6013,0.58301,24.077,28.973
23.18,24.033,34.401,196.05,3.7863,4.65,0.58584,24.053,29.062
23.19,24.01,34.405,195.71,3.8072,4.6995,0.58868,24.03,29.15
23.2,23.988,34.409,195.37,3.8285,4.7496,0.59153,24.007,29.236
23.21,23.965,34.413,195.04,3.85,4.8002,0.59438,23.984,29.32
23.22,23.943,34.418,194.7,3.8719,4.8511,0.59722,23.962,29.401
23.23,23.921,34.422,194.37,3.894,4.9022,0.60005,23.94,29.479
23.24,23.9,34.427,194.04,3.9165,4.9535,0.60286,23.918,29.553
23.25,23.878,34.432,193.72,3.9391,5.0047,0.60565,23.897,29.624
23.26,23.857,34.437,193.4,3.962,5.056,0.6084,23.876,29.691
23.27,23.837,34.442,193.09,3.9851,5.1071,0.61113,23.855,29.754
23.28,23.817,34.447,192.79,4.0084,5.1582,0.61384,23.835,29.812
23.29,23.797,34.453,192.5,4.0318,5.2092,0.61652,23.814,29.865
23.3,23.777,34.458,192.21,4.0554,5.26,0.61918,23.794,29.915
23.31,23.757,34.464,191.92,4.0791,5.3108,0.62182,23.774,29.961
23.32,23.738,34.469,191.64,4.1029,5.3615,0.62444,23.755,30.003
23.33,23.719,34.475,191.37,4.1269,5.4122,0.62706,23.735,30.044
23.34,23.7,34.481,191.1,4.1509,5.4627,0.62966,23.716,30.081
23.35,23.681,34.487,190.83,4.175,5.5133,0.63227,23.697,30.118
23.36,23.662,34.493,190.57,4.1991,5.5637,0.63487,23.677,30.153
23.37,23.643,34.498,190.31,4.2233,5.6141,0.63747,23.658,30.187
23.38,23.624,34.504,190.05,4.2475,5.6645,0.64008,23.639,30.221
23.39,23.605,34.51,189.79,4.2717,5.7149,0.6427,23.62,30.255
23.4,23.586,34.516,189.54,4.2959,5.7652,0.64533,23.601,30.289
23.41,23.567,34.522,189.29,4.3201,5.8155,0.64798,23.582,30.325
23.42,23.548,34.528,189.04,4.3443,5.8658,0.65064,23.562,30.361
23.43,23.529,34.534,188.78,4.3685,5.9161,0.65331,23.543,30.398
23.44,23.51,34.539,188.53,4.3927,5.9664,0.65601,23.524,30.437
23.45,23.49,34.545,188.28,4.4168,6.0167,0.65872,23.504,30.476
23.46,23.471,34.551,188.03,4.4409,6.0669,0.66146,23.484,30.517
23.47,23.451,34.557,187.77,4.465,6.1172,0.66422,23.465,30.56
23.48,23.432,34.562,187.52,4.489,6.1675,0.66701,23.444,30.605
23.49,23.412,34.568,187.26,4.513,6.2178,0.66982,23.424,30.651
23.5,23.391,34.573,187,4.5369,6.2682,0.67266,23.404,30.699
23.51,23.371,34.579,186.74,4.5608,6.3185,0.67553,23.383,30.749
23.52,23.35,34.584,186.47,4.5847,6.3689,0.67844,23.362,30.802
23.53,23.33,34.589,186.2,4.6084,6.4193,0.68137,23.341,30.857
23.54,23.308,34.594,185.93,4.6321,6.4697,0.68434,23.32,30.914
23.55,23.287,34.599,185.66,4.6558,6.5202,0.68735,23.298,30.974
23.56,23.265,34.604,185.37,4.6793,6.5707,0.6904,23.276,31.037
23.57,23.243,34.609,185.09,4.7028,6.6212,0.69348,23.254,31.102
23.58,23.221,34.614,184.8,4.7263,6.6718,0.6966,23.231,31.17
23.59,23.198,34.619,184.51,4.7496,6.7224,0.69975,23.209,31.239
23.6,23.175,34.623,184.21,4.773,6.773,0.70293,23.186,31.311
23.61,23.152,34.627,183.91,4.7963,6.8237,0.70615,23.162,31.384
23.62,23.129,34.632,183.6,4.8196,6.8743,0.7094,23.139,31.458
23.63,23.105,34.636,183.29,4.8428,6.925,0.71268,23.115,31.535
23.64,23.081,34.64,182.97,4.866,6.9757,0.716,23.091,31.614
23.65,23.057,34.644,182.65,4.8892,7.0265,0.71934,23.066,31.694
23.66,23.032,34.648,182.33,4.9124,7.0772,0.72272,23.041,31.777
23.67,23.007,34.652,182,4.9356,7.128,0.72614,23.016,31.862
23.68,22.982,34.656,181.66,4.9587,7.1789,0.72958,22.991,31.949
23.69,22.957,34.659,181.32,4.9818,7.2297,0.73306,22.965,32.039
23.7,22.931,34.663,180.98,5.0049,7.2806,0.73657,22.94,32.131
23.71,22.905,34.666,180.62,5.028,7.3316,0.74012,22.913,32.226
23.72,22.879,34.67,180.27,5.0511,7.3826,0.7437,22.887,32.323
23.73,22.852,34.673,179.9,5.0742,7.4336,0.74731,22.86,32.423
23.74,22.826,34.676,179.53,5.0972,7.4847,0.75096,22.833,32.526
23.75,22.799,34.679,179.16,5.1203,7.5358,0.75463,22.806,32.632
23.76,22.771,34.682,178.78,5.1433,7.587,0.75834,22.778,32.74
23.77,22.743,34.685,178.39,5.1664,7.6382,0.76207,22.751,32.85
23.78,22.716,34.687,178,5.1895,7.6895,0.76584,22.723,32.963
23.79,22.688,34.69,177.61,5.2126,7.7409,0.76962,22.694,33.079
23.8,22.659,34.692,177.21,5.2358,7.7923,0.77344,22.666,33.197
23.81,22.631,34.695,176.8,5.259,7.8438,0.77727,22.637,33.318
23.82,22.602,34.697,176.4,5.2822,7.8954,0.78113,22.608,33.441
23.83,22.573,34.7,175.98,5.3055,7.947,0.78501,22.579,33.567
23.84,22.544,34.702,175.57,5.3288,7.9987,0.78891,22.55,33.695
23.85,22.515,34.704,175.15,5.3521,8.0505,0.79283,22.521,33.826
23.86,22.485,34.707,174.73,5.3756,8.1023,0.79676,22.491,33.958
23.87,22.456,34.709,174.3,5.399,8.1542,0.8007,22.462,34.093
23.88,22.426,34.711,173.88,5.4226,8.2061,0.80465,22.432,34.23
23.89,22.397,34.713,173.45,5.4462,8.2579,0.80861,22.402,34.369
23.9,22.367,34.715,173.02,5.4699,8.3097,0.81256,22.373,34.51
23.91,22.337,34.717,172.59,5.4936,8.3614,0.81651,22.343,34.652
23.92,22.308,34.719,172.16,5.5174,8.4131,0.82045,22.313,34.796
23.93,22.278,34.721,171.73,5.5413,8.4646,0.82438,22.283,34.942
23.94,22.248,34.724,171.3,5.5652,8.5159,0.82829,22.253,35.089
23.95,22.219,34.726,170.87,5.5892,8.5671,0.83219,22.224,35.237
23.96,22.189,34.728,170.44,5.6132,8.6181,0.83606,22.194,35.387
23.97,22.16,34.73,170.02,5.6374,8.6689,0.8399,22.165,35.538
23.98,22.131,34.733,169.6,5.6616,8.7195,0.84373,22.136,35.69
23.99,22.102,34.735,169.18,5.6859,8.77,0.84753,22.106,35.843
24,22.073,34.738,168.77,5.7103,8.8205,0.85131,22.078,35.997
24.01,22.045,34.74,168.35,5.7347,8.871,0.85507,22.049,36.152
24.02,22.016,34.743,167.94,5.7592,8.9216,0.85883,22.02,36.308
24.03,21.988,34.745,167.53,5.7839,8.9722,0.86256,21.992,36.465
24.04,21.96,34.748,167.11,5.8086,9.023,0.86629,21.963,36.623
24.05,21.932,34.751,166.7,5.8334,9.074,0.87001,21.935,36.781
24.06,21.904,34.754,166.29,5.8583,9.1252,0.87372,21.907,36.941
24.07,21.876,34.757,165.87,5.8833,9.1767,0.87743,21.879,37.1
24.08,21.849,34.76,165.46,5.9084,9.2286,0.88114,21.852,37.261
24.09,21.821,34.763,165.04,5.9336,9.2809,0.88484,21.824,37.422
24.1,21.794,34.766,164.63,5.9589,9.3337,0.88855,21.797,37.584
24.11,21.767,34.769,164.21,5.9843,9.3869,0.89227,21.77,37.746
24.12,21.74,34.772,163.79,6.0099,9.4407,0.89598,21.743,37.908
24.13,21.714,34.776,163.37,6.0355,9.495,0.89971,21.716,38.071
24.14,21.687,34.779,162.94,6.0613,9.5497,0.90343,21.689,38.234
24.15,21.661,34.783,162.52,6.0871,9.6048,0.90715,21.663,38.397
24.16,21.634,34.786,162.1,6.1129,9.6601,0.91086,21.636,38.56
24.17,21.608,34.79,161.67,6.1389,9.7155,0.91456,21.61,38.723
24.18,21.582,34.793,161.25,6.1648,9.7708,0.91823,21.584,38.885
24.19,21.557,34.797,160.84,6.1908,9.826,0.92188,21.558,39.048
24.2,21.531,34.801,160.42,6.2168,9.881,0.92549,21.532,39.209
24.21,21.506,34.805,160.01,6.2428,9.9356,0.92906,21.507,39.37
24.22,21.48,34.809,159.61,6.2688,9.9897,0.9326,21.481,39.53
24.23,21.455,34.813,159.21,6.2949,10.043,0.93609,21.456,39.688
24.24,21.43,34.817,158.82,6.3211,10.097,0.93955,21.431,39.844
24.25,21.405,34.821,158.43,6.3474,10.15,0.94297,21.406,39.999
24.26,21.381,34.825,158.05,6.3737,10.202,0.94636,21.381,40.151
24.27,21.356,34.829,157.67,6.4003,10.254,0.94973,21.356,40.3
24.28,21.331,34.833,157.29,6.4269,10.306,0.95308,21.331,40.448
24.29,21.307,34.838,156.92,6.4539,10.358,0.95641,21.306,40.594
24.3,21.282,34.842,156.55,6.4811,10.41,0.95975,21.282,40.738
24.31,21.258,34.846,156.17,6.5086,10.462,0.9631,21.257,40.882
24.32,21.233,34.85,155.8,6.5365,10.514,0.96646,21.232,41.026
24.33,21.208,34.854,155.42,6.5648,10.566,0.96984,21.207,41.171
24.34,21.183,34.858,155.03,6.5936,10.619,0.97326,21.181,41.317
24.35,21.157,34.862,154.64,6.6229,10.672,0.9767,21.156,41.465
24.36,21.132,34.866,154.25,6.6528,10.726,0.98019,21.13,41.615
24.37,21.106,34.87,153.84,6.6833,10.781,0.98373,21.104,41.768
24.38,21.08,34.874,153.43,6.7144,10.836,0.98731,21.078,41.923
24.39,21.053,34.878,153.01,6.7462,10.892,0.99095,21.051,42.081
24.4,21.026,34.881,152.57,6.7786,10.948,0.99465,21.024,42.243
24.41,20.999,34.885,152.13,6.8118,11.006,0.99842,20.997,42.407
24.42,20.972,34.888,151.68,6.8458,11.064,1.0022,20.969,42.575
24.43,20.944,34.891,151.22,6.8805,11.124,1.0061,20.941,42.746
24.44,20.916,34.895,150.75,6.916,11.185,1.0101,20.913,42.92
24.45,20.887,34.898,150.26,6.9524,11.246,1.0142,20.884,43.097
24.46,20.858,34.9,149.76,6.9896,11.309,1.0184,20.855,43.278
24.47,20.829,34.903,149.25,7.0276,11.374,1.0226,20.826,43.463
24.48,20.8,34.906,148.73,7.0665,11.439,1.0269,20.796,43.651
24.49,20.769,34.908,148.2,7.1062,11.506,1.0314,20.766,43.843
24.5,20.739,34.911,147.66,7.1467,11.574,1.0359,20.736,44.037
24.51,20.708,34.913,147.1,7.188,11.644,1.0405,20.705,44.236
24.52,20.677,34.915,146.54,7.2302,11.715,1.0452,20.673,44.437
24.53,20.645,34.917,145.96,7.273,11.787,1.05,20.641,44.641
24.54,20.613,34.919,145.37,7.3167,11.861,1.0549,20.609,44.848
24.55,20.581,34.921,144.77,7.3611,11.936,1.06,20.577,45.058
24.56,20.548,34.922,144.16,7.4063,12.013,1.0651,20.543,45.269
24.57,20.514,34.924,143.54,7.4522,12.091,1.0703,20.51,45.483
24.58,20.48,34.925,142.91,7.4988,12.17,1.0756,20.476,45.698
24.59,20.446,34.926,142.27,7.5461,12.252,1.081,20.442,45.915
24.6,20.412,34.927,141.62,7.5941,12.334,1.0865,20.407,46.132
24.61,20.377,34.928,140.96,7.6428,12.419,1.0921,20.372,46.349
24.62,20.341,34.929,140.29,7.6921,12.504,1.0977,20.337,46.566
24.63,20.305,34.93,139.61,7.7421,12.591,1.1035,20.301,46.781
24.64,20.269,34.93,138.92,7.7927,12.68,1.1093,20.264,46.996
24.65,20.233,34.931,138.22,7.8439,12.77,1.1152,20.228,47.208
24.66,20.196,34.931,137.52,7.8957,12.861,1.1212,20.191,47.418
24.67,20.158,34.931,136.81,7.9481,12.954,1.1273,20.153,47.624
24.68,20.121,34.931,136.09,8.001,13.048,1.1334,20.116,47.827
24.69,20.083,34.931,135.37,8.0543,13.143,1.1395,20.078,48.026
24.7,20.044,34.931,134.64,8.1082,13.239,1.1458,20.039,48.219
24.71,20.006,34.931,133.9,8.1624,13.337,1.152,20.001,48.407
24.72,19.967,34.931,133.16,8.2171,13.435,1.1583,19.962,48.59
24.73,19.928,34.931,132.42,8.2721,13.535,1.1646,19.923,48.767
24.74,19.889,34.93,131.67,8.3274,13.635,1.171,19.883,48.939
24.75,19.849,34.93,130.92,8.3829,13.736,1.1773,19.844,49.106
24.76,19.81,34.929,130.17,8.4387,13.838,1.1836,19.804,49.267
24.77,19.77,34.929,129.42,8.4946,13.94,1.19,19.765,49.423
24.78,19.73,34.928,128.66,8.5507,14.043,1.1963,19.725,49.573
24.79,19.69,34.928,127.91,8.6067,14.145,1.2026,19.685,49.718
24.8,19.65,34.927,127.17,8.6629,14.248,1.2088,19.645,49.857
24.81,19.61,34.927,126.42,8.7189,14.351,1.215,19.604,49.991
24.82,19.57,34.926,125.68,8.7749,14.454,1.2212,19.564,50.12
24.83,19.53,34.925,124.94,8.8308,14.557,1.2273,19.524,50.243
24.84,19.489,34.925,124.21,8.8865,14.659,1.2333,19.484,50.361
24.85,19.449,34.924,123.49,8.942,14.761,1.2393,19.444,50.473
24.86,19.409,34.924,122.77,8.9972,14.862,1.2451,19.404,50.58
24.87,19.369,34.923,122.06,9.0521,14.963,1.2509,19.364,50.681
24.88,19.329,34.923,121.36,9.1066,15.062,1.2565,19.324,50.777
24.89,19.29,34.922,120.67,9.1606,15.161,1.262,19.284,50.868
24.9,19.25,34.922,120,9.2142,15.259,1.2675,19.244,50.953
24.91,19.211,34.922,119.33,9.2671,15.355,1.2727,19.205,51.033
24.92,19.171,34.922,118.68,9.3195,15.45,1.2779,19.166,51.108
24.93,19.133,34.922,118.05,9.3711,15.544,1.2829,19.127,51.178
24.94,19.094,34.922,117.43,9.4219,15.635,1.2877,19.088,51.244
24.95,19.056,34.922,116.84,9.4718,15.725,1.2924,19.05,51.304
24.96,19.018,34.922,116.26,9.5208,15.813,1.2969,19.012,51.36
24.97,18.98,34.923,115.7,9.5689,15.898,1.3012,18.974,51.411
24.98,18.943,34.923,115.16,9.616,15.982,1.3054,18.937,51.458
24.99,18.906,34.924,114.65,9.6622,16.063,1.3094,18.9,51.501
25,18.87,34.925,114.15,9.7073,16.142,1.3132,18.864,51.541
25.01,18.834,34.926,113.67,9.7514,16.219,1.3168,18.828,51.577
25.02,18.799,34.927,113.22,9.7944,16.294,1.3203,18.793,51.61
25.03,18.764,34.928,112.79,9.8364,16.366,1.3236,18.758,51.64
25.04,18.729,34.93,112.38,9.8773,16.437,1.3268,18.723,51.667
25.05,18.695,34.932,111.99,9.9171,16.505,1.3298,18.689,51.692
25.06,18.662,34.933,111.62,9.9558,16.57,1.3326,18.655,51.715
25.07,18.629,34.935,111.27,9.9934,16.634,1.3353,18.622,51.736
25.08,18.596,34.938,110.94,10.03,16.696,1.3378,18.589,51.755
25.09,18.564,34.94,110.63,10.066,16.755,1.3401,18.557,51.774
25.1,18.532,34.942,110.34,10.1,16.812,1.3423,18.525,51.792
25.11,18.5,34.945,110.07,10.134,16.867,1.3444,18.493,51.809
25.12,18.468,34.948,109.82,10.167,16.92,1.3463,18.461,51.827
25.13,18.437,34.95,109.58,10.199,16.971,1.3481,18.43,51.845
25.14,18.407,34.953,109.36,10.23,17.02,1.3498,18.399,51.864
25.15,18.376,34.956,109.15,10.261,17.068,1.3514,18.368,51.885
25.16,18.345,34.959,108.96,10.291,17.115,1.3529,18.338,51.907
25.17,18.315,34.962,108.77,10.321,17.159,1.3543,18.307,51.932
25.18,18.285,34.966,108.6,10.35,17.203,1.3556,18.277,51.961
25.19,18.255,34.969,108.43,10.379,17.245,1.3568,18.247,51.993
25.2,18.225,34.972,108.28,10.408,17.286,1.358,18.217,52.031
25.21,18.195,34.975,108.13,10.436,17.327,1.3591,18.186,52.074
25.22,18.165,34.979,107.99,10.465,17.366,1.3602,18.156,52.124
25.23,18.135,34.982,107.86,10.493,17.405,1.3612,18.126,52.182
25.24,18.105,34.985,107.74,10.522,17.443,1.3623,18.096,52.248
25.25,18.074,34.988,107.61,10.55,17.48,1.3633,18.066,52.324
25.26,18.044,34.992,107.49,10.579,17.517,1.3643,18.035,52.409
25.27,18.013,34.995,107.37,10.609,17.555,1.3653,18.005,52.506
25.28,17.983,34.998,107.25,10.64,17.592,1.3664,17.974,52.615
25.29,17.952,35.001,107.12,10.671,17.63,1.3675,17.943,52.737
25.3,17.921,35.004,106.98,10.704,17.668,1.3687,17.911,52.872
25.31,17.889,35.007,106.84,10.738,17.708,1.3701,17.88,53.022
25.32,17.857,35.01,106.69,10.774,17.748,1.3715,17.848,53.187
25.33,17.825,35.013,106.52,10.811,17.79,1.3731,17.815,53.368
25.34,17.792,35.015,106.34,10.851,17.833,1.3748,17.783,53.567
25.35,17.759,35.018,106.14,10.893,17.878,1.3767,17.75,53.784
25.36,17.726,35.02,105.92,10.938,17.925,1.3788,17.716,54.02
25.37,17.692,35.023,105.68,10.985,17.974,1.3811,17.682,54.273
25.38,17.658,35.025,105.42,11.034,18.026,1.3836,17.648,54.544
25.39,17.623,35.027,105.15,11.086,18.08,1.3863,17.613,54.832
25.4,17.587,35.029,104.85,11.141,18.136,1.3891,17.577,55.136
25.41,17.551,35.03,104.54,11.198,18.194,1.3922,17.541,55.457
25.42,17.514,35.032,104.21,11.257,18.255,1.3955,17.504,55.794
25.43,17.477,35.033,103.86,11.319,18.318,1.3989,17.467,56.148
25.44,17.44,35.034,103.49,11.383,18.383,1.4025,17.429,56.519
25.45,17.401,35.035,103.11,11.449,18.451,1.4062,17.391,56.909
25.46,17.362,35.036,102.71,11.518,18.52,1.4101,17.352,57.318
25.47,17.323,35.037,102.3,11.589,18.592,1.4142,17.313,57.747
25.48,17.283,35.038,101.88,11.662,18.665,1.4183,17.273,58.194
25.49,17.243,35.038,101.44,11.737,18.74,1.4225,17.232,58.66
25.5,17.202,35.038,101,11.813,18.816,1.4268,17.191,59.144
25.51,17.161,35.039,100.55,11.891,18.893,1.4312,17.15,59.646
25.52,17.119,35.039,100.1,11.971,18.971,1.4356,17.108,60.165
25.53,17.077,35.039,99.651,12.051,19.051,1.44,17.066,60.701
25.54,17.035,35.038,99.198,12.132,19.13,1.4445,17.024,61.255
25.55,16.992,35.038,98.746,12.214,19.21,1.4489,16.981,61.825
25.56,16.949,35.038,98.296,12.296,19.29,1.4534,16.938,62.413
25.57,16.905,35.038,97.85,12.379,19.371,1.4578,16.895,63.018
25.58,16.862,35.037,97.408,12.462,19.451,1.4622,16.851,63.64
25.59,16.818,35.037,96.972,12.545,19.531,1.4666,16.807,64.28
25.6,16.774,35.036,96.542,12.628,19.61,1.471,16.763,64.936
25.61,16.73,35.036,96.121,12.711,19.69,1.4753,16.719,65.61
25.62,16.686,35.035,95.708,12.793,19.768,1.4795,16.675,66.301
25.63,16.642,35.035,95.306,12.875,19.846,1.4837,16.631,67.008
25.64,16.597,35.034,94.913,12.956,19.923,1.4878,16.586,67.734
25.65,16.553,35.034,94.531,13.036,19.999,1.4918,16.542,68.476
25.66,16.508,35.033,94.157,13.116,20.074,1.4958,16.497,69.237
25.67,16.464,35.032,93.789,13.195,20.149,1.4997,16.453,70.019
25.68,16.419,35.032,93.426,13.274,20.224,1.5036,16.408,70.822
25.69,16.375,35.031,93.066,13.352,20.299,1.5075,16.364,71.649
25.7,16.33,35.031,92.707,13.43,20.374,1.5113,16.319,72.5
25.71,16.285,35.03,92.349,13.507,20.449,1.5152,16.274,73.379
25.72,16.24,35.03,91.989,13.585,20.525,1.519,16.229,74.286
25.73,16.195,35.029,91.626,13.662,20.601,1.5229,16.184,75.224
25.74,16.15,35.029,91.257,13.74,20.678,1.5268,16.139,76.194
25.75,16.105,35.028,90.882,13.817,20.756,1.5307,16.094,77.199
25.76,16.059,35.027,90.499,13.895,20.835,1.5346,16.048,78.242
25.77,16.014,35.027,90.106,13.973,20.915,1.5386,16.003,79.323
25.78,15.968,35.026,89.701,14.052,20.996,1.5427,15.957,80.447
25.79,15.922,35.026,89.285,14.131,21.079,1.5468,15.911,81.616
25.8,15.876,35.025,88.855,14.21,21.163,1.551,15.865,82.832
25.81,15.83,35.024,88.41,14.291,21.249,1.5552,15.819,84.097
25.82,15.783,35.023,87.948,14.372,21.337,1.5596,15.772,85.415
25.83,15.737,35.023,87.467,14.454,21.427,1.5641,15.726,86.787
25.84,15.69,35.022,86.963,14.538,21.519,1.5687,15.679,88.216
25.85,15.643,35.021,86.435,14.623,21.614,1.5734,15.632,89.705
25.86,15.595,35.02,85.881,14.709,21.711,1.5783,15.584,91.257
25.87,15.547,35.019,85.298,14.798,21.812,1.5834,15.537,92.874
25.88,15.5,35.018,84.687,14.888,21.916,1.5887,15.489,94.559
25.89,15.451,35.017,84.045,14.981,22.022,1.5941,15.44,96.315
25.9,15.403,35.016,83.372,15.075,22.132,1.5997,15.392,98.144
25.91,15.354,35.015,82.667,15.172,22.245,1.6056,15.343,100.05
25.92,15.305,35.014,81.93,15.271,22.361,1.6116,15.294,102.04
25.93,15.256,35.012,81.159,15.373,22.481,1.6179,15.245,104.11
25.94,15.207,35.011,80.352,15.478,22.604,1.6245,15.196,106.26
25.95,15.157,35.01,79.51,15.586,22.73,1.6313,15.146,108.51
25.96,15.107,35.008,78.631,15.698,22.861,1.6384,15.096,110.84
25.97,15.057,35.007,77.713,15.813,22.995,1.6458,15.046,113.27
25.98,15.006,35.005,76.755,15.932,23.133,1.6535,14.995,115.79
25.99,14.955,35.004,75.754,16.055,23.276,1.6616,14.945,118.4
26,14.904,35.002,74.709,16.182,23.424,1.6701,14.894,121.1
26.01,14.853,35.001,73.621,16.314,23.577,1.679,14.842,123.88
26.02,14.801,34.999,72.493,16.451,23.734,1.6883,14.79,126.75
26.03,14.749,34.997,71.332,16.593,23.895,1.698,14.738,129.7
26.04,14.697,34.996,70.142,16.739,24.059,1.7081,14.686,132.72
26.05,14.644,34.994,68.927,16.891,24.228,1.7185,14.633,135.83
26.06,14.591,34.992,67.691,17.048,24.399,1.7293,14.58,139.02
26.07,14.537,34.99,66.436,17.211,24.573,1.7406,14.526,142.29
26.08,14.483,34.988,65.164,17.379,24.75,1.7522,14.472,145.62
26.09,14.428,34.985,63.875,17.552,24.93,1.7642,14.418,149.01
26.1,14.374,34.983,62.571,17.731,25.112,1.7766,14.363,152.46
26.11,14.318,34.981,61.252,17.915,25.297,1.7893,14.308,155.96
26.12,14.262,34.978,59.919,18.106,25.483,1.8024,14.252,159.51
26.13,14.206,34.976,58.572,18.302,25.672,1.8158,14.196,163.09
26.14,14.15,34.973,57.211,18.503,25.863,1.8296,14.139,166.72
26.15,14.092,34.97,55.835,18.711,26.055,1.8438,14.082,170.37
26.16,14.035,34.968,54.444,18.925,26.249,1.8583,14.025,174.05
26.17,13.977,34.965,53.038,19.145,26.445,1.8731,13.967,177.76
26.18,13.918,34.962,51.618,19.372,26.643,1.8882,13.908,181.49
26.19,13.859,34.959,50.183,19.605,26.841,1.9036,13.849,185.24
26.2,13.8,34.956,48.736,19.844,27.041,1.9193,13.79,189.01
26.21,13.74,34.952,47.276,20.089,27.242,1.9353,13.73,192.77
26.22,13.679,34.949,45.803,20.34,27.443,1.9516,13.67,196.54
26.23,13.618,34.946,44.318,20.597,27.646,1.968,13.609,200.29
26.24,13.557,34.942,42.821,20.86,27.849,1.9847,13.548,204.02
26.25,13.495,34.939,41.315,21.128,28.053,2.0016,13.486,207.73
26.26,13.433,34.935,39.803,21.403,28.257,2.0187,13.424,211.42
26.27,13.371,34.932,38.29,21.682,28.461,2.0359,13.361,215.07
26.28,13.308,34.928,36.78,21.967,28.665,2.0532,13.299,218.67
26.29,13.245,34.924,35.278,22.256,28.868,2.0705,13.235,222.24
26.3,13.181,34.921,33.789,22.55,29.07,2.0878,13.172,225.76
26.31,13.117,34.917,32.319,22.848,29.27,2.1052,13.108,229.22
26.32,13.053,34.913,30.874,23.15,29.467,2.1224,13.044,232.64
26.33,12.988,34.909,29.458,23.454,29.662,2.1395,12.979,236
26.34,12.923,34.905,28.077,23.762,29.854,2.1565,12.914,239.31
26.35,12.857,34.901,26.732,24.073,30.044,2.1733,12.849,242.57
26.36,12.792,34.897,25.428,24.386,30.23,2.1899,12.783,245.79
26.37,12.726,34.893,24.166,24.701,30.412,2.2064,12.717,248.96
26.38,12.659,34.889,22.95,25.019,30.591,2.2226,12.651,252.08
26.39,12.592,34.885,21.782,25.339,30.767,2.2386,12.584,255.16
26.4,12.525,34.881,20.662,25.661,30.939,2.2543,12.517,258.2
26.41,12.458,34.877,19.593,25.985,31.108,2.2698,12.45,261.2
26.42,12.39,34.873,18.574,26.311,31.274,2.2851,12.382,264.17
26.43,12.322,34.869,17.608,26.638,31.436,2.3001,12.314,267.11
26.44,12.254,34.865,16.693,26.967,31.594,2.3148,12.246,270.02
26.45,12.186,34.86,15.827,27.297,31.75,2.3292,12.178,272.9
26.46,12.117,34.856,15.011,27.629,31.903,2.3434,12.109,275.76
26.47,12.048,34.852,14.242,27.962,32.054,2.3574,12.04,278.6
26.48,11.978,34.848,13.521,28.297,32.201,2.371,11.97,281.42
26.49,11.908,34.844,12.845,28.634,32.347,2.3844,11.901,284.23
26.5,11.838,34.84,12.213,28.972,32.49,2.3976,11.831,287.03
26.51,11.768,34.835,11.626,29.312,32.631,2.4105,11.761,289.83
26.52,11.697,34.831,11.081,29.653,32.771,2.4231,11.69,292.61
26.53,11.627,34.827,10.577,29.995,32.909,2.4355,11.619,295.4
26.54,11.555,34.823,10.114,30.34,33.047,2.4476,11.548,298.19
26.55,11.484,34.819,9.6898,30.685,33.183,2.4596,11.477,300.99
26.56,11.412,34.814,9.3039,31.033,33.318,2.4713,11.405,303.81
26.57,11.34,34.81,8.9547,31.381,33.453,2.4828,11.334,306.64
26.58,11.268,34.806,8.6407,31.732,33.587,2.4941,11.261,309.5
26.59,11.196,34.802,8.3605,32.084,33.722,2.5052,11.189,312.4
26.6,11.123,34.798,8.1127,32.437,33.856,2.5161,11.116,315.33
26.61,11.05,34.794,7.8959,32.793,33.991,2.5269,11.043,318.31
26.62,10.977,34.79,7.7091,33.149,34.127,2.5376,10.97,321.34
26.63,10.903,34.786,7.5517,33.508,34.263,2.5481,10.897,324.43
26.64,10.829,34.781,7.4228,33.869,34.4,2.5585,10.823,327.58
26.65,10.755,34.777,7.3218,34.231,34.538,2.5688,10.749,330.8
26.66,10.681,34.773,7.2475,34.595,34.677,2.5789,10.674,334.09
26.67,10.606,34.769,7.1989,34.96,34.818,2.5889,10.6,337.47
26.68,10.531,34.765,7.175,35.328,34.961,2.5989,10.525,340.93
26.69,10.455,34.761,7.1746,35.697,35.104,2.6086,10.45,344.47
26.7,10.38,34.757,7.1968,36.068,35.25,2.6183,10.374,348.11
26.71,10.304,34.753,7.2409,36.44,35.397,2.6279,10.298,351.84
26.72,10.228,34.749,7.3057,36.815,35.546,2.6374,10.222,355.66
26.73,10.151,34.745,7.3901,37.191,35.696,2.6468,10.146,359.59
26.74,10.075,34.741,7.4926,37.57,35.848,2.6561,10.069,363.62
26.75,9.9975,34.737,7.6119,37.95,36.002,2.6654,9.9921,367.75
26.76,9.9203,34.733,7.7465,38.333,36.157,2.6746,9.915,372
26.77,9.8427,34.729,7.8952,38.719,36.313,2.6838,9.8375,376.37
26.78,9.765,34.725,8.0568,39.107,36.471,2.693,9.7598,380.85
26.79,9.687,34.721,8.2303,39.498,36.63,2.7022,9.6819,385.45
26.8,9.6087,34.717,8.4147,39.892,36.791,2.7113,9.6037,390.16
26.81,9.5302,34.713,8.6091,40.288,36.952,2.7206,9.5253,394.98
26.82,9.4515,34.709,8.8128,40.688,37.115,2.7298,9.4467,399.92
26.83,9.3726,34.705,9.0247,41.09,37.279,2.7392,9.3679,404.97
26.84,9.2936,34.701,9.244,41.495,37.443,2.7485,9.2889,410.12
26.85,9.2143,34.697,9.4694,41.904,37.609,2.758,9.2097,415.38
26.86,9.1349,34.693,9.6998,42.315,37.776,2.7675,9.1304,420.75
26.87,9.0553,34.689,9.9344,42.729,37.943,2.7771,9.0509,426.22
26.88,8.9755,34.685,10.173,43.146,38.111,2.7867,8.9712,431.78
26.89,8.8957,34.681,10.414,43.565,38.28,2.7964,8.8914,437.43
26.9,8.8157,34.677,10.658,43.987,38.449,2.8061,8.8115,443.16
26.91,8.7356,34.673,10.906,44.412,38.619,2.816,8.7315,448.96
26.92,8.6554,34.669,11.156,44.838,38.788,2.8258,8.6514,454.81
26.93,8.5751,34.665,11.409,45.266,38.958,2.8357,8.5712,460.71
26.94,8.4948,34.662,11.665,45.696,39.128,2.8457,8.491,466.65
26.95,8.4144,34.658,11.922,46.126,39.298,2.8557,8.4107,472.61
26.96,8.334,34.654,12.181,46.557,39.469,2.8657,8.3303,478.59
26.97,8.2536,34.65,12.441,46.989,39.639,2.8757,8.25,484.58
26.98,8.1732,34.646,12.703,47.42,39.809,2.8857,8.1696,490.57
26.99,8.0927,34.642,12.965,47.852,39.979,2.8957,8.0893,496.58
27,8.0123,34.638,13.227,48.284,40.149,2.9057,8.0089,502.58
