21,29.074,33.614,204.7,2.0914,0.012176,0.0046814,29.141,10.411,33.511,137.64,29.076
21.01,29.067,33.625,204.65,2.082,0.011385,0.0046386,29.134,10.463,33.506,137.66,29.07
21.02,29.061,33.636,204.59,2.0726,0.010624,0.0045971,29.127,10.515,33.5,137.67,29.064
21.03,29.055,33.646,204.54,2.0632,0.009892,0.0045575,29.121,10.568,33.495,137.68,29.058
21.04,29.049,33.657,204.48,2.0539,0.0091899,0.0045199,29.114,10.621,33.489,137.69,29.051
21.05,29.043,33.667,204.43,2.0446,0.0085175,0.0044846,29.107,10.676,33.483,137.7,29.045
21.06,29.037,33.678,204.38,2.0353,0.007875,0.004452,29.101,10.731,33.478,137.71,29.039
21.07,29.03,33.689,204.33,2.026,0.0072625,0.0044223,29.094,10.787,33.472,137.72,29.033
21.08,29.024,33.699,204.29,2.0168,0.00668,0.0043959,29.088,10.844,33.467,137.73,29.027
21.09,29.018,33.71,204.24,2.0077,0.0061277,0.0043731,29.081,10.902,33.461,137.74,29.021
21.1,29.012,33.72,204.19,1.9986,0.0056056,0.0043541,29.074,10.96,33.456,137.75,29.015
21.11,29.006,33.731,204.14,1.9895,0.0051138,0.0043393,29.068,11.019,33.451,137.77,29.008
21.12,28.999,33.741,204.1,1.9805,0.0046524,0.0043289,29.061,11.079,33.446,137.78,29.002
21.13,28.993,33.752,204.05,1.9715,0.0042216,0.0043233,29.054,11.14,33.441,137.8,28.996
21.14,28.986,33.762,204.01,1.9626,0.0038213,0.0043228,29.047,11.201,33.436,137.81,28.989
21.15,28.979,33.773,203.96,1.9537,0.0034517,0.0043276,29.039,11.263,33.431,137.83,28.982
21.16,28.973,33.783,203.91,1.9449,0.0031129,0.004338,29.032,11.326,33.427,137.85,28.975
21.17,28.966,33.793,203.87,1.9362,0.002805,0.0043545,29.025,11.389,33.422,137.86,28.968
21.18,28.958,33.804,203.82,1.9275,0.0025281,0.0043772,29.017,11.453,33.419,137.89,28.961
21.19,28.951,33.814,203.77,1.9189,0.0022822,0.0044065,29.009,11.518,33.415,137.91,28.954
21.2,28.943,33.824,203.72,1.9104,0.0020675,0.0044426,29.001,11.583,33.411,137.93,28.946
21.21,28.935,33.834,203.67,1.9019,0.001884,0.0044859,28.993,11.649,33.408,137.96,28.938
21.22,28.927,33.843,203.62,1.8935,0.0017318,0.0045367,28.984,11.716,33.406,137.98,28.93
21.23,28.919,33.853,203.57,1.8852,0.001611,0.0045953,28.975,11.783,33.403,138.01,28.922
21.24,28.91,33.863,203.52,1.877,0.0015218,0.0046619,28.966,11.851,33.401,138.04,28.913
21.25,28.901,33.872,203.46,1.8688,0.0014642,0.0047369,28.957,11.92,33.399,138.07,28.904
21.26,28.892,33.881,203.41,1.8607,0.0014382,0.0048204,28.947,11.989,33.398,138.11,28.895
21.27,28.882,33.89,203.35,1.8527,0.0014439,0.0049126,28.937,12.059,33.397,138.14,28.885
21.28,28.872,33.899,203.3,1.8449,0.0014813,0.0050139,28.926,12.129,33.397,138.18,28.875
21.29,28.861,33.908,203.24,1.8371,0.0015503,0.0051246,28.915,12.2,33.397,138.22,28.864
21.3,28.85,33.917,203.19,1.8294,0.001651,0.005245,28.904,12.271,33.398,138.26,28.853
21.31,28.839,33.925,203.14,1.8217,0.0017833,0.0053754,28.892,12.342,33.399,138.31,28.841
21.32,28.826,33.933,203.09,1.8142,0.0019473,0.0055162,28.879,12.414,33.4,138.35,28.829
21.33,28.813,33.94,203.04,1.8068,0.0021429,0.0056675,28.865,12.486,33.402,138.4,28.816
21.34,28.799,33.948,203,1.7995,0.0023701,0.0058296,28.851,12.558,33.405,138.44,28.802
21.35,28.785,33.955,202.96,1.7923,0.0026286,0.0060024,28.836,12.63,33.408,138.49,28.788
21.36,28.769,33.961,202.92,1.7853,0.0029185,0.0061858,28.82,12.702,33.411,138.54,28.772
21.37,28.753,33.968,202.89,1.7783,0.0032394,0.0063798,28.804,12.774,33.415,138.59,28.756
21.38,28.736,33.974,202.86,1.7715,0.0035914,0.0065844,28.787,12.845,33.419,138.64,28.739
21.39,28.718,33.979,202.84,1.7648,0.0039743,0.0067995,28.768,12.916,33.424,138.69,28.721
21.4,28.699,33.984,202.82,1.7582,0.0043879,0.0070252,28.749,12.985,33.429,138.75,28.702
21.41,28.68,33.989,202.8,1.7517,0.0048321,0.0072614,28.729,13.054,33.435,138.8,28.683
21.42,28.659,33.994,202.79,1.7454,0.0053065,0.0075077,28.709,13.121,33.44,138.85,28.662
21.43,28.638,33.998,202.79,1.7392,0.0058107,0.0077635,28.687,13.186,33.447,138.9,28.641
21.44,28.615,34.001,202.78,1.7332,0.0063441,0.0080282,28.664,13.249,33.453,138.95,28.618
21.45,28.592,34.004,202.79,1.7273,0.0069061,0.0083009,28.641,13.311,33.46,139.01,28.595
21.46,28.568,34.007,202.8,1.7216,0.0074957,0.0085812,28.617,13.37,33.467,139.06,28.571
21.47,28.543,34.01,202.81,1.716,0.0081121,0.0088683,28.591,13.426,33.474,139.11,28.546
21.48,28.518,34.012,202.82,1.7107,0.0087542,0.0091616,28.566,13.481,33.482,139.16,28.521
21.49,28.491,34.014,202.84,1.7055,0.0094207,0.0094605,28.539,13.533,33.49,139.21,28.494
21.5,28.464,34.015,202.86,1.7006,0.01011,0.0097641,28.512,13.584,33.499,139.27,28.467
21.51,28.436,34.017,202.89,1.696,0.01082,0.010072,28.484,13.635,33.507,139.32,28.439
21.52,28.408,34.018,202.92,1.6916,0.011548,0.010382,28.455,13.685,33.516,139.37,28.411
21.53,28.379,34.018,202.95,1.6875,0.012294,0.010695,28.426,13.736,33.525,139.43,28.382
21.54,28.349,34.019,202.99,1.6837,0.013059,0.011009,28.396,13.787,33.535,139.48,28.352
21.55,28.319,34.019,203.03,1.6802,0.013842,0.011324,28.366,13.839,33.544,139.54,28.322
21.56,28.289,34.019,203.07,1.6769,0.014642,0.011639,28.336,13.892,33.554,139.59,28.292
21.57,28.258,34.019,203.12,1.674,0.015458,0.011952,28.305,13.945,33.565,139.65,28.261
21.58,28.227,34.019,203.17,1.6712,0.01629,0.012263,28.274,13.997,33.576,139.7,28.23
21.59,28.196,34.019,203.22,1.6688,0.017137,0.01257,28.242,14.048,33.587,139.76,28.199
21.6,28.165,34.018,203.27,1.6665,0.017996,0.012874,28.211,14.098,33.599,139.81,28.168
21.61,28.134,34.018,203.32,1.6645,0.018867,0.013172,28.18,14.147,33.612,139.87,28.137
21.62,28.103,34.018,203.38,1.6628,0.019749,0.013464,28.149,14.194,33.625,139.93,28.106
21.63,28.073,34.018,203.43,1.6612,0.020639,0.013749,28.119,14.239,33.64,139.99,28.076
21.64,28.043,34.019,203.48,1.6598,0.021535,0.014025,28.089,14.283,33.655,140.04,28.046
21.65,28.013,34.019,203.53,1.6585,0.022433,0.014289,28.059,14.323,33.671,140.1,28.017
21.66,27.984,34.02,203.58,1.6574,0.02333,0.014541,28.03,14.36,33.687,140.16,27.988
21.67,27.956,34.021,203.63,1.6565,0.024222,0.014777,28.002,14.393,33.705,140.23,27.959
21.68,27.928,34.022,203.67,1.6557,0.025107,0.014996,27.974,14.422,33.724,140.29,27.931
21.69,27.901,34.023,203.72,1.6551,0.025981,0.015196,27.946,14.444,33.744,140.35,27.904
21.7,27.874,34.025,203.76,1.6545,0.026841,0.015375,27.92,14.462,33.765,140.41,27.878
21.71,27.849,34.027,203.81,1.654,0.027686,0.015532,27.894,14.474,33.786,140.47,27.852
21.72,27.823,34.029,203.85,1.6536,0.028516,0.015665,27.868,14.482,33.809,140.53,27.827
21.73,27.799,34.032,203.88,1.6533,0.029332,0.015771,27.844,14.486,33.832,140.59,27.802
21.74,27.775,34.035,203.92,1.653,0.030132,0.01585,27.82,14.486,33.857,140.65,27.778
21.75,27.752,34.038,203.95,1.6528,0.030915,0.015901,27.796,14.482,33.882,140.71,27.755
21.76,27.73,34.042,203.99,1.6526,0.031685,0.015924,27.774,14.474,33.907,140.76,27.733
21.77,27.708,34.046,204.02,1.6524,0.032446,0.015923,27.752,14.462,33.933,140.82,27.711
21.78,27.686,34.049,204.05,1.6522,0.033203,0.015899,27.73,14.449,33.96,140.88,27.69
21.79,27.665,34.054,204.08,1.652,0.03396,0.015855,27.709,14.432,33.986,140.93,27.669
21.8,27.645,34.058,204.11,1.6518,0.034719,0.015792,27.688,14.414,34.012,140.99,27.648
21.81,27.624,34.062,204.14,1.6516,0.03548,0.015711,27.667,14.393,34.038,141.04,27.628
21.82,27.604,34.067,204.17,1.6515,0.036247,0.015615,27.647,14.371,34.063,141.09,27.608
21.83,27.585,34.072,204.2,1.6515,0.037022,0.015505,27.627,14.348,34.087,141.13,27.588
21.84,27.565,34.076,204.23,1.6515,0.037809,0.015383,27.607,14.324,34.11,141.17,27.568
21.85,27.546,34.081,204.26,1.6516,0.038612,0.015253,27.588,14.299,34.132,141.21,27.549
21.86,27.527,34.086,204.29,1.6518,0.039437,0.015115,27.568,14.273,34.152,141.25,27.53
21.87,27.507,34.091,204.33,1.6521,0.040287,0.014972,27.549,14.249,34.171,141.28,27.511
21.88,27.488,34.096,204.36,1.6524,0.041167,0.014825,27.529,14.226,34.189,141.32,27.491
21.89,27.469,34.101,204.4,1.6529,0.042079,0.014676,27.51,14.205,34.205,141.35,27.472
21.9,27.45,34.106,204.45,1.6533,0.043026,0.014526,27.49,14.188,34.22,141.38,27.453
21.91,27.43,34.111,204.49,1.6538,0.044007,0.014377,27.471,14.175,34.233,141.41,27.433
21.92,27.41,34.115,204.53,1.6543,0.045022,0.01423,27.451,14.167,34.245,141.44,27.414
21.93,27.391,34.12,204.58,1.6549,0.046068,0.014086,27.431,14.164,34.255,141.47,27.394
21.94,27.371,34.125,204.63,1.6555,0.047143,0.013948,27.411,14.166,34.264,141.5,27.374
21.95,27.351,34.13,204.68,1.6561,0.048244,0.013816,27.391,14.175,34.27,141.54,27.354
21.96,27.331,34.134,204.73,1.6568,0.049368,0.013692,27.37,14.19,34.276,141.57,27.334
21.97,27.311,34.139,204.79,1.6575,0.050512,0.013577,27.35,14.214,34.279,141.62,27.314
21.98,27.291,34.144,204.84,1.6582,0.051672,0.013471,27.33,14.247,34.281,141.66,27.294
21.99,27.271,34.148,204.9,1.659,0.052845,0.013377,27.31,14.291,34.282,141.71,27.274
22,27.251,34.153,204.95,1.6599,0.054031,0.013294,27.29,14.347,34.281,141.77,27.255
22.01,27.232,34.158,205.01,1.6608,0.055232,0.013223,27.27,14.415,34.278,141.84,27.235
22.02,27.212,34.163,205.06,1.6617,0.056454,0.013165,27.25,14.496,34.273,141.91,27.215
22.03,27.192,34.167,205.12,1.6628,0.057697,0.013119,27.229,14.589,34.267,142,27.195
22.04,27.171,34.172,205.17,1.6639,0.058968,0.013086,27.209,14.694,34.26,142.08,27.175
22.05,27.151,34.176,205.23,1.6651,0.060274,0.013068,27.188,14.81,34.252,142.18,27.154
22.06,27.129,34.181,205.29,1.6664,0.06162,0.013065,27.166,14.936,34.242,142.29,27.133
22.07,27.108,34.185,205.36,1.6678,0.063014,0.013078,27.144,15.072,34.232,142.4,27.111
22.08,27.085,34.189,205.43,1.6694,0.064452,0.013106,27.122,15.216,34.221,142.52,27.089
22.09,27.062,34.192,205.5,1.6711,0.065929,0.013147,27.098,15.367,34.209,142.64,27.066
22.1,27.038,34.195,205.58,1.6729,0.067437,0.0132,27.074,15.524,34.197,142.78,27.042
22.11,27.013,34.198,205.66,1.6748,0.068967,0.013264,27.049,15.684,34.185,142.92,27.017
22.12,26.988,34.2,205.75,1.6769,0.070515,0.013338,27.023,15.848,34.173,143.07,26.991
22.13,26.961,34.202,205.85,1.6792,0.072073,0.01342,26.997,16.014,34.161,143.23,26.965
22.14,26.934,34.204,205.96,1.6817,0.073635,0.013511,26.969,16.182,34.149,143.39,26.937
22.15,26.905,34.205,206.06,1.6843,0.075189,0.013609,26.94,16.35,34.138,143.55,26.909
22.16,26.876,34.206,206.18,1.6871,0.076722,0.013713,26.911,16.517,34.126,143.72,26.88
22.17,26.846,34.207,206.3,1.6902,0.078221,0.013821,26.881,16.682,34.115,143.9,26.85
22.18,26.815,34.207,206.43,1.6935,0.079675,0.013934,26.85,16.844,34.104,144.08,26.819
22.19,26.784,34.208,206.56,1.697,0.081074,0.01405,26.818,17.003,34.093,144.27,26.788
22.2,26.752,34.207,206.69,1.7008,0.082409,0.014169,26.786,17.158,34.084,144.46,26.756
22.21,26.719,34.207,206.83,1.7049,0.083666,0.014288,26.754,17.307,34.075,144.65,26.723
22.22,26.686,34.207,206.97,1.7092,0.084833,0.014406,26.721,17.45,34.066,144.85,26.69
22.23,26.653,34.206,207.12,1.7137,0.085903,0.014522,26.688,17.586,34.059,145.05,26.657
22.24,26.62,34.205,207.26,1.7186,0.086878,0.014635,26.654,17.715,34.052,145.25,26.624
22.25,26.586,34.205,207.41,1.7237,0.087764,0.014744,26.621,17.836,34.046,145.44,26.591
22.26,26.553,34.204,207.56,1.7291,0.088564,0.014851,26.587,17.95,34.041,145.63,26.557
22.27,26.519,34.203,207.71,1.7348,0.089285,0.014958,26.553,18.056,34.036,145.82,26.523
22.28,26.485,34.202,207.85,1.7408,0.089929,0.015066,26.519,18.154,34.032,146,26.489
22.29,26.451,34.201,208,1.7471,0.090497,0.015176,26.485,18.246,34.028,146.17,26.456
22.3,26.418,34.201,208.14,1.7537,0.090989,0.015291,26.451,18.332,34.026,146.33,26.422
22.31,26.384,34.2,208.28,1.7605,0.091402,0.015411,26.417,18.412,34.024,146.48,26.388
22.32,26.35,34.199,208.41,1.7676,0.091734,0.015539,26.383,18.488,34.022,146.62,26.354
22.33,26.316,34.198,208.54,1.7749,0.091981,0.015676,26.349,18.56,34.022,146.74,26.32
22.34,26.282,34.197,208.67,1.7825,0.092136,0.015824,26.315,18.627,34.022,146.84,26.286
22.35,26.248,34.197,208.8,1.7902,0.092187,0.015985,26.281,18.69,34.023,146.92,26.252
22.36,26.214,34.196,208.93,1.798,0.092121,0.016157,26.247,18.751,34.025,146.98,26.218
22.37,26.18,34.195,209.05,1.806,0.091947,0.016342,26.213,18.81,34.027,147.03,26.184
22.38,26.146,34.194,209.17,1.814,0.091671,0.016538,26.179,18.869,34.03,147.05,26.15
22.39,26.112,34.194,209.3,1.8219,0.091295,0.016743,26.146,18.929,34.034,147.06,26.117
22.4,26.079,34.193,209.42,1.8298,0.090819,0.016955,26.112,18.993,34.039,147.05,26.083
22.41,26.045,34.193,209.54,1.8374,0.090251,0.017174,26.078,19.061,34.044,147.03,26.05
22.42,26.012,34.192,209.66,1.8447,0.089599,0.017397,26.045,19.135,34.049,147.01,26.016
22.43,25.979,34.192,209.79,1.8517,0.088875,0.017626,26.012,19.214,34.055,146.97,25.983
22.44,25.946,34.192,209.91,1.8583,0.088088,0.017859,25.979,19.298,34.061,146.93,25.951
22.45,25.914,34.192,210.03,1.8645,0.087255,0.018097,25.946,19.389,34.068,146.89,25.918
22.46,25.881,34.192,210.15,1.8701,0.086397,0.01834,25.914,19.487,34.075,146.84,25.886
22.47,25.849,34.192,210.27,1.8751,0.085538,0.018591,25.882,19.59,34.083,146.79,25.853
22.48,25.817,34.192,210.39,1.8795,0.084699,0.01885,25.849,19.698,34.092,146.73,25.821
22.49,25.785,34.192,210.51,1.8832,0.083899,0.019117,25.817,19.811,34.1,146.68,25.789
22.5,25.753,34.192,210.63,1.8862,0.083165,0.019395,25.785,19.928,34.109,146.63,25.758
22.51,25.722,34.193,210.74,1.8886,0.082529,0.019686,25.754,20.052,34.119,146.58,25.726
22.52,25.691,34.193,210.84,1.8904,0.082025,0.019994,25.723,20.182,34.128,146.53,25.695
22.53,25.66,34.194,210.94,1.8916,0.081681,0.02032,25.692,20.32,34.137,146.49,25.664
22.54,25.63,34.195,211.03,1.8923,0.081522,0.020666,25.661,20.465,34.147,146.46,25.634
22.55,25.6,34.196,211.12,1.8925,0.081568,0.021033,25.631,20.619,34.157,146.43,25.604
22.56,25.57,34.198,211.19,1.8923,0.081835,0.021421,25.602,20.778,34.168,146.41,25.575
22.57,25.541,34.199,211.27,1.8918,0.082339,0.02183,25.572,20.942,34.179,146.39,25.546
22.58,25.512,34.2,211.33,1.891,0.083088,0.022259,25.543,21.111,34.191,146.38,25.516
22.59,25.483,34.202,211.39,1.89,0.084083,0.022707,25.514,21.282,34.203,146.39,25.487
22.6,25.454,34.203,211.45,1.8888,0.085319,0.023171,25.485,21.454,34.217,146.4,25.459
22.61,25.425,34.205,211.5,1.8875,0.086788,0.023649,25.456,21.625,34.232,146.42,25.43
22.62,25.396,34.206,211.55,1.8861,0.088482,0.024139,25.427,21.794,34.248,146.45,25.401
22.63,25.367,34.208,211.59,1.8848,0.090389,0.024636,25.398,21.959,34.266,146.49,25.372
22.64,25.338,34.209,211.63,1.8835,0.092497,0.025137,25.369,22.12,34.284,146.54,25.343
22.65,25.31,34.211,211.67,1.8823,0.094793,0.02564,25.34,22.277,34.304,146.61,25.314
22.66,25.281,34.212,211.71,1.8812,0.097266,0.026144,25.311,22.428,34.325,146.68,25.286
22.67,25.252,34.214,211.75,1.8804,0.099904,0.026648,25.282,22.572,34.347,146.77,25.257
22.68,25.224,34.216,211.78,1.8797,0.10269,0.02715,25.253,22.71,34.371,146.86,25.229
22.69,25.195,34.217,211.81,1.8794,0.10561,0.027649,25.225,22.841,34.396,146.97,25.2
22.7,25.167,34.219,211.84,1.8793,0.10864,0.028143,25.196,22.967,34.422,147.08,25.172
22.71,25.139,34.221,211.87,1.8795,0.11177,0.028628,25.168,23.091,34.45,147.2,25.144
22.72,25.11,34.223,211.9,1.88,0.11499,0.0291,25.14,23.214,34.478,147.32,25.116
22.73,25.083,34.225,211.93,1.8809,0.11827,0.029556,25.112,23.337,34.508,147.45,25.088
22.74,25.055,34.227,211.96,1.8821,0.12164,0.029997,25.084,23.463,34.538,147.58,25.06
22.75,25.027,34.229,211.98,1.8835,0.12512,0.030421,25.056,23.591,34.569,147.72,25.033
22.76,25,34.231,212.01,1.8854,0.12875,0.03083,25.029,23.723,34.6,147.85,25.005
22.77,24.973,34.233,212.03,1.8877,0.13253,0.031224,25.001,23.856,34.632,147.99,24.978
22.78,24.945,34.235,212.06,1.8906,0.13648,0.031606,24.973,23.99,34.665,148.12,24.95
22.79,24.917,34.237,212.08,1.8941,0.14064,0.031978,24.945,24.124,34.698,148.26,24.922
22.8,24.889,34.239,212.11,1.8983,0.14504,0.032343,24.917,24.259,34.732,148.39,24.894
22.81,24.86,34.241,212.13,1.9031,0.14972,0.032705,24.888,24.398,34.766,148.52,24.866
22.82,24.831,34.242,212.16,1.9087,0.1547,0.033068,24.859,24.543,34.8,148.65,24.837
22.83,24.802,34.244,212.18,1.9151,0.16002,0.033436,24.829,24.695,34.835,148.77,24.807
22.84,24.772,34.245,212.2,1.9221,0.16567,0.03381,24.799,24.856,34.869,148.88,24.777
22.85,24.741,34.246,212.23,1.9297,0.17165,0.03419,24.769,25.027,34.903,148.98,24.747
22.86,24.71,34.247,212.24,1.9378,0.17791,0.034577,24.737,25.209,34.936,149.07,24.716
22.87,24.678,34.247,212.26,1.9464,0.18442,0.034969,24.706,25.4,34.968,149.15,24.684
22.88,24.646,34.248,212.28,1.9553,0.19113,0.035363,24.673,25.601,34.998,149.22,24.652
22.89,24.613,34.248,212.3,1.9643,0.19798,0.035756,24.64,25.809,35.028,149.27,24.619
22.9,24.58,34.248,212.32,1.9732,0.20489,0.036145,24.607,26.022,35.056,149.3,24.586
22.91,24.547,34.248,212.34,1.9818,0.21178,0.036527,24.574,26.236,35.083,149.33,24.553
22.92,24.513,34.248,212.37,1.9898,0.21858,0.036899,24.54,26.447,35.11,149.34,24.519
22.93,24.48,34.248,212.39,1.9971,0.22522,0.037259,24.506,26.653,35.135,149.34,24.485
22.94,24.446,34.248,212.42,2.0033,0.23161,0.037605,24.473,26.851,35.16,149.33,24.452
22.95,24.412,34.248,212.46,2.0087,0.2377,0.037934,24.439,27.036,35.184,149.31,24.418
22.96,24.379,34.248,212.5,2.0131,0.2434,0.038244,24.405,27.203,35.208,149.27,24.385
22.97,24.345,34.248,212.55,2.0166,0.24863,0.038529,24.371,27.349,35.231,149.23,24.351
22.98,24.311,34.248,212.61,2.0194,0.25335,0.038789,24.338,27.468,35.253,149.16,24.317
22.99,24.277,34.247,212.68,2.0213,0.25754,0.039024,24.303,27.557,35.275,149.08,24.283
23,24.242,34.247,212.76,2.0225,0.2612,0.039238,24.268,27.611,35.296,148.97,24.248
23.01,24.207,34.246,212.86,2.0231,0.26438,0.039434,24.233,27.631,35.318,148.83,24.213
23.02,24.171,34.246,212.97,2.023,0.26712,0.039618,24.197,27.618,35.339,148.66,24.177
23.03,24.134,34.244,213.1,2.0224,0.26948,0.039796,24.16,27.575,35.359,148.45,24.14
23.04,24.097,34.243,213.23,2.0214,0.27151,0.039972,24.122,27.504,35.38,148.2,24.102
23.05,24.058,34.241,213.38,2.02,0.27326,0.040153,24.084,27.41,35.399,147.91,24.064
23.06,24.019,34.239,213.54,2.0184,0.27475,0.040341,24.045,27.297,35.417,147.56,24.025
23.07,23.98,34.237,213.7,2.0164,0.276,0.04054,24.005,27.166,35.434,147.15,23.985
23.08,23.939,34.235,213.88,2.0142,0.27698,0.040751,23.965,27.019,35.45,146.69,23.945
23.09,23.899,34.232,214.06,2.0118,0.2777,0.040978,23.924,26.857,35.464,146.16,23.904
23.1,23.858,34.23,214.26,2.009,0.27812,0.041223,23.883,26.682,35.476,145.57,23.863
23.11,23.816,34.227,214.46,2.0061,0.27822,0.041493,23.842,26.495,35.487,144.91,23.822
23.12,23.775,34.224,214.66,2.003,0.27797,0.041791,23.8,26.299,35.495,144.18,23.78
23.13,23.733,34.222,214.87,1.9999,0.27732,0.042122,23.759,26.093,35.501,143.38,23.739
23.14,23.692,34.219,215.09,1.9967,0.27622,0.042491,23.717,25.878,35.505,142.5,23.697
23.15,23.65,34.217,215.31,1.9934,0.27461,0.042903,23.676,25.656,35.507,141.54,23.656
23.16,23.609,34.214,215.54,1.9901,0.27244,0.043366,23.635,25.428,35.507,140.51,23.615
23.17,23.569,34.212,215.77,1.9868,0.26973,0.043888,23.594,25.197,35.504,139.4,23.574
23.18,23.528,34.21,216.01,1.9834,0.26649,0.04448,23.554,24.963,35.5,138.2,23.534
23.19,23.488,34.208,216.25,1.9798,0.26275,0.045151,23.514,24.73,35.494,136.93,23.493
23.2,23.448,34.206,216.49,1.9761,0.25862,0.045905,23.474,24.499,35.486,135.57,23.454
23.21,23.409,34.204,216.73,1.9723,0.25419,0.046743,23.434,24.275,35.477,134.13,23.414
23.22,23.369,34.203,216.97,1.9685,0.24956,0.047669,23.394,24.06,35.467,132.61,23.374
23.23,23.329,34.201,217.22,1.9646,0.24484,0.048684,23.354,23.858,35.456,131.02,23.334
23.24,23.289,34.199,217.46,1.9607,0.2401,0.049792,23.314,23.672,35.445,129.34,23.294
23.25,23.249,34.198,217.71,1.9569,0.23542,0.051,23.274,23.504,35.434,127.6,23.254
23.26,23.207,34.195,217.96,1.9531,0.23084,0.052316,23.232,23.355,35.423,125.78,23.212
23.27,23.165,34.193,218.21,1.9494,0.2264,0.053748,23.19,23.225,35.414,123.89,23.17
23.28,23.121,34.19,218.48,1.9458,0.22213,0.055302,23.146,23.112,35.406,121.93,23.126
23.29,23.076,34.187,218.75,1.9423,0.21804,0.056985,23.101,23.016,35.4,119.9,23.081
23.3,23.028,34.183,219.04,1.9388,0.21414,0.058805,23.053,22.934,35.397,117.79,23.033
23.31,22.979,34.178,219.33,1.9354,0.21045,0.060771,23.003,22.863,35.397,115.6,22.983
23.32,22.926,34.172,219.65,1.9321,0.20696,0.062882,22.951,22.801,35.4,113.31,22.931
23.33,22.871,34.165,219.98,1.9289,0.20369,0.065137,22.896,22.748,35.408,110.94,22.875
23.34,22.813,34.157,220.32,1.9259,0.20069,0.067536,22.838,22.705,35.419,108.47,22.817
23.35,22.752,34.148,220.68,1.9232,0.19802,0.070071,22.777,22.671,35.434,105.9,22.757
23.36,22.689,34.138,221.05,1.9209,0.19571,0.072733,22.714,22.645,35.453,103.25,22.693
23.37,22.623,34.128,221.43,1.919,0.19379,0.075508,22.648,22.625,35.476,100.52,22.628
23.38,22.555,34.116,221.81,1.9177,0.19227,0.078373,22.58,22.61,35.503,97.737,22.559
23.39,22.485,34.104,222.2,1.917,0.19115,0.081301,22.511,22.595,35.532,94.929,22.49
23.4,22.414,34.092,222.6,1.9169,0.19045,0.084257,22.44,22.579,35.565,92.133,22.419
23.41,22.343,34.079,222.99,1.9176,0.19019,0.087205,22.369,22.56,35.6,89.391,22.347
23.42,22.272,34.067,223.38,1.9193,0.19038,0.090104,22.298,22.541,35.636,86.757,22.277
23.43,22.203,34.055,223.76,1.9221,0.19102,0.09291,22.229,22.523,35.673,84.286,22.208
23.44,22.136,34.044,224.12,1.9258,0.19212,0.095582,22.163,22.511,35.71,82.027,22.141
23.45,22.073,34.034,224.46,1.9305,0.19367,0.098087,22.1,22.51,35.745,80.023,22.078
23.46,22.014,34.026,224.77,1.9358,0.19566,0.1004,22.041,22.525,35.778,78.299,22.018
23.47,21.959,34.019,225.06,1.9417,0.19805,0.10251,21.986,22.562,35.809,76.873,21.963
23.48,21.908,34.014,225.32,1.948,0.20082,0.1044,21.935,22.627,35.838,75.743,21.913
23.49,21.862,34.011,225.55,1.9545,0.20395,0.10608,21.889,22.722,35.863,74.891,21.867
23.5,21.82,34.009,225.75,1.9611,0.20748,0.10754,21.847,22.853,35.885,74.297,21.825
23.51,21.782,34.008,225.92,1.9678,0.21149,0.10879,21.809,23.023,35.903,73.946,21.787
23.52,21.748,34.009,226.06,1.9747,0.21607,0.10985,21.775,23.235,35.918,73.815,21.753
23.53,21.718,34.012,226.17,1.9817,0.22127,0.11071,21.744,23.49,35.93,73.885,21.723
23.54,21.691,34.015,226.25,1.9891,0.22712,0.11138,21.718,23.791,35.937,74.152,21.696
23.55,21.668,34.02,226.29,1.9968,0.23365,0.11184,21.694,24.137,35.942,74.622,21.673
23.56,21.649,34.026,226.3,2.005,0.24086,0.11209,21.675,24.529,35.942,75.31,21.654
23.57,21.635,34.034,226.27,2.0138,0.24877,0.11211,21.66,24.97,35.937,76.237,21.64
23.58,21.625,34.043,226.2,2.0234,0.25747,0.11188,21.65,25.457,35.928,77.43,21.63
23.59,21.62,34.055,226.09,2.0341,0.26702,0.11141,21.645,25.992,35.914,78.895,21.625
23.6,21.62,34.067,225.94,2.0461,0.27749,0.11072,21.644,26.568,35.896,80.631,21.625
23.61,21.624,34.082,225.75,2.0596,0.28891,0.10981,21.648,27.183,35.873,82.631,21.629
23.62,21.632,34.097,225.51,2.0748,0.30134,0.10872,21.655,27.83,35.846,84.87,21.637
23.63,21.643,34.114,225.24,2.0919,0.31477,0.10749,21.666,28.503,35.816,87.312,21.648
23.64,21.655,34.131,224.94,2.1109,0.32918,0.10615,21.678,29.192,35.785,89.916,21.661
23.65,21.67,34.149,224.61,2.1317,0.34449,0.10475,21.692,29.885,35.752,92.641,21.676
23.66,21.684,34.166,224.26,2.1545,0.36062,0.10332,21.706,30.569,35.719,95.445,21.69
23.67,21.698,34.184,223.9,2.1791,0.37752,0.10192,21.719,31.232,35.687,98.286,21.704
23.68,21.711,34.201,223.54,2.2055,0.39515,0.10057,21.731,31.864,35.656,101.12,21.717
23.69,21.722,34.217,223.17,2.2337,0.41349,0.099315,21.742,32.46,35.627,103.91,21.728
23.7,21.73,34.233,222.81,2.2634,0.43251,0.098197,21.749,33.018,35.6,106.62,21.736
23.71,21.735,34.247,222.45,2.2947,0.45218,0.097243,21.754,33.539,35.575,109.22,21.742
23.72,21.737,34.261,222.11,2.3273,0.47244,0.096476,21.756,34.025,35.551,111.67,21.744
23.73,21.736,34.273,221.78,2.3609,0.49322,0.095915,21.755,34.48,35.53,113.98,21.743
23.74,21.732,34.284,221.47,2.3954,0.5144,0.095558,21.75,34.902,35.511,116.12,21.739
23.75,21.724,34.293,221.18,2.4305,0.53583,0.095387,21.741,35.29,35.494,118.1,21.731
23.76,21.713,34.302,220.9,2.4658,0.5574,0.095378,21.73,35.642,35.479,119.95,21.72
23.77,21.699,34.31,220.63,2.5011,0.57903,0.095512,21.716,35.96,35.465,121.65,21.706
23.78,21.683,34.316,220.38,2.5361,0.60069,0.095777,21.7,36.244,35.454,123.22,21.69
23.79,21.664,34.322,220.14,2.5706,0.62242,0.096169,21.68,36.499,35.444,124.65,21.671
23.8,21.643,34.327,219.9,2.6042,0.6442,0.096679,21.659,36.728,35.435,125.94,21.65
23.81,21.62,34.331,219.68,2.6367,0.666,0.097291,21.636,36.937,35.427,127.1,21.627
23.82,21.596,34.335,219.46,2.6673,0.68768,0.097991,21.612,37.127,35.418,128.11,21.604
23.83,21.572,34.339,219.25,2.6959,0.70919,0.098763,21.588,37.301,35.409,128.99,21.579
23.84,21.547,34.343,219.04,2.722,0.73043,0.099595,21.563,37.457,35.399,129.73,21.554
23.85,21.522,34.347,218.84,2.7456,0.75132,0.10046,21.538,37.597,35.387,130.34,21.53
23.86,21.498,34.351,218.65,2.7663,0.77169,0.10134,21.514,37.721,35.374,130.84,21.506
23.87,21.476,34.355,218.47,2.7839,0.79136,0.10219,21.491,37.828,35.359,131.23,21.483
23.88,21.455,34.36,218.29,2.7984,0.81011,0.10298,21.47,37.916,35.342,131.54,21.462
23.89,21.435,34.366,218.11,2.8096,0.8277,0.10366,21.45,37.985,35.323,131.79,21.443
23.9,21.417,34.372,217.95,2.8174,0.84388,0.10418,21.432,38.035,35.303,131.99,21.425
23.91,21.402,34.379,217.79,2.8217,0.85841,0.10449,21.416,38.072,35.282,132.17,21.409
23.92,21.388,34.387,217.65,2.8225,0.87106,0.10457,21.402,38.099,35.26,132.33,21.395
23.93,21.375,34.395,217.52,2.8201,0.88168,0.10444,21.389,38.117,35.238,132.47,21.382
23.94,21.363,34.403,217.41,2.8149,0.89029,0.10412,21.377,38.128,35.215,132.6,21.37
23.95,21.351,34.412,217.31,2.8071,0.89691,0.10364,21.365,38.132,35.193,132.7,21.359
23.96,21.34,34.42,217.24,2.797,0.90165,0.10301,21.353,38.133,35.172,132.79,21.347
23.97,21.328,34.429,217.18,2.7852,0.90473,0.10227,21.341,38.134,35.153,132.87,21.335
23.98,21.315,34.437,217.15,2.7719,0.90641,0.10144,21.328,38.143,35.135,132.95,21.323
23.99,21.302,34.445,217.13,2.7577,0.90702,0.10057,21.315,38.162,35.119,133.02,21.31
24,21.288,34.453,217.12,2.7428,0.90679,0.099665,21.3,38.194,35.105,133.11,21.295
24.01,21.272,34.46,217.14,2.7277,0.9059,0.098758,21.284,38.243,35.093,133.22,21.28
24.02,21.255,34.467,217.17,2.7125,0.90455,0.097868,21.267,38.31,35.084,133.37,21.262
24.03,21.236,34.473,217.21,2.6976,0.90298,0.097016,21.247,38.398,35.078,133.56,21.243
24.04,21.215,34.478,217.27,2.6833,0.90133,0.096218,21.226,38.505,35.074,133.81,21.222
24.05,21.192,34.483,217.35,2.6696,0.89968,0.095488,21.203,38.624,35.074,134.09,21.199
24.06,21.166,34.487,217.45,2.6568,0.89803,0.094836,21.177,38.748,35.076,134.39,21.174
24.07,21.138,34.49,217.58,2.6449,0.89635,0.094269,21.149,38.875,35.083,134.72,21.146
24.08,21.107,34.493,217.73,2.6341,0.89456,0.093796,21.118,39.004,35.093,135.04,21.115
24.09,21.074,34.494,217.9,2.6244,0.89261,0.093429,21.085,39.131,35.106,135.34,21.082
24.1,21.039,34.495,218.1,2.6162,0.89053,0.093183,21.049,39.256,35.123,135.6,21.046
24.11,21.001,34.495,218.32,2.6094,0.88854,0.093076,21.011,39.38,35.142,135.79,21.008
24.12,20.96,34.494,218.57,2.6043,0.88673,0.093123,20.97,39.503,35.164,135.91,20.968
24.13,20.917,34.492,218.84,2.6008,0.88517,0.093334,20.927,39.628,35.188,135.93,20.925
24.14,20.872,34.489,219.13,2.599,0.88389,0.093718,20.882,39.752,35.213,135.85,20.879
24.15,20.824,34.486,219.44,2.5988,0.88283,0.094274,20.834,39.876,35.239,135.64,20.832
24.16,20.774,34.482,219.77,2.6001,0.88193,0.095003,20.784,39.997,35.264,135.31,20.782
24.17,20.722,34.478,220.12,2.6027,0.88117,0.095904,20.732,40.117,35.289,134.84,20.73
24.18,20.669,34.472,220.49,2.6065,0.8805,0.096976,20.679,40.238,35.312,134.23,20.677
24.19,20.614,34.467,220.89,2.6112,0.87989,0.098211,20.624,40.361,35.333,133.48,20.622
24.2,20.558,34.461,221.3,2.6167,0.8793,0.099601,20.568,40.487,35.351,132.59,20.565
24.21,20.5,34.455,221.72,2.6227,0.8788,0.10114,20.51,40.615,35.365,131.55,20.508
24.22,20.442,34.448,222.16,2.629,0.87845,0.10283,20.452,40.742,35.376,130.36,20.449
24.23,20.382,34.441,222.61,2.6353,0.87827,0.10465,20.392,40.868,35.382,129.03,20.39
24.24,20.321,34.434,223.08,2.6418,0.87829,0.10659,20.332,40.988,35.384,127.55,20.329
24.25,20.259,34.427,223.56,2.6483,0.87844,0.10862,20.27,41.1,35.383,125.94,20.267
24.26,20.196,34.419,224.04,2.655,0.87864,0.1107,20.207,41.202,35.379,124.21,20.204
24.27,20.132,34.411,224.53,2.6619,0.87885,0.11281,20.143,41.294,35.373,122.37,20.14
24.28,20.067,34.402,225.01,2.6691,0.87913,0.11494,20.078,41.381,35.364,120.44,20.075
24.29,20.002,34.394,225.49,2.6765,0.87955,0.11705,20.013,41.469,35.353,118.45,20.01
24.3,19.936,34.386,225.96,2.6843,0.88014,0.11913,19.947,41.566,35.339,116.41,19.944
24.31,19.871,34.377,226.41,2.6924,0.88097,0.12114,19.882,41.678,35.324,114.36,19.879
24.32,19.807,34.369,226.85,2.7009,0.88204,0.12308,19.818,41.812,35.307,112.3,19.815
24.33,19.743,34.362,227.26,2.7095,0.88336,0.12493,19.754,41.973,35.288,110.27,19.751
24.34,19.681,34.354,227.65,2.7183,0.88497,0.12666,19.692,42.162,35.267,108.3,19.689
24.35,19.62,34.347,228.02,2.7271,0.88696,0.12828,19.631,42.384,35.246,106.41,19.627
24.36,19.56,34.341,228.36,2.736,0.88947,0.12979,19.571,42.645,35.223,104.61,19.568
24.37,19.502,34.335,228.68,2.7448,0.89254,0.13119,19.513,42.947,35.201,102.92,19.51
24.38,19.445,34.33,228.98,2.7537,0.89615,0.1325,19.456,43.294,35.179,101.31,19.453
24.39,19.388,34.324,229.26,2.7628,0.90038,0.13377,19.399,43.685,35.157,99.771,19.396
24.4,19.33,34.319,229.54,2.7724,0.90527,0.13507,19.342,44.116,35.137,98.249,19.339
24.41,19.272,34.313,229.82,2.783,0.91089,0.13643,19.283,44.587,35.119,96.705,19.28
24.42,19.211,34.307,230.1,2.795,0.91732,0.13792,19.222,45.09,35.103,95.117,19.219
24.43,19.147,34.299,230.39,2.8085,0.92453,0.13956,19.159,45.616,35.089,93.478,19.156
24.44,19.081,34.291,230.7,2.824,0.93247,0.14136,19.093,46.157,35.079,91.784,19.09
24.45,19.012,34.282,231.01,2.8417,0.94113,0.14335,19.024,46.702,35.074,90.024,19.02
24.46,18.939,34.272,231.34,2.862,0.95062,0.14558,18.951,47.245,35.073,88.194,18.947
24.47,18.862,34.261,231.69,2.8852,0.96102,0.14805,18.874,47.779,35.077,86.291,18.871
24.48,18.782,34.249,232.05,2.9114,0.97236,0.15079,18.794,48.297,35.087,84.316,18.791
24.49,18.698,34.236,232.41,2.9409,0.98456,0.1538,18.711,48.793,35.102,82.269,18.707
24.5,18.612,34.222,232.79,2.9735,0.99761,0.15711,18.624,49.255,35.122,80.149,18.621
24.51,18.522,34.207,233.17,3.0094,1.0117,0.16071,18.535,49.68,35.148,77.952,18.531
24.52,18.43,34.191,233.56,3.0486,1.0271,0.16459,18.443,50.069,35.177,75.691,18.439
24.53,18.337,34.175,233.95,3.0913,1.0443,0.16873,18.351,50.43,35.21,73.404,18.346
24.54,18.245,34.16,234.32,3.1374,1.0635,0.17306,18.258,50.773,35.244,71.132,18.254
24.55,18.153,34.144,234.68,3.1868,1.085,0.17753,18.167,51.106,35.279,68.895,18.162
24.56,18.063,34.129,235.02,3.2395,1.1086,0.18209,18.077,51.435,35.315,66.705,18.072
24.57,17.975,34.115,235.34,3.2953,1.1342,0.18671,17.989,51.763,35.349,64.58,17.984
24.58,17.889,34.101,235.63,3.3537,1.1615,0.19133,17.904,52.095,35.382,62.554,17.899
24.59,17.808,34.089,235.91,3.4145,1.1904,0.19589,17.823,52.436,35.414,60.66,17.817
24.6,17.73,34.078,236.16,3.4769,1.2203,0.20038,17.745,52.784,35.443,58.901,17.74
24.61,17.656,34.068,236.42,3.5401,1.2505,0.20475,17.671,53.134,35.47,57.255,17.666
24.62,17.586,34.06,236.68,3.6032,1.2804,0.20897,17.601,53.48,35.496,55.704,17.595
24.63,17.518,34.052,236.95,3.6652,1.3096,0.21302,17.533,53.822,35.521,54.239,17.528
24.64,17.454,34.045,237.23,3.7253,1.3377,0.21685,17.469,54.158,35.544,52.864,17.463
24.65,17.394,34.039,237.52,3.7827,1.3645,0.22042,17.409,54.497,35.566,51.589,17.403
24.66,17.337,34.035,237.81,3.8367,1.3899,0.2237,17.352,54.847,35.586,50.413,17.347
24.67,17.285,34.032,238.09,3.8868,1.4135,0.22666,17.3,55.218,35.604,49.333,17.294
24.68,17.236,34.03,238.36,3.9325,1.4351,0.22929,17.251,55.619,35.621,48.356,17.246
24.69,17.192,34.029,238.61,3.9733,1.4547,0.23157,17.207,56.06,35.634,47.484,17.202
24.7,17.152,34.029,238.84,4.0089,1.4722,0.23353,17.167,56.552,35.645,46.722,17.161
24.71,17.115,34.031,239.02,4.0389,1.4881,0.23517,17.13,57.106,35.653,46.077,17.125
24.72,17.083,34.034,239.14,4.0632,1.5026,0.23651,17.098,57.735,35.657,45.56,17.093
24.73,17.056,34.038,239.2,4.081,1.5163,0.23756,17.071,58.456,35.658,45.199,17.066
24.74,17.033,34.043,239.19,4.0924,1.5296,0.23834,17.047,59.274,35.655,45.01,17.043
24.75,17.013,34.05,239.11,4.0976,1.5427,0.23889,17.028,60.184,35.648,44.988,17.024
24.76,16.997,34.058,238.99,4.0968,1.5556,0.23923,17.011,61.172,35.637,45.123,17.008
24.77,16.984,34.066,238.81,4.0905,1.5682,0.23938,16.998,62.226,35.622,45.415,16.995
24.78,16.973,34.075,238.61,4.0793,1.5807,0.23936,16.987,63.332,35.602,45.861,16.984
24.79,16.966,34.085,238.36,4.0641,1.5935,0.23923,16.979,64.471,35.579,46.461,16.976
24.8,16.96,34.096,238.1,4.0455,1.6065,0.23901,16.973,65.627,35.553,47.216,16.971
24.81,16.956,34.108,237.82,4.0247,1.6202,0.23875,16.969,66.783,35.523,48.125,16.968
24.82,16.955,34.12,237.53,4.0023,1.6343,0.23846,16.967,67.922,35.492,49.182,16.966
24.83,16.955,34.132,237.25,3.9789,1.6488,0.23818,16.967,69.026,35.459,50.343,16.966
24.84,16.955,34.145,236.98,3.9547,1.6635,0.23793,16.966,70.077,35.425,51.564,16.966
24.85,16.954,34.158,236.72,3.9304,1.6785,0.23776,16.966,71.061,35.392,52.816,16.966
24.86,16.953,34.17,236.48,3.907,1.6944,0.23769,16.965,71.975,35.36,54.085,16.966
24.87,16.952,34.182,236.25,3.8854,1.7119,0.23775,16.962,72.824,35.329,55.357,16.964
24.88,16.949,34.194,236.02,3.8667,1.7311,0.23797,16.959,73.616,35.3,56.626,16.961
24.89,16.945,34.205,235.81,3.8515,1.7523,0.23833,16.955,74.357,35.274,57.902,16.957
24.9,16.94,34.217,235.59,3.84,1.7753,0.23882,16.95,75.049,35.25,59.216,16.953
24.91,16.936,34.228,235.38,3.8323,1.8003,0.23941,16.945,75.708,35.23,60.602,16.948
24.92,16.932,34.239,235.15,3.8288,1.8276,0.24007,16.941,76.348,35.213,62.097,16.945
24.93,16.93,34.251,234.9,3.8296,1.858,0.2408,16.939,76.992,35.2,63.755,16.943
24.94,16.93,34.264,234.62,3.8351,1.8919,0.24158,16.939,77.666,35.189,65.614,16.943
24.95,16.933,34.277,234.29,3.8452,1.9296,0.24241,16.941,78.392,35.18,67.67,16.946
24.96,16.938,34.291,233.93,3.86,1.9708,0.24327,16.946,79.187,35.174,69.893,16.951
24.97,16.945,34.305,233.53,3.8794,2.0153,0.24419,16.952,80.065,35.169,72.226,16.958
24.98,16.952,34.32,233.12,3.9034,2.0628,0.24519,16.959,81.037,35.166,74.598,16.965
24.99,16.959,34.334,232.69,3.9321,2.113,0.24628,16.966,82.097,35.165,76.966,16.973
25,16.965,34.348,232.27,3.9653,2.1655,0.24744,16.972,83.23,35.165,79.316,16.979
25.01,16.971,34.362,231.84,4.0031,2.2204,0.24869,16.978,84.415,35.167,81.652,16.985
25.02,16.976,34.376,231.42,4.0452,2.2775,0.25003,16.982,85.633,35.168,83.984,16.99
25.03,16.981,34.39,231.01,4.0918,2.3369,0.25148,16.986,86.872,35.167,86.316,16.995
25.04,16.984,34.403,230.59,4.143,2.3989,0.25308,16.989,88.119,35.164,88.63,16.998
25.05,16.985,34.415,230.19,4.1992,2.4635,0.25487,16.99,89.374,35.161,90.897,17
25.06,16.984,34.427,229.8,4.2601,2.5306,0.25685,16.989,90.635,35.156,93.093,16.999
25.07,16.98,34.438,229.41,4.3254,2.6001,0.25902,16.984,91.902,35.151,95.216,16.995
25.08,16.973,34.448,229.04,4.3943,2.6717,0.26135,16.977,93.179,35.147,97.264,16.988
25.09,16.963,34.457,228.68,4.4663,2.7454,0.26387,16.967,94.474,35.143,99.227,16.979
25.1,16.951,34.465,228.33,4.5408,2.8212,0.26661,16.955,95.802,35.14,101.1,16.967
25.11,16.935,34.472,227.99,4.6175,2.8993,0.26959,16.939,97.181,35.137,102.87,16.951
25.12,16.916,34.479,227.67,4.6959,2.9798,0.27286,16.919,98.625,35.136,104.51,16.932
25.13,16.893,34.484,227.36,4.7754,3.0625,0.27643,16.897,100.14,35.136,106.04,16.91
25.14,16.867,34.489,227.06,4.8552,3.1472,0.28029,16.871,101.71,35.137,107.44,16.884
25.15,16.838,34.493,226.77,4.9343,3.2335,0.28444,16.841,103.35,35.139,108.69,16.855
25.16,16.806,34.495,226.51,5.0122,3.3211,0.28888,16.809,105.06,35.14,109.8,16.823
25.17,16.771,34.497,226.26,5.0883,3.4099,0.2936,16.774,106.84,35.143,110.74,16.788
25.18,16.733,34.498,226.04,5.1626,3.4996,0.29859,16.736,108.68,35.144,111.5,16.751
25.19,16.693,34.499,225.83,5.2355,3.59,0.30383,16.695,110.59,35.146,112.11,16.711
25.2,16.651,34.499,225.65,5.3074,3.6809,0.30925,16.654,112.55,35.146,112.6,16.67
25.21,16.61,34.5,225.47,5.3786,3.7721,0.31481,16.613,114.54,35.146,113.01,16.629
25.22,16.569,34.5,225.3,5.4495,3.8633,0.32046,16.572,116.56,35.143,113.38,16.588
25.23,16.529,34.501,225.14,5.521,3.9548,0.32618,16.532,118.57,35.139,113.72,16.549
25.24,16.49,34.502,224.97,5.594,4.047,0.33198,16.493,120.56,35.135,114.04,16.51
25.25,16.452,34.503,224.81,5.6691,4.1402,0.33786,16.454,122.49,35.13,114.34,16.472
25.26,16.413,34.504,224.66,5.7473,4.2349,0.34386,16.416,124.31,35.125,114.61,16.434
25.27,16.374,34.505,224.52,5.8295,4.3319,0.35004,16.376,125.97,35.121,114.81,16.395
25.28,16.333,34.506,224.4,5.9164,4.4313,0.35645,16.335,127.43,35.117,114.94,16.354
25.29,16.29,34.506,224.28,6.0084,4.5335,0.36309,16.293,128.64,35.115,114.97,16.311
25.3,16.246,34.505,224.18,6.1063,4.6389,0.37,16.248,129.59,35.114,114.9,16.267
25.31,16.199,34.504,224.08,6.2108,4.7483,0.37721,16.201,130.27,35.114,114.74,16.22
25.32,16.149,34.502,223.98,6.3223,4.8624,0.38478,16.151,130.69,35.117,114.44,16.17
25.33,16.097,34.5,223.87,6.4408,4.9816,0.39271,16.099,130.87,35.121,114.02,16.118
25.34,16.041,34.496,223.75,6.5662,5.1058,0.40102,16.043,130.84,35.127,113.47,16.062
25.35,15.982,34.492,223.6,6.6981,5.235,0.40968,15.985,130.63,35.136,112.82,16.003
25.36,15.921,34.487,223.43,6.8362,5.3688,0.41868,15.923,130.29,35.147,112.08,15.942
25.37,15.856,34.481,223.22,6.9802,5.5073,0.42804,15.858,129.87,35.162,111.25,15.877
25.38,15.788,34.475,222.98,7.1297,5.65,0.43776,15.791,129.42,35.181,110.35,15.809
25.39,15.718,34.468,222.71,7.2842,5.7961,0.44779,15.721,128.95,35.202,109.39,15.739
25.4,15.646,34.46,222.42,7.4435,5.9451,0.45811,15.649,128.5,35.225,108.39,15.667
25.41,15.573,34.452,222.11,7.6073,6.0963,0.46865,15.576,128.09,35.251,107.4,15.593
25.42,15.5,34.444,221.78,7.7755,6.249,0.47935,15.503,127.72,35.278,106.42,15.52
25.43,15.427,34.436,221.44,7.9481,6.4023,0.49012,15.43,127.38,35.307,105.5,15.447
25.44,15.354,34.429,221.1,8.1244,6.5551,0.50088,15.357,127.08,35.337,104.63,15.374
25.45,15.283,34.421,220.77,8.3035,6.7065,0.51156,15.286,126.82,35.368,103.83,15.303
25.46,15.213,34.414,220.44,8.4839,6.8559,0.52209,15.216,126.59,35.4,103.1,15.232
25.47,15.144,34.408,220.11,8.6638,7.0019,0.53238,15.148,126.41,35.432,102.46,15.164
25.48,15.078,34.402,219.77,8.8415,7.1433,0.54231,15.082,126.32,35.464,101.94,15.098
25.49,15.016,34.397,219.42,9.0159,7.2795,0.55181,15.019,126.33,35.495,101.58,15.035
25.5,14.957,34.394,219.05,9.1868,7.4105,0.56088,14.96,126.45,35.524,101.38,14.976
25.51,14.9,34.39,218.66,9.3538,7.5363,0.5695,14.904,126.66,35.552,101.3,14.92
25.52,14.847,34.388,218.27,9.5157,7.6565,0.57769,14.85,126.95,35.577,101.34,14.866
25.53,14.795,34.386,217.89,9.6713,7.7704,0.58542,14.798,127.29,35.601,101.47,14.814
25.54,14.744,34.385,217.54,9.8194,7.8772,0.59266,14.748,127.66,35.621,101.7,14.764
25.55,14.696,34.384,217.22,9.9592,7.9766,0.5994,14.699,128.05,35.64,102.03,14.715
25.56,14.648,34.383,216.93,10.09,8.0692,0.60571,14.652,128.46,35.656,102.42,14.667
25.57,14.6,34.383,216.68,10.212,8.1556,0.61167,14.604,128.87,35.671,102.85,14.62
25.58,14.552,34.382,216.48,10.324,8.236,0.61733,14.556,129.24,35.684,103.3,14.572
25.59,14.503,34.381,216.34,10.427,8.3103,0.62271,14.507,129.55,35.696,103.74,14.523
25.6,14.453,34.38,216.27,10.522,8.3786,0.62782,14.457,129.78,35.708,104.15,14.472
25.61,14.401,34.379,216.28,10.609,8.4413,0.6327,14.405,129.91,35.72,104.53,14.421
25.62,14.348,34.377,216.37,10.689,8.4984,0.63732,14.352,129.96,35.733,104.88,14.368
25.63,14.294,34.375,216.53,10.763,8.55,0.64169,14.298,129.89,35.748,105.18,14.313
25.64,14.238,34.372,216.77,10.832,8.5963,0.64579,14.242,129.68,35.766,105.43,14.258
25.65,14.182,34.37,217.05,10.899,8.6383,0.64966,14.185,129.29,35.786,105.66,14.201
25.66,14.125,34.367,217.37,10.966,8.6771,0.65333,14.129,128.7,35.808,105.88,14.144
25.67,14.069,34.365,217.69,11.033,8.714,0.65684,14.073,127.92,35.831,106.13,14.088
25.68,14.014,34.362,218.01,11.105,8.7504,0.66026,14.018,127.01,35.854,106.43,14.033
25.69,13.961,34.361,218.29,11.182,8.7876,0.66364,13.964,126.02,35.876,106.8,13.979
25.7,13.908,34.359,218.54,11.265,8.8278,0.66709,13.912,125,35.897,107.21,13.927
25.71,13.857,34.358,218.75,11.358,8.8738,0.67076,13.86,124.03,35.915,107.64,13.875
25.72,13.806,34.357,218.89,11.462,8.9276,0.67475,13.81,123.18,35.932,108.06,13.824
25.73,13.757,34.356,218.96,11.576,8.9914,0.67917,13.76,122.52,35.947,108.47,13.774
25.74,13.708,34.356,218.95,11.705,9.0673,0.68415,13.711,122.12,35.96,108.83,13.726
25.75,13.66,34.356,218.85,11.848,9.1581,0.68987,13.663,122.04,35.972,109.15,13.677
25.76,13.611,34.355,218.67,12.009,9.2655,0.69648,13.614,122.28,35.984,109.39,13.629
25.77,13.561,34.355,218.38,12.186,9.3898,0.70406,13.565,122.83,35.996,109.53,13.579
25.78,13.509,34.354,218.03,12.38,9.5298,0.71261,13.513,123.63,36.008,109.53,13.527
25.79,13.455,34.352,217.62,12.587,9.6836,0.72207,13.458,124.59,36.018,109.35,13.472
25.8,13.397,34.35,217.17,12.806,9.8493,0.73237,13.401,125.65,36.029,109,13.415
25.81,13.337,34.347,216.68,13.035,10.025,0.74339,13.341,126.8,36.038,108.47,13.355
25.82,13.275,34.343,216.18,13.273,10.208,0.75499,13.278,127.99,36.046,107.79,13.293
25.83,13.21,34.339,215.67,13.518,10.396,0.76702,13.214,129.2,36.055,106.99,13.228
25.84,13.144,34.335,215.16,13.767,10.588,0.77938,13.148,130.42,36.063,106.08,13.162
25.85,13.077,34.33,214.64,14.017,10.78,0.79193,13.08,131.64,36.071,105.11,13.095
25.86,13.008,34.325,214.11,14.266,10.971,0.80449,13.012,132.9,36.079,104.12,13.027
25.87,12.94,34.321,213.57,14.512,11.158,0.81695,12.944,134.22,36.086,103.17,12.959
25.88,12.872,34.316,213.03,14.754,11.341,0.82922,12.876,135.59,36.093,102.28,12.891
25.89,12.805,34.311,212.46,14.992,11.518,0.84123,12.808,136.99,36.101,101.49,12.823
25.9,12.738,34.307,211.9,15.225,11.689,0.85293,12.742,138.38,36.11,100.81,12.757
25.91,12.673,34.303,211.34,15.455,11.852,0.86422,12.677,139.73,36.119,100.29,12.692
25.92,12.609,34.3,210.79,15.68,12.007,0.87503,12.613,141.03,36.129,99.943,12.629
25.93,12.548,34.297,210.25,15.902,12.155,0.8854,12.552,142.27,36.139,99.77,12.567
25.94,12.488,34.295,209.71,16.122,12.296,0.89535,12.492,143.47,36.149,99.77,12.507
25.95,12.429,34.293,209.15,16.34,12.431,0.90499,12.433,144.65,36.158,99.936,12.449
25.96,12.372,34.291,208.57,16.559,12.562,0.91442,12.376,145.83,36.165,100.25,12.392
25.97,12.316,34.29,207.97,16.78,12.691,0.92375,12.32,147.05,36.171,100.66,12.335
25.98,12.259,34.288,207.36,17.003,12.819,0.9331,12.263,148.33,36.173,101.15,12.279
25.99,12.202,34.287,206.74,17.227,12.948,0.94251,12.206,149.69,36.175,101.66,12.222
26,12.145,34.285,206.13,17.45,13.077,0.95202,12.149,151.11,36.176,102.18,12.165
26.01,12.085,34.284,205.56,17.671,13.207,0.96162,12.089,152.6,36.179,102.66,12.106
26.02,12.024,34.281,205.05,17.889,13.337,0.97123,12.028,154.15,36.185,103.07,12.044
26.03,11.961,34.279,204.61,18.104,13.466,0.98084,11.965,155.76,36.195,103.41,11.981
26.04,11.895,34.276,204.24,18.317,13.595,0.99047,11.899,157.43,36.209,103.65,11.916
26.05,11.828,34.272,203.94,18.53,13.725,1.0001,11.832,159.17,36.227,103.8,11.849
26.06,11.759,34.268,203.71,18.74,13.855,1.0098,11.763,161.01,36.248,103.84,11.78
26.07,11.688,34.264,203.52,18.948,13.985,1.0193,11.692,162.97,36.27,103.78,11.709
26.08,11.615,34.26,203.38,19.155,14.114,1.0288,11.619,165.06,36.294,103.63,11.636
26.09,11.541,34.255,203.28,19.359,14.242,1.0383,11.545,167.28,36.318,103.4,11.562
26.1,11.465,34.25,203.21,19.563,14.371,1.0477,11.469,169.64,36.342,103.08,11.486
26.11,11.387,34.244,203.15,19.769,14.502,1.0572,11.391,172.1,36.364,102.67,11.409
26.12,11.308,34.239,203.11,19.978,14.636,1.067,11.312,174.61,36.386,102.15,11.33
26.13,11.227,34.233,203.07,20.192,14.773,1.077,11.232,177.13,36.407,101.53,11.25
26.14,11.146,34.227,203.02,20.413,14.914,1.0873,11.15,179.59,36.428,100.82,11.168
26.15,11.063,34.221,202.97,20.642,15.059,1.098,11.068,181.96,36.45,100.02,11.086
26.16,10.98,34.214,202.92,20.879,15.208,1.1089,10.985,184.2,36.472,99.175,11.003
26.17,10.898,34.208,202.86,21.122,15.359,1.1199,10.902,186.25,36.496,98.307,10.921
26.18,10.817,34.202,202.8,21.37,15.511,1.131,10.821,188.1,36.52,97.446,10.84
26.19,10.737,34.197,202.72,21.623,15.664,1.1421,10.742,189.76,36.545,96.609,10.761
26.2,10.66,34.192,202.62,21.881,15.818,1.1532,10.665,191.28,36.569,95.797,10.683
26.21,10.585,34.187,202.47,22.147,15.974,1.1644,10.59,192.72,36.592,94.995,10.609
26.22,10.512,34.183,202.27,22.42,16.134,1.1758,10.517,194.13,36.613,94.18,10.536
26.23,10.442,34.18,202.02,22.703,16.298,1.1873,10.446,195.54,36.633,93.339,10.465
26.24,10.372,34.177,201.72,22.994,16.464,1.199,10.377,196.98,36.65,92.478,10.396
26.25,10.304,34.174,201.38,23.293,16.633,1.2108,10.309,198.42,36.666,91.599,10.328
26.26,10.235,34.171,201.02,23.599,16.802,1.2227,10.24,199.86,36.682,90.712,10.259
26.27,10.166,34.168,200.64,23.913,16.972,1.2345,10.171,201.3,36.698,89.83,10.19
26.28,10.093,34.164,200.21,24.237,17.142,1.2465,10.098,202.81,36.713,88.932,10.117
26.29,10.017,34.16,199.74,24.571,17.315,1.2586,10.022,204.38,36.727,88.018,10.041
26.3,9.938,34.155,199.26,24.915,17.491,1.271,9.943,206.02,36.74,87.109,9.9622
26.31,9.8556,34.15,198.78,25.268,17.668,1.2835,9.8606,207.74,36.752,86.234,9.8798
26.32,9.7698,34.144,198.3,25.631,17.845,1.2962,9.7749,209.56,36.763,85.431,9.7941
26.33,9.6808,34.138,197.84,26.001,18.023,1.309,9.686,211.49,36.771,84.758,9.7052
26.34,9.589,34.132,197.4,26.379,18.199,1.3218,9.5943,213.5,36.778,84.255,9.6135
26.35,9.4946,34.125,196.99,26.764,18.373,1.3347,9.4999,215.58,36.785,83.938,9.5191
26.36,9.3975,34.117,196.58,27.158,18.548,1.3476,9.4029,217.71,36.789,83.774,9.4222
26.37,9.298,34.11,196.19,27.562,18.724,1.3608,9.3035,219.93,36.793,83.74,9.3228
26.38,9.1965,34.102,195.79,27.98,18.903,1.3743,9.202,222.24,36.795,83.8,9.2213
26.39,9.0933,34.094,195.38,28.413,19.087,1.3882,9.0988,224.67,36.796,83.93,9.1182
26.4,8.9888,34.086,194.94,28.862,19.276,1.4025,8.9944,227.25,36.795,84.094,9.0139
26.41,8.8833,34.078,194.48,29.328,19.473,1.4175,8.8889,229.98,36.793,84.251,8.9085
26.42,8.7767,34.07,193.98,29.812,19.678,1.4331,8.7825,232.86,36.79,84.355,8.8021
26.43,8.6693,34.062,193.43,30.317,19.893,1.4495,8.6751,235.9,36.785,84.377,8.6948
26.44,8.561,34.054,192.82,30.842,20.119,1.4668,8.5668,239.11,36.779,84.332,8.5866
26.45,8.4515,34.046,192.16,31.386,20.355,1.4848,8.4573,242.5,36.772,84.247,8.4773
26.46,8.3409,34.038,191.46,31.948,20.599,1.5034,8.3468,246.11,36.764,84.146,8.3669
26.47,8.2296,34.03,190.71,32.531,20.851,1.5226,8.2356,249.96,36.755,84.04,8.2558
26.48,8.118,34.022,189.88,33.135,21.111,1.5424,8.124,254.06,36.746,83.931,8.1444
26.49,8.0066,34.015,188.97,33.764,21.379,1.5628,8.0126,258.41,36.735,83.825,8.0333
26.5,7.8961,34.007,187.96,34.416,21.653,1.5837,7.9022,262.97,36.724,83.742,7.9231
26.51,7.7875,34,186.83,35.094,21.935,1.605,7.7936,267.75,36.713,83.688,7.8147
26.52,7.6814,33.994,185.57,35.797,22.224,1.6267,7.6876,272.73,36.702,83.687,7.709
26.53,7.5785,33.988,184.19,36.527,22.52,1.6489,7.5846,277.88,36.692,83.77,7.6064
26.54,7.479,33.983,182.7,37.283,22.823,1.6715,7.4852,283.18,36.682,83.928,7.5072
26.55,7.3834,33.979,181.07,38.065,23.134,1.6944,7.3895,288.6,36.673,84.121,7.4119
26.56,7.2919,33.975,179.3,38.875,23.454,1.7179,7.298,294.11,36.665,84.286,7.3208
26.57,7.2053,33.973,177.37,39.713,23.784,1.742,7.2114,299.71,36.657,84.344,7.2345
26.58,7.1238,33.971,175.25,40.578,24.127,1.7669,7.13,305.41,36.649,84.224,7.1535
26.59,7.0474,33.97,172.95,41.469,24.481,1.7925,7.0535,311.2,36.641,83.892,7.0775
26.6,6.9755,33.969,170.48,42.384,24.847,1.819,6.9816,317.04,36.632,83.339,7.0059
26.61,6.9078,33.97,167.87,43.32,25.222,1.846,6.9138,322.89,36.624,82.593,6.9386
26.62,6.8436,33.971,165.15,44.274,25.603,1.8734,6.8496,328.72,36.616,81.698,6.8748
26.63,6.7822,33.972,162.35,45.243,25.986,1.901,6.7881,334.53,36.61,80.697,6.8137
26.64,6.7228,33.974,159.5,46.223,26.37,1.9287,6.7287,340.32,36.605,79.623,6.7546
26.65,6.6649,33.977,156.63,47.213,26.754,1.9564,6.6707,346.15,36.601,78.529,6.6971
26.66,6.6082,33.979,153.74,48.212,27.136,1.9839,6.614,352.04,36.598,77.442,6.6408
26.67,6.5524,33.982,150.84,49.221,27.515,2.0114,6.5582,358.05,36.594,76.396,6.5854
26.68,6.4973,33.984,147.96,50.241,27.89,2.0388,6.503,364.18,36.589,75.444,6.5306
26.69,6.4426,33.987,145.1,51.271,28.261,2.0658,6.4482,370.44,36.582,74.643,6.4763
26.7,6.3883,33.99,142.29,52.311,28.625,2.0925,6.3939,376.84,36.572,74.051,6.4225
26.71,6.3345,33.994,139.54,53.361,28.983,2.1188,6.34,383.36,36.561,73.69,6.3691
26.72,6.2811,33.997,136.84,54.42,29.334,2.1447,6.2866,390,36.547,73.571,6.3161
26.73,6.228,34,134.2,55.487,29.677,2.1701,6.2334,396.73,36.532,73.727,6.2635
26.74,6.1749,34.004,131.65,56.561,30.01,2.1947,6.1803,403.54,36.515,74.192,6.2108
26.75,6.1218,34.007,129.2,57.642,30.334,2.2186,6.1271,410.42,36.497,74.969,6.1581
26.76,6.0687,34.011,126.83,58.729,30.646,2.2417,6.0739,417.35,36.477,76.033,6.1055
26.77,6.0157,34.015,124.54,59.822,30.949,2.2639,6.0208,424.32,36.456,77.336,6.0529
26.78,5.9629,34.019,122.31,60.922,31.241,2.2855,5.968,431.35,36.434,78.814,6.0006
26.79,5.9106,34.023,120.12,62.028,31.527,2.3064,5.9156,438.43,36.411,80.39,5.9487
26.8,5.8586,34.027,117.96,63.141,31.807,2.3268,5.8635,445.54,36.387,81.977,5.8971
26.81,5.8063,34.031,115.83,64.26,32.083,2.3469,5.8112,452.66,36.364,83.509,5.8453
26.82,5.7533,34.035,113.71,65.383,32.355,2.3668,5.7582,459.77,36.344,84.969,5.7928
26.83,5.6993,34.038,111.61,66.512,32.625,2.3864,5.7041,466.83,36.328,86.347,5.7392
26.84,5.6442,34.042,109.53,67.643,32.892,2.4059,5.6489,473.81,36.317,87.615,5.6844
26.85,5.5879,34.046,107.47,68.779,33.157,2.4253,5.5926,480.69,36.312,88.755,5.6285
26.86,5.5304,34.049,105.41,69.917,33.421,2.4447,5.535,487.51,36.314,89.772,5.5714
26.87,5.4719,34.053,103.38,71.059,33.683,2.4639,5.4765,494.31,36.32,90.679,5.5133
26.88,5.4127,34.056,101.37,72.2,33.942,2.4829,5.4172,501.11,36.332,91.48,5.4544
26.89,5.3534,34.059,99.389,73.339,34.199,2.5015,5.3578,507.92,36.347,92.189,5.3954
26.9,5.2947,34.063,97.434,74.472,34.452,2.5198,5.2991,514.73,36.364,92.824,5.3371
26.91,5.2373,34.066,95.509,75.594,34.701,2.5375,5.2416,521.54,36.382,93.401,5.28
26.92,5.1815,34.07,93.608,76.703,34.945,2.5547,5.1858,528.34,36.4,93.928,5.2246
26.93,5.128,34.075,91.723,77.795,35.186,2.5713,5.1323,535.14,36.415,94.398,5.1715
26.94,5.0774,34.079,89.842,78.869,35.423,2.5873,5.0816,541.92,36.426,94.792,5.1212
26.95,5.0298,34.084,87.959,79.923,35.655,2.6027,5.0339,548.7,36.432,95.097,5.074
26.96,4.9847,34.09,86.077,80.963,35.884,2.6176,4.9887,555.51,36.434,95.341,5.0293
26.97,4.9412,34.095,84.2,81.994,36.109,2.6321,4.9452,562.38,36.433,95.567,4.9862
26.98,4.8989,34.101,82.329,83.02,36.333,2.6463,4.9028,569.31,36.429,95.799,4.9443
26.99,4.8571,34.107,80.462,84.044,36.555,2.6605,4.8609,576.29,36.423,96.036,4.9029
27,4.8155,34.113,78.595,85.068,36.777,2.6746,4.8192,583.28,36.417,96.275,4.8617
