21,188.97,73.737,-658.06,298.07,224.41,19.578,188.73,-230.07,-426.77,108.86,188.96
21.01,187.2,73.289,-648.57,295.01,221.95,19.362,186.96,-227.79,-421.67,106.12,187.19
21.02,185.44,72.844,-639.15,291.98,219.5,19.148,185.2,-225.53,-416.6,103.4,185.42
21.03,183.69,72.403,-629.8,288.96,217.06,18.936,183.45,-223.28,-411.57,100.7,183.67
21.04,181.95,71.965,-620.51,285.97,214.65,18.724,181.72,-221.05,-406.58,98.013,181.93
21.05,180.22,71.529,-611.28,282.99,212.25,18.515,179.99,-218.83,-401.62,95.347,180.21
21.06,178.51,71.097,-602.11,280.04,209.87,18.307,178.28,-216.62,-396.69,92.701,178.49
21.07,176.8,70.668,-593.01,277.11,207.51,18.1,176.58,-214.43,-391.8,90.074,176.79
21.08,175.11,70.242,-583.98,274.2,205.16,17.895,174.89,-212.26,-386.94,87.465,175.1
21.09,173.43,69.819,-575,271.31,202.83,17.692,173.22,-210.1,-382.12,84.875,173.42
21.1,171.77,69.399,-566.09,268.44,200.52,17.49,171.55,-207.95,-377.34,82.304,171.75
21.11,170.11,68.982,-557.24,265.59,198.23,17.289,169.9,-205.82,-372.58,79.751,170.1
21.12,168.47,68.568,-548.46,262.76,195.95,17.09,168.26,-203.7,-367.86,77.216,168.45
21.13,166.83,68.157,-539.73,259.95,193.69,16.892,166.63,-201.6,-363.18,74.701,166.82
21.14,165.21,67.749,-531.07,257.16,191.44,16.696,165.01,-199.51,-358.53,72.203,165.2
21.15,163.6,67.344,-522.47,254.39,189.21,16.501,163.41,-197.44,-353.91,69.724,163.59
21.16,162,66.942,-513.93,251.65,187,16.308,161.81,-195.38,-349.33,67.263,161.99
21.17,160.42,66.543,-505.45,248.92,184.81,16.116,160.23,-193.33,-344.78,64.82,160.4
21.18,158.84,66.147,-497.04,246.21,182.63,15.926,158.65,-191.3,-340.26,62.395,158.83
21.19,157.28,65.754,-488.68,243.52,180.47,15.737,157.09,-189.29,-335.78,59.989,157.26
21.2,155.72,65.364,-480.38,240.85,178.32,15.55,155.54,-187.28,-331.33,57.6,155.71
21.21,154.18,64.976,-472.15,238.2,176.19,15.364,154,-185.29,-326.91,55.229,154.17
21.22,152.65,64.592,-463.97,235.58,174.08,15.179,152.48,-183.32,-322.52,52.877,152.64
21.23,151.13,64.211,-455.86,232.97,171.98,14.996,150.96,-181.36,-318.17,50.541,151.12
21.24,149.62,63.832,-447.8,230.38,169.9,14.814,149.46,-179.41,-313.85,48.224,149.61
21.25,148.13,63.456,-439.81,227.81,167.84,14.634,147.96,-177.48,-309.57,45.924,148.11
21.26,146.64,63.083,-431.87,225.26,165.79,14.455,146.48,-175.56,-305.31,43.642,146.63
21.27,145.16,62.713,-424,222.72,163.75,14.278,145.01,-173.65,-301.09,41.378,145.15
21.28,143.7,62.346,-416.18,220.21,161.74,14.102,143.54,-171.76,-296.9,39.13,143.69
21.29,142.25,61.982,-408.42,217.72,159.74,13.927,142.09,-169.88,-292.75,36.901,142.24
21.3,140.8,61.62,-400.72,215.24,157.75,13.754,140.65,-168.01,-288.62,34.688,140.79
21.31,139.37,61.262,-393.07,212.79,155.78,13.582,139.23,-166.16,-284.53,32.493,139.36
21.32,137.95,60.906,-385.49,210.35,153.83,13.411,137.81,-164.32,-280.47,30.315,137.94
21.33,136.54,60.553,-377.96,207.94,151.89,13.242,136.4,-162.5,-276.44,28.154,136.53
21.34,135.14,60.202,-370.49,205.54,149.97,13.074,135,-160.68,-272.44,26.011,135.13
21.35,133.75,59.855,-363.08,203.16,148.06,12.908,133.62,-158.89,-268.47,23.884,133.74
21.36,132.38,59.51,-355.73,200.8,146.17,12.743,132.24,-157.1,-264.54,21.774,132.37
21.37,131.01,59.168,-348.43,198.46,144.29,12.579,130.88,-155.33,-260.63,19.681,131
21.38,129.65,58.829,-341.19,196.13,142.43,12.416,129.52,-153.57,-256.76,17.605,129.64
21.39,128.31,58.492,-334,193.83,140.58,12.255,128.18,-151.82,-252.91,15.545,128.3
21.4,126.97,58.158,-326.87,191.54,138.75,12.096,126.85,-150.09,-249.1,13.503,126.96
21.41,125.64,57.827,-319.8,189.27,136.94,11.937,125.53,-148.37,-245.32,11.477,125.63
21.42,124.33,57.498,-312.78,187.02,135.14,11.78,124.21,-146.66,-241.57,9.467,124.32
21.43,123.02,57.173,-305.82,184.79,133.35,11.624,122.91,-144.97,-237.85,7.474,123.01
21.44,121.73,56.85,-298.91,182.58,131.58,11.47,121.62,-143.29,-234.16,5.4973,121.72
21.45,120.45,56.529,-292.06,180.38,129.82,11.317,120.34,-141.62,-230.5,3.537,120.44
21.46,119.17,56.211,-285.27,178.2,128.08,11.165,119.07,-139.96,-226.87,1.593,119.16
21.47,117.91,55.896,-278.52,176.04,126.36,11.015,117.8,-138.32,-223.27,-0.33479,117.9
21.48,116.65,55.584,-271.84,173.9,124.65,10.865,116.55,-136.69,-219.7,-2.2464,116.65
21.49,115.41,55.274,-265.21,171.78,122.95,10.717,115.31,-135.07,-216.16,-4.142,115.4
21.5,114.18,54.966,-258.63,169.67,121.27,10.571,114.08,-133.46,-212.65,-6.0215,114.17
21.51,112.95,54.662,-252.1,167.58,119.6,10.425,112.86,-131.87,-209.17,-7.885,112.95
21.52,111.74,54.36,-245.63,165.51,117.95,10.281,111.65,-130.29,-205.71,-9.7327,111.73
21.53,110.54,54.06,-239.21,163.46,116.31,10.139,110.45,-128.72,-202.29,-11.565,110.53
21.54,109.34,53.763,-232.85,161.42,114.68,9.997,109.26,-127.17,-198.9,-13.381,109.34
21.55,108.16,53.469,-226.54,159.4,113.07,9.8567,108.08,-125.62,-195.53,-15.181,108.15
21.56,106.99,53.177,-220.28,157.4,111.48,9.7176,106.9,-124.09,-192.2,-16.966,106.98
21.57,105.82,52.888,-214.07,155.42,109.89,9.5798,105.74,-122.57,-188.89,-18.735,105.81
21.58,104.67,52.601,-207.92,153.45,108.33,9.4433,104.59,-121.06,-185.61,-20.488,104.66
21.59,103.52,52.317,-201.81,151.5,106.77,9.3079,103.45,-119.57,-182.36,-22.227,103.51
21.6,102.39,52.035,-195.76,149.56,105.23,9.1739,102.31,-118.09,-179.14,-23.949,102.38
21.61,101.26,51.756,-189.76,147.65,103.71,9.041,101.19,-116.61,-175.94,-25.657,101.25
21.62,100.15,51.479,-183.82,145.75,102.2,8.9094,100.08,-115.15,-172.78,-27.349,100.14
21.63,99.04,51.204,-177.92,143.86,100.7,8.7789,98.973,-113.71,-169.64,-29.026,99.033
21.64,97.943,50.933,-172.08,142,99.213,8.6497,97.879,-112.27,-166.53,-30.688,97.936
21.65,96.856,50.663,-166.28,140.15,97.742,8.5217,96.793,-110.85,-163.45,-32.335,96.848
21.66,95.778,50.396,-160.54,138.31,96.285,8.3949,95.717,-109.44,-160.4,-33.967,95.77
21.67,94.709,50.132,-154.84,136.5,94.842,8.2693,94.651,-108.03,-157.37,-35.584,94.702
21.68,93.65,49.87,-149.2,134.7,93.412,8.1449,93.594,-106.65,-154.37,-37.186,93.643
21.69,92.6,49.61,-143.61,132.91,91.996,8.0217,92.546,-105.27,-151.4,-38.773,92.593
21.7,91.559,49.353,-138.06,131.14,90.593,7.8996,91.507,-103.9,-148.45,-40.346,91.552
21.71,90.527,49.098,-132.57,129.39,89.203,7.7787,90.477,-102.55,-145.54,-41.904,90.521
21.72,89.505,48.845,-127.12,127.66,87.827,7.659,89.457,-101.2,-142.65,-43.447,89.498
21.73,88.491,48.595,-121.73,125.94,86.463,7.5405,88.446,-99.873,-139.78,-44.976,88.485
21.74,87.487,48.347,-116.38,124.23,85.114,7.4231,87.443,-98.552,-136.94,-46.491,87.481
21.75,86.492,48.102,-111.08,122.55,83.777,7.3068,86.45,-97.243,-134.13,-47.991,86.486
21.76,85.506,47.859,-105.83,120.88,82.453,7.1918,85.466,-95.945,-131.35,-49.476,85.5
21.77,84.529,47.618,-100.63,119.22,81.142,7.0778,84.49,-94.658,-128.59,-50.947,84.523
21.78,83.56,47.379,-95.472,117.58,79.844,6.965,83.524,-93.382,-125.86,-52.405,83.554
21.79,82.601,47.143,-90.365,115.95,78.559,6.8533,82.566,-92.118,-123.15,-53.848,82.595
21.8,81.65,46.909,-85.306,114.34,77.287,6.7428,81.618,-90.864,-120.47,-55.277,81.644
21.81,80.709,46.678,-80.293,112.75,76.028,6.6334,80.678,-89.621,-117.82,-56.691,80.703
21.82,79.776,46.448,-75.328,111.17,74.781,6.5251,79.746,-88.389,-115.19,-58.092,79.77
21.83,78.851,46.221,-70.409,109.61,73.547,6.4179,78.824,-87.168,-112.59,-59.48,78.846
21.84,77.936,45.996,-65.538,108.06,72.325,6.3118,77.91,-85.958,-110.01,-60.853,77.93
21.85,77.028,45.774,-60.712,106.53,71.116,6.2068,77.005,-84.758,-107.46,-62.212,77.023
21.86,76.13,45.553,-55.933,105.01,69.919,6.1029,76.108,-83.569,-104.94,-63.558,76.125
21.87,75.24,45.335,-51.199,103.51,68.735,6.0001,75.22,-82.391,-102.43,-64.89,75.235
21.88,74.359,45.119,-46.511,102.02,67.563,5.8984,74.34,-81.223,-99.958,-66.209,74.354
21.89,73.486,44.906,-41.869,100.55,66.404,5.7978,73.469,-80.066,-97.506,-67.514,73.481
21.9,72.621,44.694,-37.272,99.09,65.257,5.6983,72.606,-78.919,-95.08,-68.806,72.616
21.91,71.765,44.485,-32.72,97.647,64.121,5.5998,71.751,-77.783,-92.678,-70.084,71.76
21.92,70.918,44.278,-28.213,96.219,62.998,5.5024,70.905,-76.657,-90.301,-71.349,70.913
21.93,70.078,44.072,-23.75,94.805,61.887,5.406,70.067,-75.542,-87.948,-72.601,70.073
21.94,69.247,43.87,-19.332,93.405,60.788,5.3107,69.238,-74.437,-85.619,-73.84,69.242
21.95,68.424,43.669,-14.958,92.021,59.701,5.2164,68.416,-73.342,-83.315,-75.066,68.419
21.96,67.609,43.47,-10.628,90.65,58.626,5.1232,67.603,-72.257,-81.034,-76.278,67.605
21.97,66.803,43.274,-6.3419,89.294,57.562,5.0311,66.798,-71.182,-78.778,-77.478,66.798
21.98,66.004,43.079,-2.0991,87.952,56.511,4.9399,66.001,-70.118,-76.545,-78.664,66
21.99,65.214,42.887,2.1004,86.624,55.471,4.8498,65.212,-69.063,-74.336,-79.838,65.209
22,64.431,42.697,6.2569,85.31,54.442,4.7607,64.431,-68.018,-72.15,-80.999,64.427
22.01,63.657,42.508,10.37,84.011,53.425,4.6727,63.658,-66.984,-69.988,-82.148,63.652
22.02,62.89,42.322,14.441,82.725,52.42,4.5856,62.893,-65.959,-67.85,-83.283,62.886
22.03,62.132,42.138,18.47,81.453,51.426,4.4996,62.135,-64.944,-65.734,-84.407,62.127
22.04,61.381,41.956,22.456,80.195,50.444,4.4145,61.386,-63.939,-63.642,-85.517,61.377
22.05,60.638,41.776,26.401,78.951,49.472,4.3305,60.644,-62.943,-61.573,-86.615,60.634
22.06,59.903,41.598,30.303,77.72,48.513,4.2474,59.911,-61.957,-59.526,-87.701,59.899
22.07,59.175,41.422,34.164,76.503,47.564,4.1654,59.184,-60.981,-57.502,-88.775,59.171
22.08,58.455,41.248,37.984,75.3,46.626,4.0843,58.466,-60.014,-55.501,-89.836,58.451
22.09,57.743,41.076,41.763,74.11,45.7,4.0042,57.755,-59.057,-53.522,-90.885,57.739
22.1,57.039,40.906,45.501,72.933,44.785,3.9251,57.052,-58.11,-51.566,-91.922,57.035
22.11,56.342,40.738,49.198,71.77,43.88,3.8469,56.356,-57.171,-49.632,-92.946,56.338
22.12,55.652,40.572,52.855,70.62,42.987,3.7697,55.668,-56.243,-47.72,-93.959,55.649
22.13,54.97,40.408,56.471,69.483,42.104,3.6934,54.987,-55.323,-45.83,-94.96,54.967
22.14,54.296,40.245,60.047,68.359,41.232,3.6181,54.314,-54.413,-43.962,-95.949,54.293
22.15,53.629,40.085,63.584,67.248,40.371,3.5438,53.648,-53.512,-42.115,-96.927,53.626
22.16,52.969,39.927,67.081,66.15,39.521,3.4704,52.99,-52.62,-40.291,-97.892,52.966
22.17,52.317,39.77,70.539,65.065,38.681,3.3979,52.339,-51.737,-38.488,-98.846,52.314
22.18,51.672,39.616,73.958,63.993,37.852,3.3263,51.695,-50.863,-36.706,-99.788,51.669
22.19,51.034,39.463,77.338,62.934,37.033,3.2557,51.058,-49.998,-34.946,-100.72,51.031
22.2,50.403,39.312,80.679,61.887,36.225,3.186,50.428,-49.143,-33.206,-101.64,50.4
22.21,49.78,39.163,83.981,60.853,35.427,3.1172,49.806,-48.296,-31.488,-102.55,49.777
22.22,49.163,39.016,87.246,59.831,34.639,3.0493,49.191,-47.458,-29.791,-103.44,49.16
22.23,48.554,38.87,90.472,58.822,33.862,2.9823,48.583,-46.629,-28.114,-104.33,48.551
22.24,47.952,38.727,93.661,57.825,33.095,2.9162,47.981,-45.808,-26.458,-105.2,47.949
22.25,47.357,38.585,96.812,56.84,32.338,2.8511,47.387,-44.996,-24.823,-106.06,47.354
22.26,46.768,38.445,99.925,55.868,31.591,2.7867,46.8,-44.193,-23.208,-106.92,46.766
22.27,46.187,38.307,103,54.908,30.854,2.7233,46.219,-43.399,-21.614,-107.76,46.184
22.28,45.613,38.171,106.04,53.96,30.127,2.6608,45.646,-42.613,-20.04,-108.59,45.61
22.29,45.045,38.036,109.04,53.024,29.41,2.5991,45.079,-41.835,-18.486,-109.41,45.042
22.3,44.484,37.904,112.01,52.099,28.703,2.5383,44.519,-41.066,-16.951,-110.21,44.481
22.31,43.93,37.773,114.94,51.187,28.006,2.4784,43.966,-40.306,-15.437,-111.01,43.927
22.32,43.383,37.643,117.83,50.287,27.318,2.4193,43.42,-39.554,-13.942,-111.8,43.38
22.33,42.842,37.516,120.69,49.398,26.64,2.3611,42.88,-38.81,-12.467,-112.57,42.839
22.34,42.308,37.39,123.51,48.521,25.972,2.3037,42.347,-38.074,-11.012,-113.34,42.305
22.35,41.78,37.266,126.3,47.655,25.313,2.2471,41.82,-37.347,-9.5758,-114.09,41.778
22.36,41.259,37.144,129.05,46.802,24.664,2.1914,41.3,-36.627,-8.1589,-114.84,41.257
22.37,40.745,37.023,131.77,45.959,24.024,2.1365,40.786,-35.916,-6.7612,-115.57,40.743
22.38,40.237,36.904,134.45,45.128,23.394,2.0825,40.279,-35.213,-5.3824,-116.3,40.235
22.39,39.735,36.786,137.1,44.308,22.772,2.0293,39.779,-34.518,-4.0225,-117.01,39.733
22.4,39.24,36.671,139.71,43.499,22.161,1.9768,39.284,-33.83,-2.6814,-117.71,39.238
22.41,38.751,36.557,142.29,42.702,21.558,1.9252,38.796,-33.151,-1.359,-118.41,38.749
22.42,38.269,36.444,144.84,41.915,20.964,1.8744,38.314,-32.479,-0.055046,-119.09,38.267
22.43,37.792,36.333,147.35,41.14,20.38,1.8244,37.839,-31.816,1.2305,-119.76,37.79
22.44,37.322,36.224,149.83,40.376,19.804,1.7752,37.37,-31.16,2.4977,-120.43,37.321
22.45,36.859,36.117,152.28,39.622,19.238,1.7268,36.907,-30.511,3.7468,-121.08,36.857
22.46,36.401,36.011,154.69,38.879,18.68,1.6791,36.45,-29.871,4.9778,-121.72,36.399
22.47,35.949,35.906,157.07,38.147,18.132,1.6323,35.999,-29.238,6.1909,-122.36,35.947
22.48,35.504,35.803,159.41,37.426,17.592,1.5862,35.554,-28.612,7.3862,-122.98,35.502
22.49,35.064,35.702,161.73,36.715,17.061,1.5409,35.115,-27.994,8.5638,-123.6,35.062
22.5,34.631,35.602,164.01,36.015,16.538,1.4963,34.682,-27.383,9.7238,-124.2,34.629
22.51,34.203,35.504,166.26,35.325,16.024,1.4525,34.255,-26.78,10.866,-124.8,34.201
22.52,33.781,35.407,168.48,34.645,15.519,1.4095,33.834,-26.184,11.992,-125.38,33.78
22.53,33.365,35.312,170.67,33.976,15.022,1.3672,33.419,-25.596,13.1,-125.96,33.364
22.54,32.955,35.219,172.82,33.317,14.533,1.3256,33.009,-25.014,14.191,-126.53,32.954
22.55,32.551,35.127,174.95,32.668,14.053,1.2848,32.606,-24.44,15.265,-127.09,32.55
22.56,32.152,35.036,177.04,32.029,13.581,1.2447,32.208,-23.873,16.322,-127.64,32.151
22.57,31.76,34.947,179.11,31.401,13.118,1.2054,31.816,-23.313,17.362,-128.18,31.758
22.58,31.372,34.859,181.14,30.782,12.663,1.1667,31.429,-22.76,18.386,-128.71,31.371
22.59,30.991,34.773,183.15,30.173,12.215,1.1288,31.048,-22.214,19.393,-129.23,30.989
22.6,30.615,34.688,185.12,29.574,11.776,1.0916,30.672,-21.675,20.384,-129.75,30.613
22.61,30.244,34.605,187.06,28.984,11.345,1.0551,30.302,-21.143,21.359,-130.25,30.243
22.62,29.879,34.523,188.98,28.404,10.922,1.0193,29.938,-20.617,22.318,-130.75,29.878
22.63,29.52,34.442,190.86,27.834,10.507,0.98416,29.579,-20.099,23.26,-131.23,29.518
22.64,29.166,34.363,192.72,27.273,10.099,0.94974,29.225,-19.587,24.187,-131.71,29.164
22.65,28.817,34.285,194.55,26.722,9.6996,0.916,28.877,-19.082,25.098,-132.18,28.816
22.66,28.473,34.209,196.35,26.18,9.3077,0.88294,28.534,-18.583,25.993,-132.64,28.472
22.67,28.135,34.134,198.12,25.647,8.9234,0.85056,28.196,-18.091,26.873,-133.1,28.134
22.68,27.802,34.06,199.86,25.124,8.5467,0.81884,27.864,-17.606,27.737,-133.54,27.801
22.69,27.474,33.988,201.57,24.609,8.1776,0.78779,27.536,-17.127,28.586,-133.98,27.473
22.7,27.152,33.917,203.26,24.104,7.816,0.7574,27.214,-16.654,29.42,-134.41,27.151
22.71,26.834,33.847,204.92,23.608,7.4617,0.72766,26.897,-16.188,30.239,-134.83,26.833
22.72,26.522,33.779,206.55,23.121,7.1149,0.69857,26.585,-15.728,31.043,-135.24,26.521
22.73,26.215,33.712,208.15,22.642,6.7753,0.67012,26.278,-15.274,31.832,-135.65,26.214
22.74,25.912,33.647,209.73,22.173,6.443,0.64231,25.976,-14.827,32.606,-136.04,25.911
22.75,25.615,33.582,211.28,21.712,6.1179,0.61513,25.679,-14.386,33.366,-136.43,25.614
22.76,25.322,33.519,212.81,21.259,5.7999,0.58858,25.387,-13.951,34.111,-136.81,25.322
22.77,25.035,33.457,214.31,20.816,5.489,0.56265,25.1,-13.522,34.843,-137.18,25.034
22.78,24.752,33.397,215.78,20.38,5.1851,0.53734,24.817,-13.099,35.559,-137.55,24.751
22.79,24.474,33.337,217.23,19.953,4.8881,0.51264,24.54,-12.681,36.262,-137.91,24.473
22.8,24.201,33.279,218.65,19.535,4.598,0.48855,24.267,-12.27,36.951,-138.26,24.2
22.81,23.932,33.222,220.04,19.125,4.3148,0.46506,23.999,-11.865,37.626,-138.6,23.932
22.82,23.668,33.166,221.42,18.723,4.0383,0.44216,23.735,-11.465,38.287,-138.93,23.668
22.83,23.409,33.112,222.76,18.329,3.7685,0.41985,23.476,-11.072,38.935,-139.26,23.409
22.84,23.154,33.059,224.08,17.943,3.5054,0.39814,23.222,-10.684,39.569,-139.58,23.154
22.85,22.904,33.007,225.38,17.565,3.2489,0.377,22.972,-10.301,40.19,-139.89,22.904
22.86,22.659,32.956,226.65,17.196,2.9989,0.35643,22.727,-9.9244,40.797,-140.2,22.658
22.87,22.418,32.906,227.9,16.834,2.7554,0.33644,22.486,-9.5532,41.392,-140.5,22.417
22.88,22.181,32.857,229.13,16.479,2.5183,0.31701,22.249,-9.1874,41.973,-140.79,22.181
22.89,21.949,32.81,230.33,16.133,2.2876,0.29814,22.017,-8.8272,42.542,-141.07,21.948
22.9,21.721,32.763,231.51,15.794,2.0631,0.27983,21.79,-8.4723,43.097,-141.35,21.72
22.91,21.497,32.718,232.66,15.463,1.845,0.26206,21.566,-8.1228,43.64,-141.62,21.497
22.92,21.278,32.674,233.79,15.139,1.6329,0.24484,21.347,-7.7785,44.171,-141.89,21.277
22.93,21.062,32.631,234.9,14.823,1.427,0.22816,21.132,-7.4396,44.689,-142.14,21.062
22.94,20.851,32.589,235.99,14.513,1.2272,0.21201,20.921,-7.1058,45.195,-142.39,20.851
22.95,20.645,32.548,237.06,14.212,1.0334,0.19638,20.715,-6.7772,45.689,-142.64,20.644
22.96,20.442,32.508,238.1,13.917,0.84548,0.18129,20.512,-6.4537,46.17,-142.88,20.442
22.97,20.243,32.469,239.12,13.63,0.66347,0.16671,20.313,-6.1352,46.64,-143.11,20.243
22.98,20.048,32.431,240.12,13.349,0.48729,0.15264,20.119,-5.8217,47.098,-143.33,20.048
22.99,19.858,32.395,241.1,13.076,0.31687,0.13908,19.928,-5.5132,47.544,-143.55,19.858
23,19.671,32.359,242.06,12.81,0.15216,0.12602,19.742,-5.2096,47.979,-143.76,19.671
23.01,19.488,32.324,242.99,12.55,-0.0069086,0.11346,19.559,-4.9108,48.402,-143.97,19.488
23.02,19.309,32.291,243.91,12.297,-0.16039,0.10139,19.38,-4.6168,48.814,-144.17,19.309
23.03,19.134,32.258,244.8,12.051,-0.30834,0.089808,19.205,-4.3276,49.215,-144.36,19.134
23.04,18.962,32.226,245.68,11.811,-0.45082,0.078707,19.034,-4.043,49.605,-144.55,18.962
23.05,18.795,32.196,246.53,11.578,-0.58789,0.068082,18.866,-3.7631,49.983,-144.73,18.795
23.06,18.631,32.166,247.37,11.352,-0.71961,0.057929,18.702,-3.4877,50.351,-144.91,18.631
23.07,18.47,32.137,248.18,11.132,-0.84604,0.04824,18.542,-3.217,50.708,-145.08,18.47
23.08,18.314,32.109,248.98,10.918,-0.96723,0.039013,18.385,-2.9507,51.055,-145.24,18.314
23.09,18.16,32.082,249.75,10.711,-1.0833,0.030241,18.232,-2.6888,51.391,-145.4,18.161
23.1,18.011,32.056,250.51,10.51,-1.1942,0.021918,18.082,-2.4313,51.716,-145.55,18.011
23.11,17.865,32.031,251.25,10.315,-1.3,0.014041,17.936,-2.1782,52.032,-145.7,17.865
23.12,17.722,32.007,251.97,10.125,-1.4009,0.0066038,17.794,-1.9293,52.337,-145.84,17.722
23.13,17.583,31.983,252.67,9.9424,-1.4968,-0.00039921,17.654,-1.6847,52.632,-145.98,17.583
23.14,17.447,31.961,253.36,9.7653,-1.5879,-0.0069729,17.518,-1.4443,52.917,-146.11,17.447
23.15,17.314,31.939,254.02,9.594,-1.6741,-0.013123,17.386,-1.208,53.193,-146.24,17.314
23.16,17.185,31.918,254.67,9.4285,-1.7556,-0.018853,17.256,-0.97576,53.459,-146.36,17.185
23.17,17.058,31.898,255.3,9.2686,-1.8323,-0.024171,17.13,-0.74757,53.715,-146.47,17.059
23.18,16.936,31.879,255.92,9.1144,-1.9045,-0.029079,17.007,-0.52337,53.962,-146.58,16.936
23.19,16.816,31.861,256.52,8.9658,-1.972,-0.033585,16.888,-0.30309,54.2,-146.69,16.816
23.2,16.699,31.843,257.1,8.8226,-2.035,-0.037692,16.771,-0.086696,54.429,-146.79,16.699
23.21,16.586,31.827,257.66,8.6848,-2.0936,-0.041407,16.657,0.12587,54.648,-146.88,16.586
23.22,16.475,31.811,258.21,8.5524,-2.1478,-0.044734,16.547,0.33466,54.859,-146.98,16.475
23.23,16.368,31.796,258.74,8.4253,-2.1976,-0.047679,16.439,0.53973,55.061,-147.06,16.368
23.24,16.263,31.781,259.25,8.3033,-2.2431,-0.050247,16.335,0.74112,55.254,-147.14,16.263
23.25,16.161,31.768,259.75,8.1865,-2.2844,-0.052442,16.233,0.93888,55.438,-147.22,16.162
23.26,16.062,31.755,260.24,8.0747,-2.3216,-0.054271,16.134,1.1331,55.614,-147.29,16.063
23.27,15.967,31.743,260.71,7.9679,-2.3546,-0.055739,16.038,1.3237,55.782,-147.36,15.967
23.28,15.873,31.731,261.16,7.866,-2.3836,-0.05685,15.945,1.5109,55.942,-147.42,15.874
23.29,15.783,31.721,261.6,7.7689,-2.4086,-0.05761,15.854,1.6947,56.093,-147.48,15.783
23.3,15.695,31.711,262.03,7.6766,-2.4297,-0.058024,15.766,1.8751,56.237,-147.53,15.696
23.31,15.61,31.701,262.44,7.589,-2.4469,-0.058098,15.681,2.0522,56.372,-147.58,15.611
23.32,15.528,31.693,262.83,7.506,-2.4603,-0.057836,15.599,2.226,56.5,-147.63,15.528
23.33,15.448,31.685,263.22,7.4276,-2.4699,-0.057244,15.519,2.3966,56.621,-147.67,15.449
23.34,15.371,31.677,263.59,7.3537,-2.4759,-0.056326,15.442,2.564,56.733,-147.71,15.371
23.35,15.296,31.671,263.94,7.2841,-2.4782,-0.055089,15.367,2.7283,56.839,-147.74,15.297
23.36,15.224,31.665,264.28,7.2189,-2.4769,-0.053538,15.294,2.8895,56.937,-147.77,15.224
23.37,15.154,31.659,264.61,7.1579,-2.4721,-0.051677,15.224,3.0478,57.028,-147.8,15.154
23.38,15.086,31.655,264.93,7.1012,-2.4639,-0.049511,15.157,3.203,57.112,-147.82,15.087
23.39,15.021,31.651,265.23,7.0485,-2.4523,-0.047047,15.091,3.3554,57.19,-147.84,15.022
23.4,14.958,31.647,265.52,6.9999,-2.4373,-0.044289,15.028,3.5049,57.26,-147.85,14.959
23.41,14.898,31.644,265.8,6.9553,-2.4191,-0.041243,14.968,3.6515,57.324,-147.86,14.898
23.42,14.839,31.642,266.07,6.9146,-2.3976,-0.037913,14.909,3.7954,57.381,-147.87,14.84
23.43,14.783,31.64,266.33,6.8777,-2.373,-0.034305,14.853,3.9366,57.432,-147.88,14.784
23.44,14.729,31.639,266.57,6.8446,-2.3452,-0.030424,14.799,4.0752,57.477,-147.88,14.73
23.45,14.677,31.638,266.8,6.8151,-2.3145,-0.026275,14.746,4.2111,57.515,-147.87,14.678
23.46,14.627,31.638,267.03,6.7893,-2.2807,-0.021864,14.696,4.3445,57.548,-147.87,14.628
23.47,14.579,31.638,267.24,6.767,-2.2441,-0.017196,14.648,4.4753,57.574,-147.86,14.58
23.48,14.534,31.639,267.44,6.7482,-2.2045,-0.012276,14.602,4.6037,57.595,-147.85,14.534
23.49,14.49,31.64,267.63,6.7328,-2.1622,-0.0071083,14.558,4.7297,57.61,-147.83,14.49
23.5,14.447,31.642,267.81,6.7207,-2.1171,-0.0016994,14.516,4.8534,57.619,-147.81,14.448
23.51,14.407,31.644,267.98,6.7119,-2.0693,0.0039459,14.475,4.9747,57.623,-147.79,14.408
23.52,14.369,31.647,268.14,6.7062,-2.019,0.0098224,14.437,5.0938,57.622,-147.77,14.37
23.53,14.332,31.651,268.29,6.7037,-1.966,0.015925,14.4,5.2107,57.615,-147.74,14.333
23.54,14.297,31.654,268.43,6.7042,-1.9105,0.022248,14.365,5.3254,57.604,-147.71,14.298
23.55,14.264,31.658,268.56,6.7077,-1.8526,0.028787,14.332,5.438,57.587,-147.68,14.265
23.56,14.232,31.663,268.69,6.714,-1.7923,0.035536,14.3,5.5486,57.565,-147.64,14.233
23.57,14.203,31.668,268.8,6.7233,-1.7296,0.042491,14.27,5.6572,57.539,-147.61,14.203
23.58,14.174,31.673,268.91,6.7352,-1.6647,0.049645,14.241,5.7638,57.509,-147.57,14.175
23.59,14.147,31.679,269.01,6.7499,-1.5976,0.056994,14.214,5.8686,57.473,-147.52,14.148
23.6,14.122,31.685,269.1,6.7671,-1.5283,0.064533,14.188,5.9715,57.434,-147.48,14.123
23.61,14.098,31.692,269.18,6.7869,-1.457,0.072256,14.164,6.0726,57.39,-147.43,14.099
23.62,14.075,31.699,269.25,6.8091,-1.3836,0.080158,14.141,6.1719,57.342,-147.38,14.076
23.63,14.054,31.706,269.32,6.8338,-1.3082,0.088234,14.12,6.2696,57.29,-147.33,14.055
23.64,14.034,31.714,269.38,6.8608,-1.2309,0.096478,14.1,6.3656,57.234,-147.28,14.035
23.65,14.016,31.722,269.43,6.89,-1.1517,0.10489,14.081,6.46,57.174,-147.22,14.017
23.66,13.998,31.73,269.48,6.9214,-1.0708,0.11345,14.063,6.5528,57.111,-147.16,13.999
23.67,13.982,31.739,269.52,6.9549,-0.98808,0.12217,14.047,6.6442,57.044,-147.1,13.983
23.68,13.967,31.747,269.56,6.9905,-0.90371,0.13104,14.032,6.7342,56.974,-147.04,13.968
23.69,13.953,31.757,269.59,7.028,-0.81772,0.14005,14.018,6.8227,56.9,-146.98,13.954
23.7,13.941,31.766,269.61,7.0674,-0.73017,0.1492,14.005,6.9099,56.824,-146.91,13.942
23.71,13.929,31.776,269.62,7.1086,-0.64111,0.15847,13.993,6.9958,56.744,-146.85,13.93
23.72,13.918,31.786,269.64,7.1516,-0.55062,0.16788,13.982,7.0805,56.661,-146.78,13.919
23.73,13.908,31.796,269.64,7.1963,-0.45874,0.17741,13.972,7.164,56.576,-146.71,13.909
23.74,13.899,31.806,269.64,7.2425,-0.36554,0.18705,13.962,7.2464,56.488,-146.64,13.9
23.75,13.891,31.817,269.64,7.2903,-0.27107,0.19681,13.954,7.3277,56.397,-146.56,13.892
23.76,13.884,31.828,269.63,7.3396,-0.1754,0.20667,13.947,7.4079,56.304,-146.49,13.885
23.77,13.878,31.839,269.62,7.3902,-0.078578,0.21663,13.94,7.4872,56.209,-146.41,13.879
23.78,13.872,31.85,269.61,7.4422,0.019328,0.22669,13.934,7.5655,56.111,-146.34,13.873
23.79,13.867,31.862,269.59,7.4954,0.11826,0.23684,13.929,7.6429,56.011,-146.26,13.868
23.8,13.863,31.874,269.56,7.5498,0.21817,0.24708,13.924,7.7195,55.909,-146.18,13.864
23.81,13.859,31.885,269.54,7.6053,0.31898,0.25739,13.921,7.7954,55.806,-146.1,13.86
23.82,13.856,31.897,269.51,7.6618,0.42064,0.26778,13.917,7.8705,55.701,-146.02,13.857
23.83,13.854,31.91,269.48,7.7193,0.5231,0.27824,13.914,7.9449,55.594,-145.94,13.855
23.84,13.852,31.922,269.44,7.7776,0.62628,0.28876,13.912,8.0187,55.485,-145.86,13.853
23.85,13.85,31.934,269.4,7.8368,0.73014,0.29934,13.91,8.0919,55.376,-145.78,13.851
23.86,13.849,31.947,269.36,7.8967,0.83461,0.30998,13.909,8.1646,55.265,-145.69,13.85
23.87,13.848,31.959,269.32,7.9573,0.93964,0.32067,13.908,8.2368,55.153,-145.61,13.85
23.88,13.848,31.972,269.28,8.0185,1.0452,0.3314,13.907,8.3086,55.039,-145.52,13.849
23.89,13.848,31.985,269.23,8.0802,1.1511,0.34216,13.907,8.38,54.926,-145.44,13.849
23.9,13.848,31.997,269.18,8.1424,1.2575,0.35296,13.907,8.4511,54.811,-145.35,13.849
23.91,13.848,32.01,269.14,8.205,1.3641,0.36379,13.907,8.522,54.695,-145.27,13.85
23.92,13.849,32.023,269.09,8.2679,1.471,0.37464,13.907,8.5926,54.579,-145.18,13.85
23.93,13.85,32.036,269.04,8.331,1.5781,0.38551,13.908,8.663,54.463,-145.09,13.851
23.94,13.851,32.049,268.99,8.3943,1.6854,0.39639,13.908,8.7333,54.347,-145.01,13.852
23.95,13.851,32.062,268.94,8.4577,1.7927,0.40728,13.909,8.8036,54.23,-144.92,13.853
23.96,13.852,32.075,268.88,8.5211,1.9,0.41817,13.909,8.8738,54.113,-144.83,13.854
23.97,13.853,32.088,268.83,8.5844,2.0073,0.42905,13.91,8.9439,53.996,-144.75,13.854
23.98,13.854,32.101,268.78,8.6475,2.1144,0.43992,13.91,9.0137,53.88,-144.66,13.855
23.99,13.854,32.114,268.74,8.7102,2.2212,0.45075,13.91,9.083,53.764,-144.57,13.856
24,13.854,32.127,268.69,8.7724,2.3275,0.46155,13.91,9.1516,53.65,-144.49,13.856
24.01,13.854,32.14,268.64,8.8339,2.4333,0.47229,13.91,9.2194,53.536,-144.4,13.855
24.02,13.854,32.152,268.6,8.8946,2.5384,0.48297,13.909,9.2862,53.424,-144.32,13.855
24.03,13.852,32.165,268.56,8.9543,2.6427,0.49358,13.907,9.3518,53.313,-144.23,13.854
24.04,13.85,32.177,268.52,9.013,2.7462,0.5041,13.905,9.4159,53.204,-144.15,13.852
24.05,13.848,32.189,268.49,9.0704,2.8486,0.51453,13.902,9.4785,53.098,-144.07,13.849
24.06,13.845,32.201,268.46,9.1264,2.9498,0.52485,13.899,9.5393,52.993,-143.99,13.846
24.07,13.84,32.213,268.44,9.181,3.0498,0.53505,13.894,9.5982,52.891,-143.91,13.842
24.08,13.835,32.224,268.41,9.2338,3.1484,0.54513,13.889,9.655,52.792,-143.83,13.837
24.09,13.829,32.235,268.4,9.2848,3.2456,0.55506,13.883,9.7094,52.696,-143.76,13.83
24.1,13.822,32.246,268.39,9.3339,3.3411,0.56484,13.875,9.7613,52.603,-143.69,13.823
24.11,13.813,32.257,268.39,9.3808,3.4349,0.57447,13.866,9.8106,52.514,-143.61,13.815
24.12,13.804,32.267,268.39,9.4257,3.5268,0.58392,13.856,9.857,52.428,-143.54,13.805
24.13,13.793,32.277,268.4,9.4687,3.6172,0.5932,13.845,9.9002,52.346,-143.48,13.794
24.14,13.78,32.286,268.42,9.5103,3.706,0.60233,13.833,9.9403,52.268,-143.41,13.782
24.15,13.767,32.296,268.44,9.5511,3.7935,0.6113,13.819,9.9772,52.194,-143.35,13.768
24.16,13.752,32.305,268.47,9.5915,3.8799,0.62013,13.804,10.011,52.123,-143.29,13.754
24.17,13.736,32.313,268.51,9.6322,3.9656,0.62884,13.788,10.042,52.056,-143.23,13.738
24.18,13.719,32.322,268.55,9.6738,4.0507,0.63743,13.771,10.071,51.992,-143.18,13.721
24.19,13.701,32.33,268.6,9.7166,4.1355,0.64591,13.752,10.096,51.931,-143.13,13.703
24.2,13.682,32.338,268.66,9.7614,4.2203,0.65429,13.733,10.12,51.874,-143.09,13.684
24.21,13.662,32.345,268.72,9.8087,4.3052,0.66259,13.713,10.141,51.82,-143.05,13.664
24.22,13.641,32.353,268.79,9.8591,4.3906,0.67082,13.691,10.161,51.77,-143.02,13.642
24.23,13.619,32.36,268.87,9.9131,4.4767,0.67898,13.669,10.178,51.722,-142.99,13.62
24.24,13.596,32.367,268.95,9.9712,4.5637,0.68709,13.646,10.194,51.677,-142.97,13.598
24.25,13.572,32.373,269.05,10.034,4.6518,0.69516,13.622,10.208,51.635,-142.95,13.574
24.26,13.548,32.38,269.15,10.101,4.741,0.70319,13.597,10.22,51.596,-142.94,13.549
24.27,13.522,32.386,269.25,10.171,4.8314,0.71118,13.572,10.232,51.56,-142.93,13.524
24.28,13.496,32.392,269.37,10.244,4.9226,0.71914,13.545,10.242,51.526,-142.93,13.498
24.29,13.47,32.398,269.49,10.319,5.0146,0.72705,13.518,10.253,51.494,-142.94,13.471
24.3,13.443,32.404,269.61,10.395,5.1075,0.73493,13.491,10.263,51.464,-142.95,13.444
24.31,13.415,32.41,269.75,10.471,5.2013,0.74278,13.463,10.272,51.436,-142.97,13.416
24.32,13.387,32.415,269.89,10.548,5.2961,0.75059,13.435,10.28,51.41,-142.99,13.388
24.33,13.358,32.421,270.03,10.626,5.3917,0.75836,13.406,10.287,51.385,-143.01,13.359
24.34,13.328,32.426,270.18,10.703,5.4881,0.7661,13.376,10.292,51.361,-143.04,13.33
24.35,13.299,32.431,270.34,10.779,5.5851,0.77378,13.346,10.297,51.339,-143.07,13.3
24.36,13.268,32.436,270.5,10.854,5.6825,0.78139,13.315,10.3,51.319,-143.11,13.27
24.37,13.237,32.441,270.67,10.927,5.78,0.78892,13.284,10.302,51.3,-143.15,13.238
24.38,13.205,32.446,270.84,10.997,5.8774,0.79636,13.252,10.303,51.283,-143.19,13.207
24.39,13.173,32.451,271.02,11.065,5.9746,0.80368,13.22,10.303,51.268,-143.24,13.174
24.4,13.14,32.455,271.21,11.129,6.0713,0.81089,13.186,10.302,51.254,-143.29,13.141
24.41,13.106,32.459,271.4,11.19,6.1674,0.81796,13.152,10.301,51.243,-143.34,13.108
24.42,13.072,32.464,271.59,11.246,6.2626,0.82488,13.118,10.299,51.233,-143.39,13.073
24.43,13.037,32.468,271.8,11.297,6.3566,0.83163,13.082,10.296,51.225,-143.45,13.038
24.44,13.001,32.471,272,11.343,6.4494,0.83821,13.046,10.294,51.22,-143.5,13.002
24.45,12.964,32.475,272.22,11.383,6.5406,0.8446,13.009,10.291,51.216,-143.56,12.965
24.46,12.926,32.478,272.44,11.417,6.6302,0.85078,12.971,10.287,51.214,-143.62,12.928
24.47,12.888,32.482,272.66,11.446,6.7179,0.85676,12.933,10.282,51.214,-143.68,12.889
24.48,12.849,32.485,272.89,11.469,6.8036,0.8625,12.894,10.276,51.216,-143.74,12.85
24.49,12.809,32.488,273.12,11.488,6.8871,0.86802,12.854,10.269,51.219,-143.8,12.811
24.5,12.769,32.491,273.36,11.502,6.9683,0.87329,12.814,10.262,51.224,-143.87,12.771
24.51,12.729,32.493,273.6,11.512,7.0471,0.87832,12.773,10.255,51.23,-143.93,12.73
24.52,12.688,32.496,273.85,11.519,7.1234,0.88311,12.732,10.249,51.237,-143.99,12.689
24.53,12.646,32.499,274.09,11.525,7.1972,0.88764,12.69,10.244,51.246,-144.06,12.648
24.54,12.605,32.501,274.35,11.529,7.2682,0.89191,12.648,10.24,51.256,-144.13,12.606
24.55,12.563,32.504,274.6,11.532,7.3362,0.89592,12.606,10.238,51.268,-144.19,12.564
24.56,12.521,32.506,274.86,11.535,7.4013,0.89967,12.564,10.237,51.282,-144.26,12.522
24.57,12.478,32.509,275.13,11.539,7.4635,0.90317,12.521,10.237,51.298,-144.33,12.48
24.58,12.436,32.511,275.41,11.544,7.5228,0.90643,12.478,10.239,51.316,-144.4,12.437
24.59,12.393,32.514,275.69,11.552,7.5792,0.90947,12.435,10.243,51.336,-144.47,12.394
24.6,12.349,32.516,275.97,11.563,7.6329,0.91229,12.392,10.249,51.36,-144.53,12.35
24.61,12.305,32.518,276.27,11.579,7.684,0.91492,12.348,10.259,51.386,-144.6,12.307
24.62,12.261,32.52,276.57,11.598,7.7326,0.91736,12.303,10.271,51.414,-144.67,12.263
24.63,12.217,32.522,276.87,11.624,7.7788,0.91963,12.259,10.286,51.446,-144.73,12.218
24.64,12.172,32.524,277.18,11.654,7.8229,0.92175,12.214,10.305,51.48,-144.8,12.174
24.65,12.127,32.526,277.51,11.691,7.8649,0.92373,12.169,10.326,51.518,-144.87,12.128
24.66,12.081,32.528,277.83,11.735,7.9051,0.92559,12.123,10.352,51.559,-144.94,12.083
24.67,12.035,32.53,278.17,11.786,7.9438,0.92735,12.077,10.379,51.604,-145.01,12.037
24.68,11.989,32.532,278.52,11.845,7.981,0.92903,12.03,10.41,51.652,-145.08,11.99
24.69,11.942,32.534,278.87,11.913,8.0171,0.93065,11.983,10.442,51.704,-145.16,11.943
24.7,11.895,32.535,279.24,11.989,8.0523,0.93223,11.935,10.477,51.76,-145.23,11.896
24.71,11.847,32.537,279.61,12.073,8.0867,0.93378,11.887,10.512,51.82,-145.31,11.848
24.72,11.799,32.539,280,12.165,8.1204,0.93531,11.839,10.549,51.884,-145.39,11.8
24.73,11.751,32.54,280.39,12.265,8.1536,0.93684,11.791,10.587,51.952,-145.48,11.752
24.74,11.702,32.541,280.8,12.372,8.1864,0.93837,11.741,10.625,52.024,-145.56,11.703
24.75,11.652,32.543,281.22,12.486,8.2186,0.9399,11.692,10.663,52.098,-145.65,11.654
24.76,11.602,32.544,281.66,12.604,8.2497,0.9414,11.642,10.701,52.175,-145.75,11.604
24.77,11.552,32.545,282.1,12.726,8.2791,0.94283,11.591,10.739,52.253,-145.85,11.553
24.78,11.501,32.546,282.56,12.849,8.3067,0.94417,11.54,10.777,52.333,-145.94,11.503
24.79,11.45,32.547,283.04,12.974,8.3322,0.94541,11.489,10.815,52.413,-146.05,11.452
24.8,11.399,32.548,283.53,13.1,8.3557,0.94655,11.437,10.854,52.493,-146.15,11.4
24.81,11.346,32.549,284.02,13.226,8.3772,0.9476,11.385,10.894,52.573,-146.25,11.348
24.82,11.294,32.55,284.53,13.352,8.3971,0.94857,11.332,10.935,52.653,-146.35,11.295
24.83,11.241,32.551,285.05,13.478,8.4155,0.94947,11.279,10.978,52.732,-146.46,11.242
24.84,11.187,32.551,285.58,13.604,8.4327,0.95033,11.225,11.023,52.81,-146.56,11.188
24.85,11.132,32.552,286.11,13.73,8.4487,0.95115,11.17,11.072,52.887,-146.65,11.134
24.86,11.078,32.552,286.65,13.855,8.4641,0.95195,11.115,11.126,52.963,-146.75,11.079
24.87,11.022,32.553,287.2,13.979,8.4791,0.95275,11.06,11.185,53.037,-146.84,11.024
24.88,10.966,32.553,287.74,14.102,8.494,0.95358,11.004,11.252,53.108,-146.92,10.968
24.89,10.91,32.553,288.3,14.223,8.509,0.95444,10.947,11.327,53.178,-147,10.911
24.9,10.853,32.554,288.85,14.342,8.5245,0.95537,10.89,11.41,53.245,-147.07,10.854
24.91,10.795,32.554,289.41,14.459,8.5407,0.95638,10.832,11.503,53.309,-147.13,10.797
24.92,10.738,32.554,289.96,14.573,8.5576,0.95747,10.774,11.607,53.371,-147.18,10.739
24.93,10.679,32.554,290.52,14.683,8.5753,0.95866,10.716,11.721,53.429,-147.21,10.681
24.94,10.62,32.553,291.08,14.789,8.5937,0.95994,10.657,11.846,53.485,-147.24,10.622
24.95,10.561,32.553,291.65,14.891,8.6125,0.9613,10.597,11.982,53.538,-147.25,10.562
24.96,10.501,32.553,292.21,14.986,8.6314,0.96273,10.537,12.129,53.588,-147.26,10.502
24.97,10.44,32.552,292.78,15.076,8.6504,0.96423,10.476,12.286,53.635,-147.25,10.441
24.98,10.378,32.552,293.35,15.16,8.6692,0.96578,10.414,12.453,53.68,-147.23,10.38
24.99,10.316,32.551,293.92,15.239,8.6877,0.96738,10.351,12.628,53.722,-147.2,10.317
25,10.253,32.55,294.49,15.314,8.7061,0.96903,10.288,12.809,53.761,-147.17,10.254
25.01,10.189,32.55,295.06,15.385,8.7247,0.97076,10.225,12.996,53.798,-147.13,10.191
25.02,10.125,32.549,295.63,15.454,8.7441,0.97259,10.16,13.186,53.831,-147.08,10.127
25.03,10.061,32.548,296.19,15.521,8.7644,0.97453,10.096,13.381,53.861,-147.02,10.062
25.04,9.996,32.547,296.74,15.589,8.7862,0.97662,10.031,13.58,53.888,-146.97,9.9975
25.05,9.9309,32.546,297.29,15.657,8.8098,0.97886,9.9653,13.784,53.911,-146.91,9.9324
25.06,9.8655,32.545,297.82,15.728,8.8354,0.98129,9.8998,13.993,53.93,-146.84,9.8671
25.07,9.8001,32.544,298.35,15.802,8.863,0.98391,9.8342,14.206,53.945,-146.78,9.8016
25.08,9.7345,32.543,298.86,15.881,8.8926,0.98671,9.7684,14.421,53.958,-146.72,9.7361
25.09,9.6688,32.542,299.37,15.964,8.9238,0.98968,9.7026,14.639,53.966,-146.65,9.6704
25.1,9.603,32.541,299.87,16.052,8.9562,0.9928,9.6366,14.859,53.972,-146.59,9.6046
25.11,9.5371,32.541,300.37,16.146,8.9895,0.99605,9.5706,15.081,53.976,-146.52,9.5387
25.12,9.4711,32.54,300.87,16.243,9.0234,0.99941,9.5044,15.306,53.977,-146.46,9.4727
25.13,9.4049,32.539,301.36,16.345,9.0581,1.0029,9.438,15.535,53.976,-146.4,9.4065
25.14,9.3384,32.539,301.84,16.449,9.0935,1.0064,9.3713,15.768,53.974,-146.34,9.34
25.15,9.2715,32.538,302.32,16.558,9.13,1.0101,9.3043,16.006,53.971,-146.28,9.2732
25.16,9.2043,32.538,302.78,16.669,9.1678,1.0139,9.2369,16.248,53.968,-146.23,9.206
25.17,9.1366,32.537,303.24,16.784,9.2069,1.0177,9.169,16.495,53.965,-146.19,9.1383
25.18,9.0684,32.536,303.69,16.901,9.2477,1.0217,9.1007,16.748,53.962,-146.15,9.0702
25.19,8.9998,32.536,304.12,17.022,9.2906,1.0258,9.0318,17.009,53.959,-146.11,9.0015
25.2,8.9305,32.535,304.54,17.146,9.3356,1.0301,8.9624,17.278,53.956,-146.09,8.9323
25.21,8.8606,32.534,304.95,17.273,9.3829,1.0344,8.8923,17.558,53.953,-146.07,8.8624
25.22,8.79,32.534,305.34,17.403,9.4325,1.039,8.8215,17.849,53.951,-146.05,8.7918
25.23,8.7186,32.533,305.72,17.536,9.4844,1.0436,8.7499,18.153,53.948,-146.05,8.7205
25.24,8.6465,32.532,306.08,17.671,9.5389,1.0484,8.6776,18.47,53.944,-146.05,8.6483
25.25,8.5735,32.531,306.42,17.808,9.596,1.0534,8.6044,18.803,53.939,-146.06,8.5754
25.26,8.4997,32.53,306.74,17.947,9.6556,1.0584,8.5304,19.154,53.933,-146.07,8.5016
25.27,8.425,32.529,307.05,18.088,9.7177,1.0636,8.4555,19.526,53.926,-146.09,8.4269
25.28,8.3493,32.528,307.33,18.228,9.782,1.069,8.3797,19.919,53.917,-146.12,8.3513
25.29,8.2729,32.527,307.6,18.368,9.8483,1.0744,8.303,20.336,53.908,-146.16,8.2748
25.3,8.1956,32.525,307.85,18.507,9.9164,1.0799,8.2256,20.779,53.897,-146.2,8.1976
25.31,8.1176,32.524,308.09,18.646,9.9864,1.0855,8.1474,21.247,53.886,-146.24,8.1197
25.32,8.039,32.522,308.3,18.782,10.058,1.0912,8.0686,21.742,53.874,-146.29,8.0411
25.33,7.96,32.521,308.49,18.917,10.132,1.0969,7.9894,22.263,53.861,-146.35,7.9621
25.34,7.8806,32.52,308.67,19.049,10.207,1.1027,7.9098,22.812,53.847,-146.41,7.8827
25.35,7.801,32.518,308.83,19.18,10.284,1.1086,7.8299,23.389,53.832,-146.47,7.8031
25.36,7.7212,32.517,308.96,19.309,10.363,1.1146,7.75,23.995,53.816,-146.53,7.7234
25.37,7.6413,32.516,309.09,19.436,10.443,1.1206,7.6699,24.631,53.799,-146.6,7.6436
25.38,7.5616,32.514,309.19,19.561,10.525,1.1266,7.5899,25.296,53.782,-146.68,7.5639
25.39,7.4819,32.513,309.28,19.684,10.608,1.1327,7.5101,25.992,53.764,-146.75,7.4843
25.4,7.4027,32.512,309.36,19.805,10.693,1.1389,7.4307,26.719,53.745,-146.83,7.4051
25.41,7.3241,32.511,309.42,19.925,10.78,1.1452,7.3519,27.474,53.725,-146.91,7.3265
25.42,7.2465,32.51,309.46,20.042,10.867,1.1514,7.2741,28.254,53.704,-146.99,7.249
25.43,7.1704,32.51,309.49,20.156,10.955,1.1577,7.1978,29.056,53.681,-147.08,7.173
25.44,7.0962,32.51,309.5,20.267,11.043,1.1639,7.1234,29.88,53.655,-147.16,7.0988
25.45,7.0242,32.51,309.48,20.374,11.132,1.17,7.0512,30.725,53.628,-147.25,7.0269
25.46,6.9549,32.511,309.45,20.477,11.222,1.1761,6.9817,31.589,53.597,-147.32,6.9576
25.47,6.8885,32.512,309.4,20.577,11.312,1.1821,6.9151,32.471,53.564,-147.4,6.8913
25.48,6.8252,32.514,309.32,20.672,11.402,1.1881,6.8516,33.368,53.527,-147.47,6.828
25.49,6.7649,32.516,309.22,20.765,11.493,1.1939,6.7911,34.277,53.488,-147.54,6.7678
25.5,6.7074,32.519,309.1,20.855,11.585,1.1998,6.7335,35.192,53.446,-147.6,6.7104
25.51,6.6526,32.522,308.96,20.944,11.678,1.2056,6.6785,36.113,53.403,-147.65,6.6557
25.52,6.6003,32.526,308.81,21.032,11.772,1.2114,6.6261,37.035,53.358,-147.7,6.6034
25.53,6.5504,32.53,308.64,21.12,11.867,1.2172,6.5759,37.958,53.313,-147.75,6.5535
25.54,6.5026,32.535,308.46,21.208,11.964,1.223,6.528,38.879,53.268,-147.79,6.5059
25.55,6.4568,32.54,308.27,21.297,12.061,1.2288,6.482,39.801,53.223,-147.83,6.4601
25.56,6.4128,32.545,308.08,21.388,12.161,1.2347,6.4378,40.725,53.18,-147.86,6.4161
25.57,6.3702,32.55,307.87,21.483,12.262,1.2406,6.3951,41.651,53.139,-147.88,6.3736
25.58,6.329,32.556,307.67,21.581,12.365,1.2466,6.3537,42.581,53.101,-147.9,6.3325
25.59,6.2889,32.562,307.47,21.683,12.47,1.2528,6.3134,43.513,53.066,-147.92,6.2925
25.6,6.2498,32.568,307.27,21.791,12.577,1.259,6.2741,44.451,53.035,-147.93,6.2534
25.61,6.2114,32.574,307.09,21.904,12.685,1.2653,6.2356,45.392,53.009,-147.94,6.2151
25.62,6.1735,32.581,306.91,22.023,12.795,1.2718,6.1975,46.336,52.987,-147.95,6.1773
25.63,6.136,32.587,306.73,22.148,12.908,1.2784,6.1599,47.279,52.97,-147.95,6.1399
25.64,6.0985,32.594,306.57,22.279,13.022,1.2852,6.1222,48.217,52.958,-147.95,6.1024
25.65,6.0607,32.601,306.42,22.413,13.138,1.292,6.0842,49.152,52.949,-147.95,6.0646
25.66,6.0223,32.607,306.27,22.552,13.256,1.299,6.0456,50.08,52.945,-147.95,6.0263
25.67,5.9832,32.614,306.14,22.693,13.375,1.3061,6.0064,50.999,52.943,-147.94,5.9873
25.68,5.9433,32.62,306.01,22.836,13.495,1.3132,5.9663,51.906,52.945,-147.93,5.9474
25.69,5.9025,32.626,305.89,22.981,13.617,1.3203,5.9253,52.802,52.949,-147.92,5.9067
25.7,5.8605,32.632,305.79,23.128,13.74,1.3275,5.8832,53.685,52.955,-147.9,5.8648
25.71,5.8174,32.638,305.69,23.277,13.864,1.3348,5.8398,54.552,52.963,-147.89,5.8216
25.72,5.7729,32.644,305.61,23.428,13.989,1.342,5.7952,55.403,52.972,-147.88,5.7773
25.73,5.7271,32.65,305.54,23.581,14.116,1.3493,5.7493,56.234,52.982,-147.87,5.7315
25.74,5.6801,32.656,305.48,23.739,14.245,1.3567,5.7021,57.043,52.994,-147.87,5.6846
25.75,5.6319,32.661,305.42,23.901,14.376,1.3642,5.6537,57.823,53.008,-147.87,5.6364
25.76,5.5825,32.666,305.37,24.069,14.509,1.3717,5.6042,58.572,53.023,-147.87,5.5871
25.77,5.5322,32.671,305.33,24.245,14.645,1.3794,5.5536,59.285,53.039,-147.88,5.5368
25.78,5.481,32.677,305.29,24.428,14.784,1.3872,5.5023,59.962,53.057,-147.9,5.4856
25.79,5.4291,32.682,305.24,24.62,14.927,1.3952,5.4502,60.603,53.077,-147.93,5.4338
25.8,5.3767,32.687,305.19,24.821,15.072,1.4033,5.3976,61.209,53.099,-147.97,5.3813
25.81,5.3238,32.692,305.14,25.03,15.221,1.4116,5.3446,61.784,53.122,-148.01,5.3285
25.82,5.2709,32.697,305.07,25.248,15.374,1.42,5.2914,62.331,53.146,-148.06,5.2756
25.83,5.218,32.702,304.98,25.474,15.53,1.4286,5.2384,62.854,53.171,-148.12,5.2228
25.84,5.1655,32.707,304.87,25.708,15.69,1.4374,5.1858,63.356,53.197,-148.18,5.1703
25.85,5.1136,32.712,304.74,25.95,15.853,1.4462,5.1336,63.843,53.223,-148.25,5.1184
25.86,5.0625,32.717,304.58,26.199,16.021,1.4553,5.0823,64.327,53.249,-148.32,5.0673
25.87,5.0125,32.723,304.38,26.456,16.192,1.4645,5.0322,64.816,53.276,-148.39,5.0173
25.88,4.964,32.729,304.13,26.72,16.367,1.4739,4.9835,65.322,53.303,-148.46,4.9688
25.89,4.9171,32.735,303.83,26.99,16.546,1.4835,4.9365,65.856,53.332,-148.53,4.922
25.9,4.872,32.741,303.46,27.268,16.73,1.4933,4.8912,66.424,53.361,-148.61,4.8769
25.91,4.8288,32.748,303.02,27.552,16.917,1.5032,4.8478,67.031,53.392,-148.68,4.8337
25.92,4.7875,32.755,302.5,27.842,17.107,1.5133,4.8064,67.677,53.424,-148.75,4.7924
25.93,4.7481,32.762,301.9,28.139,17.301,1.5236,4.7668,68.36,53.458,-148.82,4.7531
25.94,4.7106,32.769,301.23,28.441,17.496,1.534,4.7291,69.074,53.493,-148.88,4.7156
25.95,4.6749,32.777,300.48,28.748,17.693,1.5444,4.6933,69.814,53.53,-148.95,4.6799
25.96,4.641,32.785,299.65,29.06,17.89,1.555,4.6592,70.579,53.567,-149.02,4.6461
25.97,4.6089,32.793,298.75,29.376,18.087,1.5655,4.627,71.367,53.605,-149.08,4.6141
25.98,4.5787,32.802,297.78,29.696,18.285,1.5761,4.5967,72.179,53.642,-149.14,4.5839
25.99,4.5503,32.811,296.74,30.019,18.482,1.5868,4.5681,73.011,53.679,-149.2,4.5556
26,4.5236,32.82,295.64,30.346,18.679,1.5975,4.5412,73.86,53.714,-149.25,4.5289
26.01,4.4984,32.829,294.47,30.676,18.875,1.6082,4.5159,74.716,53.749,-149.31,4.5038
26.02,4.4746,32.839,293.24,31.01,19.072,1.619,4.4919,75.573,53.783,-149.36,4.48
26.03,4.4522,32.848,291.96,31.347,19.269,1.6299,4.4694,76.425,53.816,-149.4,4.4576
26.04,4.4311,32.858,290.62,31.688,19.466,1.6408,4.4481,77.27,53.849,-149.44,4.4366
26.05,4.4114,32.868,289.23,32.033,19.665,1.6519,4.4283,78.111,53.88,-149.48,4.417
26.06,4.3932,32.879,287.77,32.383,19.865,1.6631,4.4099,78.955,53.911,-149.51,4.3988
26.07,4.3765,32.889,286.24,32.737,20.068,1.6745,4.3931,79.806,53.941,-149.54,4.3822
26.08,4.3614,32.9,284.64,33.097,20.273,1.686,4.3779,80.672,53.97,-149.56,4.3672
26.09,4.3482,32.911,282.95,33.463,20.481,1.6977,4.3645,81.563,53.999,-149.59,4.354
26.1,4.3369,32.922,281.16,33.835,20.693,1.7096,4.3531,82.492,54.028,-149.6,4.3428
26.11,4.3278,32.933,279.27,34.212,20.908,1.7218,4.3438,83.471,54.056,-149.61,4.3338
26.12,4.3212,32.945,277.26,34.596,21.128,1.7342,4.3371,84.518,54.084,-149.62,4.3273
26.13,4.3174,32.958,275.11,34.988,21.354,1.7468,4.3332,85.646,54.111,-149.62,4.3235
26.14,4.3166,32.97,272.81,35.386,21.585,1.7598,4.3322,86.867,54.138,-149.61,4.3229
26.15,4.3191,32.983,270.36,35.79,21.822,1.7731,4.3345,88.184,54.163,-149.6,4.3254
26.16,4.3247,32.997,267.76,36.201,22.064,1.7867,4.34,89.595,54.186,-149.58,4.3311
26.17,4.3335,33.01,265.01,36.616,22.31,1.8005,4.3487,91.093,54.208,-149.55,4.3401
26.18,4.3454,33.025,262.14,37.036,22.559,1.8144,4.3605,92.667,54.228,-149.52,4.3521
26.19,4.36,33.039,259.15,37.458,22.811,1.8285,4.3749,94.299,54.246,-149.48,4.3668
26.2,4.3768,33.054,256.07,37.883,23.064,1.8427,4.3916,95.969,54.262,-149.44,4.3837
26.21,4.3955,33.069,252.92,38.308,23.316,1.8568,4.4101,97.661,54.276,-149.4,4.4025
26.22,4.4157,33.084,249.71,38.733,23.569,1.871,4.4302,99.364,54.287,-149.35,4.4229
26.23,4.4373,33.1,246.46,39.158,23.82,1.885,4.4517,101.07,54.297,-149.3,4.4447
26.24,4.4601,33.115,243.19,39.581,24.071,1.899,4.4743,102.77,54.304,-149.25,4.4676
26.25,4.4838,33.131,239.9,40.002,24.319,1.9129,4.4979,104.46,54.309,-149.2,4.4915
26.26,4.5084,33.147,236.6,40.42,24.565,1.9266,4.5224,106.13,54.312,-149.15,4.5162
26.27,4.5337,33.163,233.3,40.832,24.809,1.9402,4.5475,107.79,54.312,-149.1,4.5417
26.28,4.5595,33.179,230.02,41.24,25.049,1.9536,4.5732,109.42,54.31,-149.05,4.5676
26.29,4.5857,33.195,226.76,41.642,25.287,1.9668,4.5992,111.03,54.306,-149,4.5939
26.3,4.612,33.211,223.53,42.038,25.522,1.9797,4.6254,112.61,54.299,-148.95,4.6204
26.31,4.6384,33.227,220.34,42.426,25.752,1.9925,4.6517,114.16,54.291,-148.89,4.6469
26.32,4.6647,33.243,217.19,42.807,25.98,2.005,4.6779,115.68,54.28,-148.84,4.6733
26.33,4.6908,33.259,214.09,43.181,26.204,2.0174,4.7038,117.18,54.268,-148.79,4.6995
26.34,4.7163,33.275,211.05,43.55,26.424,2.0295,4.7292,118.64,54.254,-148.74,4.7252
26.35,4.7411,33.291,208.06,43.914,26.642,2.0414,4.7539,120.07,54.239,-148.68,4.7501
26.36,4.7651,33.307,205.13,44.274,26.856,2.0532,4.7777,121.47,54.222,-148.63,4.7742
26.37,4.7881,33.322,202.27,44.63,27.067,2.0647,4.8005,122.83,54.204,-148.58,4.7973
26.38,4.81,33.338,199.47,44.983,27.275,2.0761,4.8223,124.16,54.184,-148.53,4.8194
26.39,4.8307,33.353,196.73,45.334,27.481,2.0874,4.8429,125.46,54.163,-148.48,4.8402
26.4,4.8502,33.368,194.06,45.684,27.684,2.0985,4.8623,126.72,54.141,-148.43,4.8598
26.41,4.8683,33.383,191.45,46.034,27.885,2.1095,4.8802,127.95,54.118,-148.38,4.878
26.42,4.8849,33.398,188.9,46.383,28.084,2.1203,4.8967,129.15,54.093,-148.34,4.8948
26.43,4.9001,33.412,186.41,46.734,28.28,2.1311,4.9117,130.31,54.066,-148.29,4.91
26.44,4.9136,33.427,183.98,47.087,28.475,2.1417,4.9251,131.44,54.038,-148.25,4.9237
26.45,4.9255,33.441,181.61,47.443,28.669,2.1523,4.9369,132.55,54.009,-148.2,4.9357
26.46,4.9358,33.454,179.3,47.803,28.861,2.1628,4.947,133.64,53.979,-148.16,4.946
26.47,4.9442,33.468,177.04,48.168,29.052,2.1733,4.9553,134.7,53.946,-148.12,4.9545
26.48,4.9508,33.481,174.84,48.539,29.243,2.1838,4.9618,135.74,53.913,-148.07,4.9612
26.49,4.9555,33.495,172.68,48.918,29.434,2.1943,4.9663,136.76,53.878,-148.04,4.966
26.5,4.9583,33.507,170.57,49.304,29.625,2.2048,4.969,137.75,53.843,-148,4.9688
26.51,4.9591,33.52,168.5,49.7,29.817,2.2154,4.9696,138.74,53.807,-147.96,4.9697
26.52,4.958,33.532,166.46,50.106,30.009,2.2261,4.9685,139.72,53.77,-147.92,4.9687
26.53,4.9552,33.544,164.44,50.525,30.204,2.237,4.9655,140.71,53.735,-147.88,4.966
26.54,4.9506,33.556,162.44,50.956,30.401,2.248,4.9608,141.72,53.7,-147.85,4.9615
26.55,4.9444,33.568,160.44,51.401,30.601,2.2592,4.9544,142.77,53.666,-147.82,4.9554
26.56,4.9367,33.579,158.45,51.861,30.803,2.2706,4.9465,143.85,53.635,-147.78,4.9477
26.57,4.9274,33.59,156.46,52.337,31.009,2.2823,4.9372,144.99,53.605,-147.75,4.9385
26.58,4.9168,33.601,154.45,52.828,31.218,2.2943,4.9265,146.19,53.578,-147.72,4.928
26.59,4.9049,33.612,152.43,53.337,31.431,2.3065,4.9144,147.46,53.552,-147.69,4.9161
26.6,4.8916,33.623,150.39,53.865,31.648,2.3191,4.901,148.8,53.529,-147.66,4.9029
26.61,4.877,33.633,148.33,54.413,31.87,2.3321,4.8862,150.22,53.507,-147.64,4.8884
26.62,4.8609,33.643,146.23,54.983,32.097,2.3455,4.87,151.72,53.487,-147.62,4.8724
26.63,4.8435,33.653,144.09,55.577,32.329,2.3593,4.8524,153.3,53.468,-147.61,4.8551
26.64,4.8246,33.663,141.91,56.196,32.567,2.3735,4.8335,154.95,53.451,-147.6,4.8363
26.65,4.8044,33.673,139.68,56.84,32.811,2.3883,4.8131,156.67,53.434,-147.6,4.8162
26.66,4.7827,33.682,137.4,57.511,33.061,2.4035,4.7913,158.47,53.418,-147.61,4.7946
26.67,4.7595,33.691,135.06,58.21,33.318,2.4193,4.768,160.35,53.404,-147.62,4.7716
26.68,4.735,33.7,132.67,58.938,33.582,2.4356,4.7434,162.33,53.391,-147.63,4.7471
26.69,4.7091,33.709,130.21,59.694,33.853,2.4525,4.7174,164.4,53.379,-147.65,4.7214
26.7,4.6819,33.718,127.69,60.48,34.132,2.4699,4.6901,166.59,53.37,-147.68,4.6943
26.71,4.6537,33.726,125.09,61.295,34.417,2.4879,4.6617,168.9,53.362,-147.71,4.6662
26.72,4.6245,33.735,122.42,62.139,34.709,2.5063,4.6324,171.33,53.357,-147.75,4.6371
26.73,4.5944,33.743,119.67,63.014,35.008,2.5253,4.6023,173.91,53.354,-147.79,4.6073
26.74,4.5638,33.751,116.84,63.917,35.314,2.5447,4.5715,176.64,53.355,-147.83,4.5768
26.75,4.5326,33.759,113.93,64.848,35.627,2.5646,4.5402,179.52,53.358,-147.88,4.5457
26.76,4.5009,33.767,110.94,65.807,35.945,2.5849,4.5084,182.57,53.365,-147.94,4.5143
26.77,4.4689,33.775,107.87,66.793,36.27,2.6056,4.4763,185.79,53.374,-147.99,4.4825
26.78,4.4366,33.783,104.73,67.806,36.6,2.6267,4.4439,189.16,53.384,-148.05,4.4504
26.79,4.4041,33.791,101.52,68.846,36.935,2.6481,4.4113,192.7,53.396,-148.11,4.4181
26.8,4.3715,33.799,98.248,69.91,37.274,2.6699,4.3786,196.4,53.409,-148.17,4.3857
26.81,4.339,33.807,94.921,70.998,37.616,2.6918,4.346,200.27,53.422,-148.24,4.3534
26.82,4.3067,33.815,91.547,72.107,37.96,2.714,4.3136,204.31,53.435,-148.3,4.3213
26.83,4.2749,33.824,88.139,73.235,38.304,2.7361,4.2817,208.55,53.447,-148.37,4.2898
26.84,4.2438,33.832,84.709,74.38,38.647,2.7582,4.2505,213,53.457,-148.44,4.259
26.85,4.2135,33.84,81.266,75.541,38.988,2.7802,4.2201,217.68,53.467,-148.51,4.229
26.86,4.184,33.849,77.822,76.714,39.325,2.8021,4.1905,222.58,53.474,-148.57,4.1998
26.87,4.1554,33.857,74.383,77.9,39.659,2.8237,4.1618,227.69,53.481,-148.64,4.1715
26.88,4.1277,33.866,70.955,79.096,39.988,2.8451,4.1339,233.02,53.486,-148.71,4.1441
26.89,4.1008,33.875,67.545,80.302,40.313,2.8663,4.1069,238.54,53.49,-148.77,4.1175
26.9,4.0747,33.883,64.161,81.516,40.632,2.8872,4.0807,244.26,53.494,-148.84,4.0918
26.91,4.0493,33.892,60.807,82.735,40.945,2.9078,4.0552,250.16,53.495,-148.9,4.0668
26.92,4.0245,33.902,57.487,83.96,41.253,2.9281,4.0303,256.24,53.496,-148.96,4.0424
26.93,4.0003,33.911,54.2,85.187,41.555,2.9482,4.006,262.47,53.496,-149.01,4.0186
26.94,3.9765,33.92,50.944,86.416,41.853,2.9681,3.9822,268.84,53.495,-149.06,3.9953
26.95,3.9532,33.929,47.715,87.646,42.146,2.9877,3.9587,275.33,53.493,-149.11,3.9724
26.96,3.9301,33.939,44.509,88.876,42.436,3.0072,3.9356,281.91,53.491,-149.15,3.9497
26.97,3.9073,33.948,41.318,90.105,42.724,3.0266,3.9126,288.55,53.488,-149.19,3.9273
26.98,3.8844,33.957,38.138,91.334,43.01,3.0458,3.8897,295.21,53.484,-149.24,3.9049
26.99,3.8616,33.967,34.963,92.564,43.296,3.0651,3.8668,301.87,53.481,-149.28,3.8825
27,3.8388,33.976,31.789,93.793,43.582,3.0843,3.8438,308.53,53.478,-149.32,3.8602
