latitude,longitude,year,depth,pressure,temperature,salinity,oxygen,silicate,nitrate,phosphate,sigma0,NO,PO,potential_temp,absolute_salinity,conservative_temp,sigma2,sigma4
55.01,-145.0,1991.0,1.0,1.0,4.1,32.744,314.9,29.51,18.37,1.59,25.982,492.72159999999997,561.35,4.101644387563058,32.901915087760926,4.117565423131745,35.10880492560591,43.82589030516897
55.01,-145.0,1991.0,10.0,10.0,4.11,32.742,314.4,28.24,17.88,1.56,25.98,487.47839999999997,556.2,4.111054241863815,32.899993172483605,4.127009537428566,35.10588479738544,43.82254145726233
55.01,-145.0,1991.0,20.0,20.0,4.1,32.74,314.2,27.94,17.29,1.39,25.979,481.56719999999996,529.65,4.100394415992732,32.89802300590561,4.116346741237423,35.1059788715645,43.823183159050586
55.01,-145.0,1991.0,30.0,30.0,4.08,32.74,313.0,28.24,17.98,1.47,25.980999999999998,487.0464,540.85,4.079735215709474,32.89798238784414,4.09564652637811,35.10908552019396,43.82729537044088
55.01,-145.0,1991.0,49.0,49.0,4.07,32.741,314.0,25.89,16.61,1.47,25.983,474.7848,541.85,4.068481928831979,32.89957147794606,4.084351104065372,35.112025477802945,43.83075956960465
55.01,-145.0,1991.0,73.0,74.0,3.83,32.760999999999996,312.2,29.11,18.86,1.46,26.023000000000003,494.7648,538.5,3.8269185195675113,32.920195139149435,3.8421331280304276,35.164359804871765,43.894591173493154
55.01,-145.0,1991.0,98.0,99.0,3.47,32.793,312.3,33.8,21.69,1.69,26.081999999999997,522.2592,574.25,3.4655132168276404,32.95325620398409,3.4797640846887705,35.24328224983378,43.990855496883114
55.01,-145.0,1991.0,122.0,123.0,3.96,32.971,269.9,60.27,33.99,2.51,26.177,598.9232,658.9499999999999,3.9536046184821334,33.133540365981894,3.9669437501747375,35.310826448605894,44.031676677130235
55.01,-145.0,1991.0,147.0,148.0,3.91,33.524,146.3,,38.37,2.69,26.622,517.7216,563.25,3.9018896664667353,33.69097743591432,3.9096730122223406,35.7510351893261,44.46611113276663
55.01,-145.0,1991.0,171.0,173.0,4.03,33.75,83.6,,41.3,2.98,26.79,483.3839999999999,545.5,4.020001714993085,33.919482593221545,4.025564383800535,35.910239444733634,44.61618416758074
55.01,-145.0,1991.0,195.0,197.0,3.96,33.838,55.5,,41.29,3.06,26.866999999999997,455.18719999999996,529.8,3.9484035757365596,34.00901760363772,3.953036304494129,35.99066573273353,44.698756579119845
55.01,-145.0,1991.0,245.0,247.0,3.93,33.922,34.5,,43.73,3.15,26.938000000000002,457.80639999999994,522.75,3.9149347530363428,34.09420188265721,3.91869535360855,36.061873142272816,44.77032663533328
55.01,-145.0,1991.0,293.0,296.0,3.87,33.983000000000004,26.3,,,3.19,26.993000000000002,,520.75,3.8515816621881442,34.15667272354932,3.854701112347454,36.12002037340562,44.830628157912315
55.0,-145.04,1992.0,1.0,1.0,11.2,32.421,271.62,16.81,10.65,,24.733,374.712,,11.202848773319255,32.577356343685075,11.240646434685386,33.53682823228155,41.95050937724932
55.0,-145.04,1992.0,49.0,49.0,5.68,32.683,306.66,21.59,15.73,,25.761,458.92640000000006,,5.678168930786767,32.84128803881249,5.697839590205103,34.80974073993298,43.453035151705535
55.0,-145.04,1992.0,150.0,151.0,3.74,33.741,82.57,72.54,40.42,,26.811999999999998,473.8356,,3.7318227760486637,33.909281854463494,3.73737855635621,35.946157394210104,44.66628802786431
55.0,-145.04,1992.0,196.0,198.0,3.65,33.853,50.723,84.05,42.95,,26.91,466.47900000000004,,3.6387616074322793,34.024151518968075,3.6431703936181767,36.04932247994725,44.77230080696063
55.01,-145.01,1997.0,2.0,2.4,11.79,32.635,295.43,22.67,10.85,1.12,24.79300000000001,400.45799999999997,469.03000000000003,11.792791180048848,32.79240270522162,11.827950949350399,33.569365830193874,41.95773722506419
55.01,-145.01,1997.0,6.0,5.8,11.17,32.632,296.33,21.59,10.55,1.1,24.903000000000002,398.454,466.83,11.172295034844497,32.789421272234364,11.205805503560821,33.70467519947351,42.1167541307766
55.01,-145.01,1997.0,11.0,10.6,10.37,32.629,300.07,21.98,10.75,1.11,25.039,404.13,472.12,10.371650096714838,32.78644996896089,10.403080822860042,33.874907351711954,42.31828322031174
55.01,-145.01,1997.0,20.0,19.7,9.08,32.628,310.68,22.96,11.14,1.13,25.25,418.5152,485.83,9.080581194039254,32.78548098479292,9.108743276090372,34.140187603451295,42.63573707178989
55.01,-145.01,1997.0,30.0,30.4,7.27,32.677,323.0,25.7,13.19,1.26,25.553,450.6792,518.3,7.26955853205137,32.83469382970366,7.292713436014116,34.525211064923724,43.09706290202689
55.01,-145.01,1997.0,40.0,40.1,6.33,32.691,323.81,25.31,13.87,1.31,25.688000000000002,458.0716,526.86,6.328791384005348,32.849150549383,6.349717496863431,34.70452093229096,43.31800072942474
55.01,-145.01,1997.0,50.0,50.1,5.4,32.71,318.15,26.38,15.05,1.39,25.816,463.83399999999995,533.5999999999999,5.398139270525861,32.86844324188248,5.41691450369687,34.87730986448037,43.53319272968565
55.01,-145.01,1997.0,74.0,74.8,4.67,32.854,292.29,31.46,19.34,1.61,26.011,479.50120000000004,541.84,4.666525445229878,33.013664624524985,4.682279959862353,35.107774629625965,43.796011275214596
55.01,-145.01,1997.0,100.0,100.6,4.95,33.452,187.05,46.97,28.32,2.12,26.455,461.18760000000003,515.6500000000001,4.944462476527458,33.61553932506182,4.953903774852932,35.52883999706455,44.1950942269882
55.01,-145.01,1997.0,149.0,150.6,4.79,33.823,120.19,64.23,34.75,2.5,26.767,456.57,507.69,4.780783684573583,33.99165141825371,4.785872130453887,35.84627273282922,44.51475599943092
55.01,-145.01,1997.0,198.0,200.4,4.27,33.858000000000004,80.396,75.36,38.75,2.78,26.851,455.496,511.296,4.257727445538324,34.029272554682464,4.262233460977319,35.958522333887004,44.65137229935203
55.01,-145.01,1997.0,297.0,299.8,3.98,33.971,48.379,91.36,41.68,2.96,26.971999999999998,451.8414,507.17900000000003,3.9610766188823123,34.14470933601448,3.9643207859343232,36.093987604500626,44.79945310367543
54.99,-145.01,1998.0,3.0,2.8,8.84,32.594,301.4,18.37,9.38,1.05,25.26,392.1984,464.15,8.842307797487177,32.751209248671536,8.870458963705232,34.161415946087345,42.66730298477091
54.99,-145.01,1998.0,10.0,10.2,8.83,32.593,352.7,18.37,9.38,1.05,25.261,443.4984,515.45,8.83154709700405,32.75027495328806,8.859685233927111,34.16283093536049,42.6691784551283
54.99,-145.01,1998.0,24.0,24.2,8.7,32.6,303.8,18.37,9.48,1.07,25.285999999999998,395.56640000000004,469.65000000000003,8.700110599339297,32.757328247775696,8.727803361247105,34.19414428210507,42.70587607855623
54.99,-145.01,1998.0,49.0,49.0,5.98,32.694,310.4,21.3,12.41,1.23,25.734,430.5288,501.04999999999995,5.9781112348951035,32.85234069307267,5.99826295486895,34.76747954706161,43.39684257118961
54.99,-145.01,1998.0,75.0,75.8,5.4,32.903,274.2,28.13,17.68,1.52,25.968000000000004,445.3424,509.79999999999995,5.396155794511485,33.06292180860351,5.412613359918714,35.02779591858575,43.68094948590806
54.99,-145.01,1998.0,99.0,99.8,5.18,33.388000000000005,197.3,41.7,26.17,1.99,26.378,450.6256,505.75,5.174390614742806,33.5511957811107,5.184792236575704,35.44154259259312,44.097948862723115
54.99,-145.01,1998.0,149.0,150.5,4.8,33.836,111.5,62.96,35.34,2.55,26.776999999999997,453.5912,506.75,4.790779369779728,34.00471479580628,4.795725083078304,35.8547655917082,44.52258610036188
54.99,-145.01,1998.0,198.0,200.4,4.49,33.891,82.4,73.9,38.17,2.73,26.855,451.88560000000007,505.54999999999995,4.4774124366064685,34.06244516956522,4.481620454752502,35.94963355129016,44.631478911544264
54.99,-145.01,1998.0,297.0,299.7,4.04,33.973,56.6,87.56,40.9,2.93,26.967,452.512,510.75000000000006,4.0209512809187755,34.14671718886058,4.024179705622823,36.08633376654757,44.78886865610707
54.98,-145.0,1998.0,3.0,3.0,8.93,32.609,301.7,19.74,9.87,1.05,25.256999999999998,397.24159999999995,464.45,8.932302591490325,32.76628403731475,8.960425654219438,34.15509169764914,42.65703564612318
54.98,-145.0,1998.0,6.0,5.8,8.92,32.609,301.8,20.13,9.97,1.06,25.259,398.30960000000005,466.1,8.922012007256852,32.76631114648611,8.950108413276176,34.15715743119722,42.659527831920514
54.98,-145.0,1998.0,10.0,10.4,8.92,32.61,302.8,19.93,9.87,1.06,25.26,398.34159999999997,467.1,8.921536944222067,32.767358184683026,8.949613535779378,34.15805239890983,42.66042828148352
54.98,-145.0,1998.0,15.0,15.3,8.92,32.609,301.4,19.74,9.97,1.06,25.259,397.90959999999995,465.7,8.921030339931965,32.76637233425323,8.949121041258469,34.15739966855904,42.65981004965715
54.98,-145.0,1998.0,21.0,21.6,8.9,32.611,302.9,19.74,9.87,1.05,25.264,398.4416,465.65,8.900378677523955,32.76839286239635,8.928382958240341,34.16304519679943,42.66628506338748
54.98,-145.0,1998.0,30.0,30.5,8.6,32.626,308.8,19.93,9.97,1.06,25.322,405.30960000000005,473.1,8.59947616559301,32.78344692453631,8.626494194473759,34.23386465234785,42.749450617624916
54.98,-145.0,1998.0,40.0,40.8,6.89,32.689,321.5,22.96,11.33,1.11,25.614,431.1744,493.55,6.888660126987258,32.84715049674136,6.910804456352352,34.60390902857989,43.19236632327079
54.98,-145.0,1998.0,50.0,50.4,6.25,32.72,316.0,24.23,12.8,1.22,25.721,439.904,505.1,6.247942835683108,32.87849401064395,6.268313830320772,34.7411751828588,43.35789170693147
54.98,-145.0,1998.0,59.0,59.7,5.31,32.768,307.7,26.09,15.05,1.38,25.872,453.384,521.5999999999999,5.307426442384755,32.92692327460338,5.325332559677573,34.937408511589865,43.59667216303501
54.98,-145.0,1998.0,80.0,80.7,4.85,33.04,251.9,35.46,21.68,1.72,26.139,461.76239999999996,518.5,4.8460155289187,33.20076854463871,4.860003885958233,35.22394969416109,43.90091308233059
54.98,-145.0,1998.0,99.0,100.4,4.9,33.533,170.3,49.9,29.88,2.17,26.524,459.53839999999997,506.65,4.894501881817326,33.69692621768554,4.902980373059404,35.599880846275255,44.267300911003986
54.98,-145.0,1998.0,149.0,150.8,4.6,33.835,106.6,67.85,36.61,2.57,26.796999999999997,460.98479999999995,504.94999999999993,4.590956074024612,34.00373076403376,4.595846740490101,35.886100132239335,44.56340038449457
54.98,-145.0,1998.0,172.0,173.8,4.45,33.869,90.4,72.92,37.88,2.66,26.840999999999998,457.0784,502.70000000000005,4.439423383311457,34.03913352746865,4.44388036577358,35.93759353184646,44.62159392603394
54.98,-145.0,1998.0,199.0,200.6,4.32,33.914,71.9,79.65,39.63,2.77,26.891,455.51840000000004,501.25,4.307629426327325,34.08557052774224,4.311556165157939,35.994334895955944,44.68395975581416
54.98,-145.0,1998.0,248.0,250.8,4.14,33.955,58.8,85.8,40.7,2.85,26.941999999999997,452.776,500.55,4.124277766552419,34.12741646142859,4.127727556614047,36.055384326280546,44.75321126719359
54.98,-145.0,1998.0,298.0,300.6,3.94,34.0,50.0,93.9,41.87,2.93,26.999000000000002,455.30159999999995,504.15000000000003,3.9210952864870667,34.17387497300972,3.9240450567559373,36.1227453488068,44.82971863039461
57.5,-145.0,1998.0,2.0,2.3,9.61,32.474000000000004,301.4,10.36,5.67,0.81,25.045,356.2856,426.95,9.612464484657723,32.6305743933666,9.644697758179603,33.91423310249843,42.390112781927655
57.5,-145.0,1998.0,6.0,5.6,9.61,32.475,301.7,10.55,5.67,0.81,25.045,356.5856,427.25,9.612107348218618,32.63161830857237,9.64432053270686,33.91510284161063,42.39098297708756
57.5,-145.0,1998.0,11.0,10.6,9.6,32.475,301.0,10.36,5.67,0.81,25.046999999999997,355.8856,426.55,9.601565060199665,32.63167576742848,9.633747166196343,33.91730459400992,42.3936119376508
57.5,-145.0,1998.0,14.0,14.5,9.53,32.477,301.9,10.36,5.67,0.81,25.06,356.7856,427.45,9.531138737318289,32.63372008928721,9.563091491277076,33.9332529491287,42.412395294703174
57.5,-145.0,1998.0,20.0,20.1,9.36,32.486,303.2,10.36,5.86,0.82,25.095,359.9248,430.29999999999995,9.360532519165906,32.642816431957044,9.391862716431037,33.97486607641963,42.46084718761517
57.5,-145.0,1998.0,30.0,30.2,8.74,32.549,307.4,10.65,6.74,0.88,25.24,372.6432,443.79999999999995,8.739493563666793,32.706524969562444,8.768119567210395,34.14754169053231,42.65832369256259
57.5,-145.0,1998.0,40.0,40.4,6.86,32.681,318.6,13.39,9.67,1.06,25.612,412.2056,482.90000000000003,6.858698921119419,32.839538511323546,6.880884623658076,34.60343565058815,43.193329429950836
57.5,-145.0,1998.0,49.0,49.4,6.34,32.714,317.3,17.68,11.82,1.17,25.705,431.7176,498.65,6.33800855487596,32.8728045789702,6.358640048771272,34.721127343854505,43.33385355306905
57.5,-145.0,1998.0,60.0,60.2,5.5,32.753,310.7,23.25,14.46,1.33,25.838,450.6728,516.85,5.497334645714633,32.91218484922398,5.515781321791223,34.894647212874816,43.5452844715976
57.5,-145.0,1998.0,80.0,80.7,5.04,32.816,301.7,26.48,16.71,1.46,25.941,463.4528,528.0,5.035938859926979,32.975901063606806,5.052767964085301,35.01950640113773,43.690789460687256
57.5,-145.0,1998.0,101.0,102.1,4.8,33.021,257.0,33.99,21.59,1.69,26.129,465.9912,518.95,4.794472471250902,33.18249265294364,4.808580374059172,35.21806296408704,43.8977368315866
57.5,-145.0,1998.0,149.0,150.7,4.12,33.729,105.9,68.73,37.39,2.63,26.764,467.8352,513.55,4.111461138013553,33.89649609094084,4.117302151729456,35.87832549276027,44.58018413750278
57.5,-145.0,1998.0,174.0,175.2,3.98,33.789,87.7,74.88,39.34,2.74,26.826,468.51120000000003,512.4000000000001,3.9699009169240633,33.9579021044833,3.975058486385897,35.94772267570511,44.65552774488128
57.5,-145.0,1998.0,198.0,200.3,3.91,33.842,72.3,81.9,40.41,2.82,26.875,463.4688,509.4,3.8982434475707803,34.01247841744704,3.902827749682318,36.00101643066478,44.71149357155468
57.5,-145.0,1998.0,248.0,250.8,3.83,33.906,52.6,88.54,42.07,2.93,26.935,459.8376,506.75000000000006,3.81485436328762,34.07802798755794,3.8187588672042687,36.06457589380648,44.778140616866494
57.5,-145.0,1998.0,295.0,297.5,3.81,33.969,46.0,92.92,42.17,2.94,26.987,454.2056,501.7,3.7916125517632393,34.14261793211064,3.794866571230401,36.1182349597982,44.83197349512329
57.5,-145.0,1998.0,2.0,2.3,9.76,32.449,302.7,10.75,5.28,0.79,25.000999999999998,353.81039999999996,425.15,9.762484309099536,32.60545385509492,9.795578849388443,33.86426021926968,42.33440388538838
57.5,-145.0,1998.0,10.0,10.4,9.71,32.451,303.7,10.75,5.37,0.8,25.011,355.6816,427.7,9.711594293368648,32.60755820266103,9.744507546780104,33.87633889272388,42.34851158996571
57.5,-145.0,1998.0,25.0,25.7,8.71,32.54,311.1,11.43,7.04,0.91,25.237,379.2472,452.15000000000003,8.709952850649096,32.69730154968216,8.738656652155003,34.146298349599874,42.658440290117596
57.5,-145.0,1998.0,50.0,50.8,5.41,32.751,310.3,22.86,14.26,1.35,25.846,448.33680000000004,519.55,5.408084080781481,32.910005683527665,5.426385993414679,34.907756212767254,43.56257284084222
57.5,-145.0,1998.0,74.0,74.9,4.79,32.876,289.7,29.01,18.66,1.53,26.015,470.3288,526.85,4.7864695474062104,33.03604864409338,4.802186903305881,35.10605832850206,43.78825918034272
57.5,-145.0,1998.0,100.0,100.7,4.58,33.288000000000004,201.2,45.7,27.54,2.05,26.365,467.7872,518.95,4.574689236554913,33.45073899688462,4.585581931995514,35.460575764281884,44.14676646188468
57.5,-145.0,1998.0,149.0,150.7,4.01,33.781,86.5,74.29,39.34,2.76,26.816,467.31120000000004,514.3,4.001563432664379,33.94875431966773,4.006831246231815,35.93577149074872,44.64217584474204
57.5,-145.0,1998.0,198.0,199.9,3.91,33.84,69.2,80.44,40.71,2.85,26.874000000000002,463.27279999999996,510.95,3.8982716470683365,34.0104473517799,3.9028761984534697,35.99943631462065,44.70994223609682
57.5,-145.0,1998.0,297.0,299.8,3.91,33.985,47.3,93.31,41.97,2.93,26.99,453.5696,501.45000000000005,3.891224500376843,34.15876253501123,3.8943240107854145,36.11559094851873,44.82423954399064
59.44,-145.0,1998.0,3.0,2.9,11.82,31.605,303.7,10.95,0.0,0.4,23.987,303.7,365.7,11.822603000787485,31.75741999284759,11.87915749540098,32.77748893644616,41.17818147274966
59.44,-145.0,1998.0,9.0,9.4,10.91,31.969,318.2,10.36,0.49,0.51,24.433000000000003,322.9432,397.25,10.911763524246558,32.12326175678662,10.957490111872598,33.254880347696826,41.68582406167434
59.44,-145.0,1998.0,25.0,24.9,8.26,32.326,309.3,12.31,5.38,0.81,25.136999999999997,361.3784,434.85,8.260023245607742,32.482311734771464,8.290988997556248,34.069171959087726,42.603222086708456
59.44,-145.0,1998.0,51.0,51.1,7.25,32.446999999999996,293.8,15.05,8.7,1.0,25.375,378.016,448.8,7.247666729698677,32.60464904053781,7.274085526137351,34.35256693695874,42.928608774332815
59.44,-145.0,1998.0,76.0,76.6,6.22,32.679,287.8,20.03,13.97,1.25,25.691999999999997,423.0296,481.55,6.215762259774723,32.83815120983129,6.236584897097768,34.71568216759124,43.33443362840967
59.44,-145.0,1998.0,100.0,100.5,6.02,32.773,,22.76,15.83,1.33,25.791999999999998,,,6.013873717115957,32.933235501281395,6.0330566404025845,34.823711325155955,43.45028111197553
59.44,-145.0,1998.0,149.0,150.8,6.22,33.599000000000004,147.1,45.01,29.19,2.09,26.42,429.65919999999994,471.04999999999995,6.209391419171133,33.7656397095976,6.218057323497295,35.43127213263779,44.03707639031472
59.44,-145.0,1998.0,199.0,200.7,5.74,33.836,121.4,53.89,33.0,2.29,26.66800000000001,440.84000000000003,476.35,5.725676239594491,34.00614141888879,5.73094414349645,35.700401257576004,44.32474422226278
59.44,-145.0,1998.0,297.0,300.1,4.89,33.9,84.8,70.38,37.87,2.62,26.81900000000001,451.3816,490.90000000000003,4.869099807649908,34.07342630093823,4.873250483859372,35.89523596483832,44.558364203778865
59.44,-145.0,1998.0,395.0,399.0,4.38,33.961999999999996,58.3,82.97,40.9,2.81,26.924,454.212,493.85,4.352726226076295,34.13791399778283,4.356046632708209,36.02781211531169,44.714508690332195
59.44,-145.0,1998.0,3.0,2.6,11.71,31.796999999999997,302.6,10.07,0.0,0.41,24.156,302.6,366.15000000000003,11.712649270824642,31.950341980034555,11.764812420138036,32.94830582744589,41.35066265136925
59.44,-145.0,1998.0,5.0,5.2,11.69,31.843000000000004,304.9,10.46,0.0,0.44,24.195999999999998,304.9,373.09999999999997,11.692333359960045,31.996598207415587,11.743474091667457,32.98791683008699,41.39044369996736
59.44,-145.0,1998.0,10.0,9.6,10.94,31.954,314.2,10.56,0.29,0.52,24.416,317.0072,394.8,10.941741044735648,32.10819203115372,10.98786711672676,33.23696186205257,41.66693556036398
59.44,-145.0,1998.0,15.0,14.8,9.83,32.147,330.4,10.56,1.08,0.58,24.753,340.8544,420.29999999999995,9.831090737678837,32.30215968554658,9.86981316959757,33.618842638910564,42.09029282751317
59.44,-145.0,1998.0,20.0,19.9,8.92,32.27,324.4,11.63,3.32,0.69,24.994,356.5376,431.34999999999997,8.920524538324834,32.4257864206958,8.954304569639813,33.8971668356055,42.40424409769503
59.44,-145.0,1998.0,31.0,31.3,7.97,32.336999999999996,305.9,12.7,5.77,0.84,25.188000000000002,361.75359999999995,436.09999999999997,7.96941369010599,32.49368128270047,7.999394634534561,34.13326284273421,42.67955433872066
59.44,-145.0,1998.0,41.0,41.2,7.65,32.388000000000005,300.8,13.58,6.74,0.89,25.273000000000003,366.0432,438.75,7.648508899913365,32.54528275583107,7.676838553283527,34.23307454630526,42.792475136221356
59.44,-145.0,1998.0,50.0,50.4,7.13,32.467,292.0,15.34,9.67,1.03,25.406999999999996,385.6056,451.65,7.127755636484474,32.62473617917759,7.153586306080092,34.38982240423502,42.97085236332441
59.44,-145.0,1998.0,60.0,60.4,6.5,32.613,285.1,18.17,12.8,1.18,25.605,409.004,468.0,6.497035156096988,32.7715894952322,6.519349138375579,34.615379715963854,43.222386802436404
59.44,-145.0,1998.0,80.0,80.9,6.1,32.729,277.6,21.69,14.95,1.3,25.747,422.31600000000003,479.1,6.0954545273431275,32.88850728266972,6.1153768928641155,34.775236510495006,43.39873098547673
59.44,-145.0,1998.0,99.0,100.2,6.06,32.888000000000005,254.9,26.18,17.68,1.47,25.877,426.0424,482.75,6.053867934679885,33.04878987382763,6.071650639745568,34.90589885383952,43.52898928360719
59.44,-145.0,1998.0,124.0,124.9,6.43,33.354,183.0,36.43,24.9,1.86,26.2,424.032,471.3,6.421478582388525,33.51807873965844,6.433649035607169,35.20330228982061,43.80308836605377
59.44,-145.0,1998.0,148.0,149.7,6.39,33.705999999999996,149.0,43.93,29.09,2.07,26.483,430.5912,469.84999999999997,6.379307573611496,33.87311210924113,6.386671766246569,35.484140649801475,44.08077807422865
59.44,-145.0,1998.0,172.0,173.8,6.09,33.819,130.9,50.96,31.63,2.22,26.61,437.0784,475.0,6.07751712003701,33.98769791605153,6.083186907224608,35.62543888115624,44.23403600591064
59.44,-145.0,1998.0,198.0,199.6,5.91,33.875,112.6,54.86,33.29,2.34,26.677,434.84719999999993,475.29999999999995,5.8955286651638845,34.04528106511356,5.900370389088547,35.70141297331861,44.31744463188761
59.44,-145.0,1998.0,248.0,250.1,5.06,33.863,103.7,64.92,35.92,2.51,26.769000000000002,451.4056,492.74999999999994,5.042718266614568,34.03484526264728,5.0473744471140565,35.837026698924774,44.492566255847805
59.44,-145.0,1998.0,298.0,300.9,4.71,33.907,80.8,73.02,38.46,2.69,26.843000000000004,453.0928,497.75,4.68942531226575,34.08048430175773,4.6934545605565905,35.92974747240578,44.60125502248593
59.44,-145.0,1998.0,398.0,401.9,4.33,33.971,54.6,84.53,41.19,2.85,26.936,453.31919999999997,496.35,4.302649098366954,34.14701612072612,4.305867179912634,36.04274078052708,44.73170252336786
55.0,-145.0,1999.0,5.0,4.8,12.11,32.729,269.91,21.4,11.008,1.02,24.805999999999997,376.46744,428.01,12.112542901661623,32.88687995881025,12.146612244139458,33.568800150670995,41.94394244624414
55.0,-145.0,1999.0,10.0,10.4,12.08,32.751,269.91,21.88,11.203,1.05,24.82800000000001,378.35504000000003,432.66,12.081831647536099,32.909038312061014,12.115350916110103,33.59258316419505,41.968587328702824
55.0,-145.0,1999.0,25.0,24.8,9.74,32.786,286.99,22.76,11.909,1.1,25.268,402.26912000000004,457.49,9.740051444668442,32.94422458638814,9.767028321152614,34.12728476376674,42.59378388236678
55.0,-145.0,1999.0,50.0,50.0,4.93,32.941,303.78,28.91,17.305999999999994,1.51,26.051,471.30207999999993,537.8299999999999,4.928245403736115,33.10055885431286,4.943490056013894,35.13324680948017,43.80778756980044
55.0,-145.0,1999.0,75.0,75.3,4.06,33.111,278.11,37.21,22.906999999999996,1.81,26.278000000000002,499.84975999999995,558.6600000000001,4.056728565670691,33.2719225225916,4.068855909719931,35.402481265659844,44.11625107924624
55.0,-145.0,1999.0,100.0,100.8,4.18,33.533,165.79,55.65,31.99,2.34,26.601999999999997,475.4531999999999,528.49,4.174906447712235,33.69694160759304,4.182841260014598,35.71381818331042,44.415563989845396
55.0,-145.0,1999.0,149.0,150.8,4.39,33.827,89.84100000000002,71.85,38.39,2.69,26.814,461.4562,506.791,4.381167327502849,33.99568529453047,4.386077464457765,35.913129655449666,44.600553835076425
55.0,-145.0,1999.0,198.0,200.3,4.16,33.878,70.059,80.04,40.479,2.84,26.879,461.89572,510.259,4.147883682638051,34.04936940998678,4.152154825657785,35.991208775336645,44.6890496281751
55.0,-145.0,1999.0,247.0,249.6,4.02,33.929,53.268,86.39,41.778999999999996,2.95,26.934,457.68872,510.51800000000003,4.004588056800871,34.101269061113925,4.008289587995232,36.05360198573999,44.757601393016785
55.0,-145.0,1999.0,299.0,301.6,4.0,33.99,43.522,91.94,41.974,2.98,26.985,449.83032,505.42199999999997,3.9808956838877445,34.16384875106958,3.9839480032514776,36.10578891834439,44.810010053895894
57.49,-145.01,1999.0,2.0,1.8,12.39,32.126999999999995,276.67,7.72,0.0,0.33,24.285999999999998,276.67,327.82000000000005,12.392884881867323,32.2818946153283,12.44066267120508,33.04632361231529,41.4188157498636
57.49,-145.01,1999.0,9.0,9.2,12.27,32.138000000000005,275.89,8.99,0.60416,0.38,24.318,281.7382688,334.78999999999996,12.271927292769128,32.29303439975815,12.319038967111894,33.08236611198231,41.45921591348406
57.49,-145.01,1999.0,24.0,24.6,7.02,32.287,247.23,21.31,15.708,1.38,25.28,399.28344,461.13,7.020060163504338,32.4430327899398,7.048186656180011,34.26969579485012,42.85804158519409
57.49,-145.01,1999.0,52.0,52.0,6.36,32.571,257.75,24.43,16.312,1.41,25.59,415.65016,476.29999999999995,6.357781968255168,32.7291512459338,6.380348443009017,34.60708020110246,43.220963784626065
57.49,-145.01,1999.0,76.0,76.8,6.04,32.724000000000004,255.53,26.18,17.009,1.44,25.75,420.17712,478.73,6.035818686069827,32.8833486250923,6.055687262902091,34.781503204187175,43.40778773706006
57.49,-145.01,1999.0,99.0,100.2,5.83,33.014,224.27,33.02,20.91,1.66,26.006,426.6788,481.57000000000005,5.823997051024604,33.17538669024417,5.8397870655651,35.042801687000065,43.67457466948463
57.49,-145.01,1999.0,150.0,151.5,6.13,33.685,126.99,51.74,31.396,2.25,26.499000000000002,430.90328,475.74,6.119407599496221,33.85232132118489,6.1268712758892,35.51379282149742,44.12242529930268
57.49,-145.01,1999.0,198.0,199.9,5.67,33.84,106.34,60.33,34.683,2.44,26.679000000000002,442.07143999999994,484.53999999999996,5.655837539273027,34.010451697691934,5.661022962396957,35.71564089430899,44.34312180954862
57.49,-145.01,1999.0,249.0,251.8,4.99,33.883,82.314,73.02,38.185,2.67,26.79300000000001,451.9448,496.164,4.972702307703113,34.054937702135405,4.977105647119403,35.864038684635716,44.522567105954295
57.49,-145.01,1999.0,297.0,300.2,4.53,33.919000000000004,64.558,83.36,40.284,2.82,26.873,454.50712,501.65799999999996,4.50986596885529,34.092438679388046,4.513727479608285,35.96771313370368,44.64757293066418
57.49,-145.01,1999.0,393.0,397.2,4.2,34.008,41.881,101.12,42.783,2.97,26.979,456.02044,502.231,4.17336718778547,34.18401923102137,4.176191877107849,36.091642070884745,44.78626965564786
57.9,-146.9,1999.0,2.0,1.6,12.59,31.74,274.93,6.26,0.0,0.23,23.948,274.93,310.58,12.592887803270035,31.892797469771946,12.649779437707863,32.70579066882533,41.0758727292332
57.9,-146.9,1999.0,10.0,10.4,12.59,31.739,275.7,6.26,0.0,0.25,23.948,275.7,314.45,12.591751297386542,31.891909759810762,12.64865554925645,32.70538006986203,41.07551563632683
57.9,-146.9,1999.0,25.0,25.0,8.54,32.186,260.84,14.66,9.6051,1.02,24.986,353.817368,418.93999999999994,8.539998600036853,32.34136790189391,8.574028748778096,33.907234974448784,42.43138847752493
57.9,-146.9,1999.0,50.0,50.0,6.69,32.411,256.69,22.18,15.411,1.38,25.421999999999997,405.86848,470.59,6.687879233876434,32.56824223891468,6.713393706165946,34.425269950653046,43.026615255938395
57.9,-146.9,1999.0,76.0,76.5,6.27,32.580999999999996,256.5,24.23,16.404,1.45,25.609,415.29071999999996,481.25,6.26575200900761,32.7396734524775,6.2879660381653695,34.631179377581475,43.24907408649278
57.9,-146.9,1999.0,99.0,99.8,5.98,32.760999999999996,251.87,26.77,17.51,1.47,25.787,421.3668,479.72,5.973955821243284,32.921225342211315,5.993213124409258,34.82128575908905,43.44984990721218
57.9,-146.9,1999.0,149.0,150.7,6.11,33.271,186.34,38.48,24.596,1.92,26.175,424.42928,483.93999999999994,6.0995529544863505,33.43632027251506,6.112402448497056,35.196654267900385,43.81212379321596
57.9,-146.9,1999.0,199.0,200.9,6.09,33.657,133.36,49.21,30.894000000000002,2.27,26.483,432.41392,485.21000000000004,6.075220614917417,33.82671214501008,6.082972888277143,35.50175450401639,44.11275226966495
57.9,-146.9,1999.0,249.0,251.0,5.72,33.836,104.7,59.45,34.591,2.49,26.67,439.54088,490.65000000000003,5.701489411395221,34.00813686638161,5.706707681290948,35.70607478889838,44.3314971337752
57.9,-146.9,1999.0,297.0,299.9,5.09,33.873000000000005,87.719,69.11,37.489000000000004,2.68,26.774,450.61252,503.119,5.068694390541885,34.046683079130005,5.073206580565952,35.8419117502599,44.4960647181681
57.9,-146.9,1999.0,397.0,401.1,4.43,33.949,56.742,84.82,41.185,2.92,26.908,455.4128,509.342,4.402425197286127,34.125224405386476,4.405885969056379,36.010141022753714,44.694647074712066
59.44,-145.0,1999.0,1.0,1.2,12.42,31.561,271.45,7.92,0.0,0.33,23.842,271.45,322.6,12.422892349305952,31.71318550876216,12.482920676157248,32.60867932992096,40.987380876643556
59.44,-145.0,1999.0,10.0,10.2,12.39,31.614,270.3,8.12,0.0,0.35,23.888,270.3,324.55,12.391747220642827,31.766557905659504,12.45050404692205,32.65620127870693,41.035374446387095
59.44,-145.0,1999.0,25.0,25.5,12.2,32.022,262.09,9.68,1.5053,0.47,24.241,276.661304,334.93999999999994,12.19984022357217,32.17687259706391,12.24914495895627,33.01071322502844,41.391753795545355
59.44,-145.0,1999.0,51.0,51.3,8.3,32.122,226.68,23.36,15.217,1.37,24.971999999999998,373.98055999999997,439.03000000000003,8.297413400612935,32.27807281161013,8.331708315795316,33.905625405981255,42.440908888780086
59.44,-145.0,1999.0,73.0,74.0,7.31,32.207,235.85,23.95,16.415,1.46,25.179000000000002,394.7472,462.15,7.305560331837617,32.36380860800535,7.335602593390309,34.15708000282939,42.733967590516386
59.44,-145.0,1999.0,98.0,98.9,6.93,32.383,233.82,26.19,17.408,1.5,25.368000000000002,402.32944,466.32,6.923495865681415,32.54128725023709,6.949971606743439,34.36255565520946,42.95379176217307
59.44,-145.0,1999.0,148.0,149.2,6.05,33.121,206.99,35.16,22.6,1.78,26.063000000000002,425.75800000000004,482.89,6.039758922674471,33.28518568505425,6.054475075207789,35.09051458312683,43.71086149847929
59.44,-145.0,1999.0,198.0,200.1,6.05,33.805,115.22,52.81,32.891,2.34,26.604,433.60488,477.91999999999996,6.035311321560009,33.97495480427932,6.041118401055901,35.62296543500929,44.23365542459919
59.44,-145.0,1999.0,247.0,249.2,5.48,33.866,93.79799999999999,63.45,35.686,2.54,26.72300000000001,439.23848,487.498,5.462050978882955,34.03783239211154,5.466812129470255,35.769593336440494,44.40559784110701
59.44,-145.0,1999.0,297.0,300.5,5.08,33.9,79.419,69.99,37.88800000000001,2.69,26.796999999999997,446.1748400000001,496.36899999999997,5.058657209371499,34.073437393687136,5.062856261094849,35.864247137295706,44.51848099501353
59.44,-145.0,1999.0,396.0,399.8,4.5,33.958,57.224,81.51,40.684,2.86,26.908,451.04511999999994,500.52399999999994,4.472312354546155,34.133908584828994,4.475689890879749,36.00580076209644,44.686843067972404
59.83,-145.0,1999.0,49.0,49.7,12.72,30.726999999999997,260.94,5.28,0.39936,0.33,23.14,264.8058048,312.09000000000003,12.71657224018284,30.87628765071466,12.79597961813267,31.90806286682323,40.286643105385565
59.83,-145.0,1999.0,74.0,74.7,11.42,31.781999999999996,248.01,10.85,5.0074,0.67,24.199,296.481632,351.86,11.413880788895803,31.936742783321957,11.465138034963946,33.003969127158825,41.417927085972906
59.83,-145.0,1999.0,100.0,100.5,7.83,32.037,255.15,15.74,12.012,1.17,24.97300000000001,371.42616,436.5,7.822836307857514,32.19364211976793,7.8569456535715165,33.93089212064888,42.487661227767376
59.83,-145.0,1999.0,149.0,150.1,6.03,32.83,221.66,31.36,20.808000000000003,1.69,25.836,423.08144000000004,483.61,6.019743692161314,32.99276922128217,6.038166024718579,34.868589472500844,43.49403814494485
59.83,-145.0,1999.0,188.0,190.1,5.65,33.699,98.334,61.7,34.089,2.61,26.57,428.31552,502.88399999999996,5.636705546099591,33.86786896584598,5.6436514848368065,35.60885281325636,44.23926148475243
55.00100000000001,-145.0,2006.0,6.0,5.7,11.09,32.444,273.08,16.22,10.26,1.1,24.77,372.3968,443.58,11.092274814656319,32.60051382782084,11.129284821111252,33.57857664571702,41.99622304628019
55.00100000000001,-145.0,2006.0,26.0,26.5,11.09,32.441,263.32,15.93,10.36,1.1,24.769000000000002,363.60479999999995,433.82,11.089793311808833,32.59755260191315,11.126849471492436,33.57686758455816,41.994649040830154
55.00100000000001,-145.0,2006.0,50.0,50.5,5.68,32.681,303.73,22.86,14.36,1.43,25.76,442.7348,525.38,5.678050470831467,32.83931015025126,5.697744649771406,34.80823489186537,43.45156335904312
55.00100000000001,-145.0,2006.0,76.0,76.7,4.82,32.772,294.46,27.36,17.88,1.61,25.93,467.53839999999997,544.01,4.8163295881449235,32.93131613947631,4.833253921079652,35.02029099132142,43.70261080159321
55.00100000000001,-145.0,2006.0,99.0,100.4,4.76,33.214,229.16,37.21,24.12,1.92,26.287,462.64160000000004,526.76,4.754607740088581,33.37636680467583,4.766521837060832,35.37441620198274,44.05313941315217
55.00100000000001,-145.0,2006.0,149.0,150.0,4.82,33.75,118.97,57.79,33.49,2.48,26.706,443.15319999999997,503.37,4.810810332624569,33.91824516537515,4.816732990363344,35.78462571579644,44.45276316193895
55.00100000000001,-145.0,2006.0,199.0,201.3,4.61,33.848,81.301,68.43,37.19,2.72,26.807,441.30019999999996,502.901,4.597188428512728,34.0192617921717,4.601896332183224,35.89713161864893,44.57390883790026
55.00100000000001,-145.0,2006.0,299.0,301.9,4.32,33.958,41.675,85.12,41.09,2.99,26.926,439.42620000000005,505.12500000000006,4.300181975906133,34.13169257756736,4.303591795145765,36.03124879144275,44.72055301028354
54.96,-144.96,1991.0,1.0,1.0,9.15,32.46,278.04,15.83,9.19,1.05,25.107,366.99920000000003,440.79,9.152528181063191,32.616547693522584,9.183752211738849,33.99670915138495,42.49158713375505
54.96,-144.96,1991.0,10.0,10.0,9.16,32.451,277.84,15.64,8.99,1.07,25.09800000000001,364.8632,443.69,9.161585171052824,32.60759079516709,9.19298433023295,33.98805138525199,42.48267797212657
54.96,-144.96,1991.0,20.0,20.0,9.16,32.448,277.84,15.64,10.94,1.07,25.096,383.7392,443.69,9.16053534029442,32.60461429370584,9.191979989814728,33.98598869475336,42.480699055810646
54.96,-144.96,1991.0,30.0,30.0,9.17,32.449,278.14,11.34,16.12,1.07,25.095,434.1816,443.99,9.169484037147985,32.60557174807984,9.200934424144064,33.98492565474976,42.47925450795765
54.96,-144.96,1991.0,50.0,50.0,9.14,32.45,277.74,15.64,17.0,1.07,25.101,442.3,443.59000000000003,9.13738326005091,32.60717580285156,9.168714241569631,33.99258719677755,42.488217186689326
54.96,-144.96,1991.0,74.0,75.0,4.25,32.398,247.54,30.0,20.52,1.97,25.691999999999997,446.17359999999996,552.89,4.2466952532484505,32.55544407946071,4.266392087009058,34.81822581789129,43.53341950533354
54.96,-144.96,1991.0,98.0,99.0,3.83,33.394,178.35,54.1,31.74,2.43,26.526,485.5932,555.0,3.8252493213975134,33.5571874398941,3.834295876096516,35.658826439422455,44.37963347467917
54.96,-144.96,1991.0,123.0,124.0,3.96,33.545,146.18,59.66,34.76,2.58,26.634,482.6568,546.08,3.9534695473809918,33.710431700424344,3.961103787813723,35.75827828683964,44.47055401495777
54.96,-144.96,1991.0,148.0,149.0,3.85,33.784,80.14399999999998,56.52,39.93,2.92,26.835,466.66639999999995,532.7439999999999,3.8418396365894143,33.952344549718724,3.8470165876995344,35.96294072370097,44.67705693214248
54.96,-144.96,1991.0,172.0,174.0,3.76,33.83,66.12899999999999,56.72,41.1,2.96,26.881,463.977,524.929,3.750238990154004,33.99994533407005,3.754915507121918,36.01375538305956,44.73163509855431
54.96,-144.96,1991.0,197.0,199.0,3.89,33.889,45.599,54.08,43.05,3.11,26.915,462.3229999999999,527.649,3.878349660278577,34.060367900835004,3.8824548747954193,36.041207142763824,44.751940950824746
54.96,-144.96,1991.0,247.0,249.0,3.85,33.964,30.201999999999998,52.61,43.92,3.18,26.979,455.3476,523.1020000000001,3.8349239090526526,34.13643064854127,3.838256662310925,36.10684752103293,44.81856630369339
55.0,-145.0,1992.0,1.0,1.0,4.36,32.664,322.0,28.236,17.49,,25.892,491.30319999999995,,4.361687706000464,32.82152948827439,4.378928876897641,35.006669830464034,43.71235693583708
55.0,-145.0,1992.0,10.0,10.0,4.37,32.665,322.3,28.236,17.68,,25.892,493.4424,,4.371079940576734,32.822621755648875,4.388326041304166,35.006064662756444,43.711282900650076
55.0,-145.0,1992.0,20.0,20.0,4.36,32.667,321.5,28.236,17.68,,25.895,492.64239999999995,,4.36040059971856,32.824670601714374,4.377601406584538,35.00930224054537,43.715005164663125
55.0,-145.0,1992.0,30.0,30.0,4.1,32.665,322.0,28.236,17.68,,25.919,493.14239999999995,,4.09973100542967,32.822618644916695,4.116432487576242,35.047632743589475,43.765990979042954
55.0,-145.0,1992.0,51.0,51.0,4.01,32.666,317.4,28.898000000000003,18.17,,25.929000000000002,493.2856,,4.008361663512815,32.82424788151032,4.024860619056426,35.062723458770506,43.78550902378856
55.0,-145.0,1992.0,75.0,76.0,4.0,32.67,315.7,28.801,18.08,,25.934,490.71439999999996,,3.9967220498195566,32.8287939696954,4.013146312301209,35.06800460084446,43.79129077804669
55.0,-145.0,1992.0,101.0,102.0,4.01,32.995,242.2,40.302,25.3,,26.191,487.104,,4.00497123666705,33.1563798656513,4.018168520475166,35.32076367010245,44.03876950397489
55.0,-145.0,1992.0,126.0,127.0,3.94,33.631,112.3,66.028,36.91,,26.704,469.5888,,3.9332717437320404,33.7970513674672,3.94003149146732,35.82854653598497,44.540518039652625
55.0,-145.0,1992.0,151.0,152.0,4.01,33.825,63.6,76.176,40.9,,26.851999999999997,459.512,,4.001466429809089,33.99374265909796,4.00628084533822,35.97067914693571,44.67642144040133
55.0,-145.0,1992.0,176.0,178.0,3.98,33.882,44.3,81.683,42.37,,26.9,454.4416,,3.9696874423050503,34.05239818560862,3.973896496190841,36.0210539809741,44.72746828585014
55.0,-145.0,1992.0,201.0,203.0,3.94,33.92,31.6,85.85799999999998,43.63,,26.935,453.93840000000006,,3.927994067053098,34.09166941799658,3.931795035102171,36.05790830054707,44.765764343309
55.0,-145.0,1992.0,252.0,254.0,3.94,33.986,24.2,91.462,43.83,,26.988000000000003,448.47439999999995,,3.924402842595893,34.15863710436595,3.927519274017366,36.11041456641283,44.81745252548876
55.0,-145.0,1990.0,0.0,0.0,6.73,32.781,317.05,28.43,15.63,1.47,25.706999999999997,468.3484,544.9,6.732232614190848,32.93908399651946,6.752789135821057,34.70259844300517,43.29670571503334
55.0,-145.0,1990.0,10.0,10.1,6.74,32.782,317.24,28.72,15.63,1.48,25.706999999999997,468.5384,546.64,6.741357800574565,32.94018672101287,6.761914889945522,34.701819041193176,43.29550446185999
55.0,-145.0,1990.0,21.0,21.2,6.59,32.781,317.73,28.43,15.63,1.48,25.726,469.02840000000003,547.13,6.5903888166330225,32.93921573986335,6.610653672526145,34.727902308075045,43.328340202901245
55.0,-145.0,1990.0,31.0,31.3,5.6,32.806999999999995,332.2,29.02,16.12,1.5,25.869,488.2416,564.7,5.599575097829941,32.96535647540646,5.617582840024904,34.918632584598754,43.5637642607669
55.0,-145.0,1990.0,51.0,51.5,4.9,32.832,321.77,29.99,17.98,1.64,25.968000000000004,495.8164,575.97,4.898140064543333,32.99106264196971,4.914558032610118,35.0534160213806,43.73098271832805
55.0,-145.0,1990.0,75.0,75.7,3.93,32.896,302.58,33.21,21.39,1.79,26.12,509.6352,580.03,3.926762493360996,33.055886088370904,3.940834184147375,35.25464731771626,43.97796471584638
55.0,-145.0,1990.0,101.0,102.0,3.81,33.236,226.81,46.19,28.62,2.27,26.403000000000002,503.8516,578.6600000000001,3.8050762541405403,33.39855860629751,3.815639998026817,35.53877562877642,44.262934761113456
55.0,-145.0,1990.0,126.0,127.2,4.05,33.658,125.26,63.75,37.1,2.73,26.715,484.388,548.41,4.043164663994495,33.82419861022534,4.049713201707968,35.832786606897116,44.539020319287374
55.0,-145.0,1990.0,152.0,153.5,4.0,33.794000000000004,84.03399999999998,73.02,39.83,2.92,26.82800000000001,469.5884,536.6339999999999,3.991378125030073,33.962667942036305,3.996501526450613,35.94812596668112,44.65481803309808
55.0,-145.0,1990.0,177.0,178.8,4.03,33.854,64.747,77.9,41.49,3.01,26.873,466.3702,531.2969999999999,4.019576222982579,34.02429290758436,4.024079311704358,35.99159080152822,44.69600333121184
55.0,-145.0,1990.0,202.0,204.0,3.92,33.874,58.351000000000006,81.32,42.07,3.07,26.9,465.5886,534.201,3.9079649313104983,34.045448482747695,3.9122226117628753,36.025112091985875,44.73462716083077
55.0,-145.0,1990.0,253.0,255.6,3.9,33.961,35.129,89.8,43.44,3.14,26.971999999999998,455.6282,521.8290000000001,3.8843725133884823,34.13355012350398,3.8877356641886025,36.09707334992504,44.806428571419474
54.365,-149.2,1993.0,3.0,2.6,8.2456,32.531,307.6,27.548000000000002,12.67,1.23,25.3,430.2456,498.25,8.2478278742334,32.68777830208289,8.275521681825651,34.22884820887248,42.76057961639913
54.365,-149.2,1993.0,29.0,29.4,7.0535,32.562,313.6,28.283,13.41,1.28,25.491999999999997,443.40880000000004,512.0,7.053151352015155,32.718850978462925,7.077471029298095,34.47564508053006,43.0586376004012
54.365,-149.2,1993.0,54.0,55.0,4.811,32.619,319.9,29.018,15.28,1.42,25.809,467.81039999999996,540.0,4.808904333755565,32.77709235224193,4.82751795797393,34.902190543288725,43.58712618578943
54.365,-149.2,1993.0,79.0,80.0,3.8142,32.676,306.7,30.37,17.97,1.56,25.956,480.64959999999996,548.5,3.810741399508531,32.835258145825854,3.8267381154292566,35.10087678706236,43.83317230005014
54.365,-149.2,1993.0,103.0,104.4,3.875,32.988,242.7,41.297,24.26,1.94,26.199,477.53679999999997,543.4,3.8698980304677533,33.150040507783274,3.8829548768698463,35.33623167703104,44.060925612148594
54.365,-149.2,1993.0,129.0,130.1,4.1326,33.438,152.6,58.673,32.83,2.46,26.531999999999996,470.3944,533.9,4.125523326464047,33.60417063610274,4.134357927569379,35.64952581485613,44.35503201503775
54.365,-149.2,1993.0,154.0,155.0,4.1435,33.693000000000005,101.6,70.423,37.7,2.75,26.733,466.53600000000006,527.85,4.134642187496125,33.86241693396621,4.140840676869639,35.84832182231753,44.54956484226523
54.365,-149.2,1993.0,179.0,180.8,4.0795,33.773,81.7,75.94,39.53,2.87,26.803,464.3504,526.5500000000001,4.0688921427163125,33.94405172592871,4.074222375145346,35.92176952699674,44.62498306424277
54.365,-149.2,1993.0,205.0,206.7,4.0091,33.83,63.2,81.036,41.15,2.96,26.855999999999998,461.532,522.0,3.996759289888012,34.00242137552379,4.001468101349708,35.978135889625264,44.68397857089303
54.365,-149.2,1993.0,254.0,256.3,3.9266,33.927,35.7,90.51299999999999,43.38,3.1,26.941999999999997,455.6184,516.2,3.910885879053156,34.100413910309335,3.914580888333616,36.067312290585505,44.77587050000875
54.365,-149.2,1993.0,304.0,307.4,3.8928,33.99,25.1,97.285,43.98,3.15,26.996,450.8264,513.35,3.8735214410677705,34.16496986215209,3.876555741076755,36.12311217307115,44.832529519602986
54.52,-148.38,1993.0,2.0,1.7,8.4986,32.541,306.6,27.195,12.45,1.23,25.27,427.116,497.25,8.500958841307662,32.697870668078735,8.529128994231542,34.18761055701793,42.708507796257436
54.52,-148.38,1993.0,28.0,28.7,5.852,32.585,320.2,28.371,14.16,1.35,25.663,457.2688,529.45,5.851757526583167,32.74199882421568,5.873030650088812,34.703905466579045,43.3406420493136
54.52,-148.38,1993.0,54.0,54.2,4.0961,32.631,315.6,29.546999999999997,16.36,1.49,25.893,473.9648,546.55,4.094231331732435,32.78910264750353,4.111249331098601,35.02248950677631,43.741614313386435
54.52,-148.38,1993.0,79.0,79.6,3.7647,32.775,284.7,34.476,20.29,1.7,26.04,481.1072,548.2,3.761284833738087,32.934683516993545,3.776240399796902,35.18537295075316,43.91861124250295
54.52,-148.38,1993.0,103.0,104.2,4.0129,33.128,213.4,46.922,27.09,2.1,26.296999999999997,475.63120000000004,538.9,4.007710879482007,33.29066688695639,4.019578457169111,35.42447689635128,44.14035198327679
54.52,-148.38,1993.0,128.0,129.7,4.1598,33.467,147.6,60.417,33.42,2.49,26.552,471.1056,533.5500000000001,4.1527244456735675,33.6331815463187,4.1612862911625905,35.66782291098639,44.371584141068524
54.52,-148.38,1993.0,154.0,155.3,4.172,33.669000000000004,108.4,69.306,37.11,2.71,26.711,467.62479999999994,528.45,4.163095501923774,33.83821266942268,4.169556505882276,35.82515497188456,44.52538233227824
54.52,-148.38,1993.0,179.0,180.2,4.0199,33.796,75.8,78.42,40.17,2.91,26.82800000000001,464.6456,526.85,4.009403438359696,33.96705431966619,4.01448037452448,35.948762287381214,44.654515795626594
54.52,-148.38,1993.0,204.0,205.7,3.9773,33.858000000000004,54.5,84.398,41.91,3.01,26.881999999999998,460.18879999999996,521.05,3.9650681662697544,34.03043194990729,3.9694877545738065,36.004724693597154,44.71168920299124
54.52,-148.38,1993.0,229.0,231.3,3.9562,33.907,39.9,88.906,43.04,3.08,26.923000000000002,456.52719999999994,517.3000000000001,3.942195978423154,34.079925702428376,3.946107720332373,36.04662446725365,44.75396552096595
54.52,-148.38,1993.0,253.0,255.7,3.9486,33.941,33.0,92.169,43.58,3.12,26.951,454.8544,516.6,3.932882599621024,34.114386978222655,3.9364411142085585,36.074786353619174,44.782068857109834
54.673,-147.55,1993.0,2.0,2.2,8.5799,32.547,305.1,27.734,12.66,1.24,25.263,427.64880000000005,497.3,8.582222616036322,32.70393128673446,8.61049953001551,34.17640101634197,42.69380052059
54.673,-147.55,1993.0,29.0,29.6,7.2748,32.579,313.3,28.469,13.5,1.3,25.476,443.98,514.8,7.2744249010383895,32.73599407575323,7.299018765290306,34.44852973022762,43.02155366035936
54.673,-147.55,1993.0,54.0,54.9,4.5322,32.625,320.5,29.41,15.49,1.42,25.843000000000004,470.4432,540.6,4.530179035590119,32.78309254945072,4.548149826263696,34.95074291521064,43.64889617074891
54.673,-147.55,1993.0,79.0,80.2,3.9386,32.727,300.8,31.605,18.56,1.59,25.985,480.4608,547.25,3.935070299671686,32.88642324264837,3.9508104092618135,35.12197133343898,43.847410021659016
54.673,-147.55,1993.0,104.0,105.1,3.9171,33.012,241.8,42.091,24.41,1.94,26.214000000000002,478.0888,542.5,3.911922477924112,33.174057444262814,3.924807206334557,35.34853851494972,44.0708198208863
54.673,-147.55,1993.0,130.0,130.8,4.0891,33.464,150.1,60.053999999999995,33.07,2.45,26.555999999999997,470.21759999999995,529.85,4.082008483472983,33.630093542367575,4.090543590610929,35.67631307336433,44.383541881453766
54.673,-147.55,1993.0,154.0,155.8,4.1003,33.691,105.3,70.74600000000002,37.32,2.71,26.736,466.5576,525.35,4.091431747006322,33.86012920517829,4.0976322411113975,35.85322050832269,44.55658579798205
54.673,-147.55,1993.0,179.0,180.9,4.0093,33.805,73.0,79.36,40.21,2.89,26.836,462.2328,520.95,3.998765979022753,33.97593125835414,4.003749937957327,35.957280650990924,44.66341827178758
54.673,-147.55,1993.0,204.0,206.2,3.9262,33.858000000000004,54.5,84.868,41.82,2.99,26.886999999999997,459.31759999999997,517.95,3.9140074919256853,34.0302143703819,3.9184171735197766,36.01237015273273,44.721817645913006
54.673,-147.55,1993.0,229.0,231.5,3.9277,33.906,40.6,89.131,42.79,3.06,26.925,454.8072,514.9,3.9137294082617364,34.0787250095893,3.917648467562102,36.050049398727424,44.758790881020786
54.673,-147.55,1993.0,255.0,257.1,3.9156,33.941,32.6,92.76700000000001,43.39,3.09,26.954,452.6152,511.55,3.8998451885123013,34.11424426339281,3.903401035957977,36.07973043511879,44.78861999381911
54.673,-147.55,1993.0,280.0,282.3,3.8909,33.966,28.6,95.579,43.71,3.11,26.976999999999997,451.7128,510.65,3.8734107254815533,34.13998898059184,3.8767006453356383,36.10374422882023,44.813537396576976
54.673,-147.55,1993.0,304.0,307.1,3.9075,33.99,26.4,97.34299999999999,43.71,3.12,26.994,449.51279999999997,510.0,3.8882095219678536,34.16470478886475,3.8912472628199377,36.120662757127775,44.829369855343884
54.826,-146.74,1993.0,3.0,2.6,9.1407,32.554,303.1,25.176,11.76,1.16,25.182,416.9368,482.9,9.143070106200103,32.71097425523732,9.17266036304798,34.070740776909815,42.564725953518746
54.826,-146.74,1993.0,30.0,30.7,7.7333,32.571,311.3,24.881999999999998,12.31,1.2,25.405,430.4608,497.3,7.732799735107499,32.728047470009045,7.758599238520533,34.357492455580996,42.91070169753198
54.826,-146.74,1993.0,55.0,55.5,4.9998,32.618,316.1,26.039,14.66,1.37,25.787,458.0088,528.45,4.997621730351685,32.77608812709905,5.016641674476357,34.87123787435394,43.547248895063376
54.826,-146.74,1993.0,80.0,81.1,4.1943,32.678000000000004,308.4,28.234,17.02,1.5,25.921,473.1536,540.9,4.190596941051947,32.83715886458673,4.207317217981263,35.04506613218905,43.75879579487423
54.826,-146.74,1993.0,105.0,106.4,4.1023,33.033,240.7,40.611,25.12,2.05,26.212,483.86159999999995,558.45,4.096912457469742,33.19510646081163,4.109857004245384,35.3368007395145,44.04976043402371
54.826,-146.74,1993.0,130.0,131.2,4.0973,33.49,154.5,59.211999999999996,33.06,2.44,26.576,474.5208,532.7,4.090170600671296,33.656043039781466,4.098449476169192,35.69517842141158,44.401627285437826
54.826,-146.74,1993.0,155.0,156.4,4.0503,33.718,101.4,71.383,37.95,2.74,26.763,468.756,526.1,4.0414379494327735,33.886994292249256,4.04734249604149,35.881749580744554,44.58713684532927
54.826,-146.74,1993.0,180.0,181.7,3.9474,33.803000000000004,73.5,78.763,40.38,2.89,26.84,464.3784,521.45,3.9368884898218526,33.97367717411535,3.9418753131129436,35.96501163351445,44.6741858800965
54.826,-146.74,1993.0,206.0,207.5,3.8884,33.848,55.7,83.65299999999998,41.76,2.99,26.88300000000001,459.93679999999995,519.1500000000001,3.8761752436825154,34.019892787045194,3.8806779637001068,36.01013411539475,44.721574979271736
54.826,-146.74,1993.0,256.0,258.0,3.7815,33.924,34.4,92.92399999999999,43.59,3.09,26.954,456.3512,513.35,3.7659385093617948,34.09693387974382,3.769648613388621,36.08666717383039,44.802337528178214
54.826,-146.74,1993.0,305.0,308.4,3.7695,33.977,28.8,98.225,43.76,3.11,26.998,452.3968,510.84999999999997,3.750436033906554,34.151430719339146,3.7535980016776658,36.1313175091243,44.84693483046249
54.986999999999995,-145.91,1993.0,2.0,1.8,9.2281,32.538000000000004,303.2,25.529,11.76,1.16,25.156,417.03679999999997,483.0,9.230566004171017,32.69490240225412,9.260658045664668,34.040879856951506,42.531483756171156
54.986999999999995,-145.91,1993.0,24.0,23.9,7.7929999999999975,32.558,312.0,26.068,12.58,1.21,25.386999999999997,433.7744,499.54999999999995,7.793141071648237,32.715089062068266,7.819284049683109,34.33622663261622,42.88701524709677
54.986999999999995,-145.91,1993.0,49.0,49.0,4.4916,32.621,313.7,27.205,15.57,1.43,25.844,464.4176,535.3499999999999,4.489998296794911,32.77896242949625,4.507931442560053,34.95381019392653,43.65395273761965
54.986999999999995,-145.91,1993.0,74.0,74.5,4.0246,32.71,294.0,30.555999999999997,18.71,1.6,25.963,475.1128,542.0,4.02140956261149,32.869012164698574,4.037485714062441,35.09546112186035,43.816943664698556
54.986999999999995,-145.91,1993.0,99.0,99.6,4.14,33.086,220.7,43.79600000000001,26.1,2.04,26.25,473.34799999999996,536.9,4.135046549822034,33.247833848226605,4.14751511204456,35.37184104166545,44.08216827369711
54.986999999999995,-145.91,1993.0,124.0,124.7,4.0984,33.614000000000004,112.9,67.316,36.77,2.67,26.675,468.83360000000005,526.75,4.091703130389092,33.77998407691978,4.0987278038739365,35.791037011488925,44.49557544092022
54.986999999999995,-145.91,1993.0,149.0,150.2,4.0157,33.771,80.6,76.322,39.75,2.87,26.808000000000003,465.38,525.45,4.007293902686849,33.939626134670014,4.012655617497169,35.927812228512266,44.6340740536923
54.986999999999995,-145.91,1993.0,173.0,175.0,3.9829,33.806,69.8,79.468,40.74,2.93,26.84,464.1632,523.95,3.972807835695138,33.97610503574142,3.977783728378828,35.96139670407001,44.668790755775035
54.986999999999995,-145.91,1993.0,199.0,200.9,3.9233,33.865,48.8,85.25,42.41,3.03,26.893,459.32879999999994,518.4499999999999,3.911477476874946,34.0365815589416,3.915824962820548,36.01769618660819,44.72717207254891
54.986999999999995,-145.91,1993.0,249.0,251.1,3.8418,33.929,33.7,92.45299999999999,43.63,3.1,26.951999999999998,456.0384,514.2,3.826604324882275,34.10154983796442,3.8302790720086666,36.081044602855854,44.793687006251275
54.986999999999995,-145.91,1993.0,299.0,302.3,3.8035,33.984,28.1,98.441,43.91,3.13,27.0,453.1488,513.25,3.784783935703315,34.15809525339245,3.787884365413801,36.13128418783958,44.845125764314844
55.138999999999996,-145.06,1993.0,3.0,2.8,9.4535,32.53,305.0,24.912,11.22,1.13,25.114,413.6096,480.15,9.455893586758132,32.68689578493773,9.486716025390395,33.9891645134021,42.47065408787148
55.138999999999996,-145.06,1993.0,31.0,31.2,7.3855,32.542,315.8,25.039,12.37,1.21,25.430999999999997,435.5416,503.35,7.384970628876993,32.699094356260936,7.410363314037264,34.399902235180434,42.9686102092453
55.138999999999996,-145.06,1993.0,56.0,56.8,4.9304,32.622,316.6,26.774,14.96,1.39,25.799,461.41280000000006,532.05,4.928144048549147,32.78017501565317,4.946972104651962,34.885549109071235,43.56478483586557
55.138999999999996,-145.06,1993.0,81.0,82.2,4.1505,32.745,293.8,31.105,18.96,1.61,25.979,477.3328,543.35,4.146739921910128,32.90440733732636,4.162697391317563,35.10387451289944,43.81873315294911
55.138999999999996,-145.06,1993.0,107.0,107.6,4.1735,33.148,217.3,45.06,26.69,2.06,26.296,475.6592,536.6,4.167973363475755,33.31047423842676,4.179847831318572,35.41534135072493,44.123145073855994
55.138999999999996,-145.06,1993.0,131.0,132.6,4.1444,33.508,135.4,61.828,34.64,2.54,26.586,470.7152,529.1,4.137131024702721,33.673819057427416,4.1452649789117,35.70172977880884,44.405643182049516
55.138999999999996,-145.06,1993.0,156.0,157.8,4.043,33.705999999999996,93.7,71.785,38.64,2.77,26.754,467.73519999999996,523.0500000000001,4.034050663292048,33.87443147151451,4.040078405016627,35.87314266301382,44.57907399144028
55.138999999999996,-145.06,1993.0,181.0,182.9,3.9694,33.809,65.4,79.939,41.12,2.93,26.843000000000004,463.4416,519.5500000000001,3.95877640589598,33.97921608993066,3.9637144661251096,35.96595960493369,44.67398867069642
55.138999999999996,-145.06,1993.0,206.0,208.4,3.9634,33.873000000000005,46.5,85.29899999999998,42.61,3.02,26.895,458.96479999999997,514.6,3.9509960896503715,34.04447713560206,3.9552713130307846,36.01777627003048,44.725215488095955
55.138999999999996,-145.06,1993.0,256.0,258.8,3.9289,33.938,30.1,91.65899999999999,43.78,3.1,26.95,453.8904,510.6,3.913001847574263,34.11052433348313,3.916596008417415,36.07483278398922,44.78313819424443
54.3498,-149.1389,2015.0,3.0,3.1,9.7827,32.5183,295.0,28.05,12.23,1.2546,25.050494198560052,413.3864,489.46299999999997,9.785108253290401,32.6750297079538,9.817020603324254,33.91265820736817,42.38095379872425
54.3498,-149.1389,2015.0,25.0,25.1,8.5151,32.5061,306.4,28.6518,12.72,1.2852,25.240191331499318,429.52959999999996,505.606,8.51511406154366,32.66278663096845,8.54388159175669,34.15800857859563,42.67879242859749
54.3498,-149.1389,2015.0,50.0,50.1,5.8212,32.6728,275.5,34.4352,18.79,1.632,25.73618286252213,457.3872,528.46,5.8192533066839065,32.830987346365,5.839343002587182,34.77802313981056,43.41497063569
54.3498,-149.1389,2015.0,74.0,75.1,4.7978,33.1008,195.2,50.1942,28.27,2.1726,26.192669935370983,468.8536,531.953,4.794245843198562,33.2619004637487,4.807483126293542,35.27952435843213,43.95804484875089
54.3498,-149.1389,2015.0,99.0,100.2,4.3644,33.4058,133.6,62.4546,34.43,2.5296,26.4813351112075,466.88239999999996,525.688,4.359246357331775,33.5696059907801,4.368655261853445,35.58649178450014,44.28124326114971
54.3498,-149.1389,2015.0,121.0,122.3,4.114,33.5801,100.7,69.7272,37.75,2.7336,26.64593999468889,466.12,524.408,4.107460528282087,33.74635588288122,4.114837596786172,35.762537143523105,44.466811196658
54.3498,-149.1389,2015.0,173.0,174.8,3.889,33.845,44.4,85.37400000000002,42.83,3.0396,26.87978568121025,458.9943999999999,515.538,3.879026502897892,34.01613029689364,3.8835771086725677,36.006778832445434,44.71813632816975
54.3498,-149.1389,2015.0,223.0,225.0,3.8349,33.9563,21.4,95.5332,44.19,3.111,26.97411957743793,449.15919999999994,503.605,3.8215175357426885,34.129522648434786,3.824924171397528,36.10352519126877,44.815999397861106
54.55,-148.0583,2015.0,3.0,2.6,10.2697,32.5404,291.1,25.1532,12.53,1.275,24.986776914916163,412.3904,488.725,10.27223780174004,32.697302455573094,10.305066351931455,33.82802072205391,42.276521834778805
54.55,-148.0583,2015.0,33.0,33.2,8.2535,32.5608,310.0,30.8448,14.78,1.4178,25.32209092971425,453.07039999999995,529.759,8.252724395288451,32.717775490682335,8.279948834041775,34.25087938432739,42.781989530383726
54.55,-148.0583,2015.0,58.0,58.8,5.9359,32.6764,287.1,35.241,18.79,1.6626,25.72524739734559,468.98720000000003,544.8030000000001,5.933225042309483,32.834861694170456,5.953501729863047,34.76166312765986,43.39332977404115
54.55,-148.0583,2015.0,83.0,83.4,4.9862,33.1099,163.5,53.1828,29.64,2.295,26.17915608936164,450.41519999999997,519.2249999999999,4.981950904465892,33.27138576404974,4.9953414503691285,35.25666004921118,43.9261711363049
54.55,-148.0583,2015.0,107.0,108.1,4.1124,33.65,82.7,73.5114,39.8,2.8968,26.70157763584143,467.96399999999994,531.704,4.1068352988238175,33.81548829758381,4.113512509650249,35.816231288115205,44.51951182413313
54.55,-148.0583,2015.0,141.0,142.2,3.9209,33.8454,39.8,85.06800000000001,43.41,3.1212,26.876676159848557,460.00879999999995,523.586,3.9131241921882234,34.01450523972721,3.917709550396472,36.000314706026984,44.71003734394071
54.55,-148.0583,2015.0,199.0,200.4,3.8869,33.9678,20.1,95.6352,44.48,3.1722,26.977895733752803,450.66639999999995,511.79100000000005,3.8751376089830116,34.14064173778064,3.8784461033022035,36.10398334730439,44.81368161725686
54.75100000000001,-146.9775,2015.0,3.0,2.9,10.4623,32.6026,290.2,30.243,13.9,1.3362,25.002553344788794,424.75199999999995,497.31100000000004,10.464839102746991,32.7598115602945,10.497018120057753,33.834842578621874,42.27489141232331
54.75100000000001,-146.9775,2015.0,20.0,20.2,10.2228,32.6015,304.2,30.549,14.29,1.3872000000000002,25.04266138397566,442.5272,519.216,10.223348234586506,32.75881582178176,10.254901133346667,33.88517853397889,42.33480275769284
54.75100000000001,-146.9775,2015.0,29.0,29.6,8.2075,32.6006,312.4,,,,25.360021865238195,,,8.20708388397483,32.75774353084125,8.233566905924388,34.29025906702668,42.822754713988616
54.75100000000001,-146.9775,2015.0,29.0,29.7,8.2146,32.6035,312.5,,,,25.361254428093616,,,8.214173933883504,32.760655722769236,8.24062811039691,34.291127894854526,42.82328228029087
54.75100000000001,-146.9775,2015.0,42.0,42.1,6.5102,32.6344,313.8,31.2426,16.54,1.5096,25.62024914859171,473.9072,547.788,6.508796040954743,32.792155107912016,6.530865373307907,34.62913802415483,43.2353239501349
54.75100000000001,-146.9775,2015.0,59.0,60.0,5.8968,32.6578,299.7,,,,25.715307444219214,,,5.894038521677832,32.816201497365654,5.914467140408754,34.753944166229076,43.38767361792725
54.75100000000001,-146.9775,2015.0,59.0,60.0,5.8976,32.6583,299.7,,,,25.71560563687581,,,5.894838300683142,32.816703922536625,5.9152623074906225,34.75419562070624,43.38788119507058
54.75100000000001,-146.9775,2015.0,66.0,67.0,5.714,32.7518,281.5,36.1284,19.96,1.7238,25.811615681487414,474.7128,548.6890000000001,5.710733315263642,32.910855686018635,5.729611212277857,34.85793343694991,43.49872209479031
54.75100000000001,-146.9775,2015.0,89.0,89.5,3.949,33.4578,142.3,,,,26.56514131498875,,,3.9448113566417895,33.621155305334966,3.95333559276251,35.69034758522048,44.404370557182574
54.75100000000001,-146.9775,2015.0,89.0,89.5,3.95,33.4585,142.3,,,,26.56559813346098,,,3.945810798076782,33.6218587230347,3.9543288802900496,35.69074115839612,44.404705032625316
54.75100000000001,-146.9775,2015.0,91.0,91.8,3.8791,33.5277,137.0,65.4432,35.6,2.6316,26.627732608625593,481.608,544.898,3.8747902519201807,33.69150083397756,3.8825656069656183,35.75554969009181,44.47193796059946
54.75100000000001,-146.9775,2015.0,116.0,117.5,3.5849,33.6601,109.9,73.1136,38.14,2.7642,26.762043850174,479.0952,538.351,3.5790772287644637,33.82607229633148,3.585369003643607,35.90442016484235,44.63328833904097
54.75100000000001,-146.9775,2015.0,129.0,130.1,3.5527,33.7,99.4,,,,26.79699431820768,,,3.5460802842048498,33.867065974598745,3.5519669303358024,35.941164010307375,44.67104389595693
54.75100000000001,-146.9775,2015.0,130.0,130.8,3.5525,33.6999,99.4,,,,26.79693817260773,,,3.545835027331501,33.86702122497329,3.5517217715176588,35.94116572619737,44.6710583719796
54.75100000000001,-146.9775,2015.0,156.0,157.9,3.5571,33.7608,78.6,81.7836,40.68,2.9274,26.8451825088398,472.38239999999996,532.347,3.5486538236367475,33.930183654133266,3.5539397910876107,35.989804284783304,44.7186139247824
54.75100000000001,-146.9775,2015.0,168.0,169.7,3.5747,33.7844,73.6,,,,26.862366785410586,,,3.565454482279292,33.95449904172273,3.570513387422666,36.00618830818371,44.73380777397415
54.75100000000001,-146.9775,2015.0,168.0,169.8,3.5746,33.7844,73.6,,,,26.86237704131463,,,3.5653480120497343,33.95450410089553,3.5704068047205197,36.006208105078485,44.733832734956195
54.75100000000001,-146.9775,2015.0,216.0,218.4,3.6513,33.8616,47.8,,,,26.91676308720048,,,3.6386859877858497,34.03377387508308,3.6429964467952036,36.05680630757615,44.77964509490789
54.75100000000001,-146.9775,2015.0,216.0,218.4,3.6516,33.8618,47.9,,,,26.91689319101829,,,3.638985463051412,34.03397489201007,3.6432940636387237,36.05691748799609,44.77973858551195
54.75100000000001,-146.9775,2015.0,224.0,225.9,3.6546,33.8655,47.3,90.1578,42.92,3.06,26.919597516762682,462.7656,521.6,3.641473536617135,34.037775912179086,3.6457440415326814,36.059496103508764,44.782138560789235
54.75100000000001,-146.9775,2015.0,277.0,280.2,3.7212,33.9527,28.2,,,,26.98289088099523,,,3.7042112489809726,34.126400260641475,3.707621891056724,36.1188705164775,44.837119505755254
54.75100000000001,-146.9775,2015.0,278.0,280.3,3.7212,33.9522,28.1,,,,26.98249341972837,,,3.7042045350527846,34.125900163409646,3.7076199811710726,36.1184832885865,44.83674005621401
54.75100000000001,-146.9775,2015.0,297.0,300.1,3.7214,33.9694,26.1,99.2256,44.19,3.1314,26.996305309715808,453.8592,511.46700000000004,3.7030255931023497,34.14367563278262,3.7062629115474244,36.13246192956262,44.85051193547247
54.9505,-145.8936,2015.0,3.0,2.9,11.0115,32.5779,285.9,27.1524,13.11,1.3056,24.887922274934677,412.8048,488.26800000000003,11.01411404203396,32.73500781505259,11.048262500583272,33.6978344333545,42.11673927119864
54.9505,-145.8936,2015.0,25.0,25.3,9.1166,32.593,304.4,29.6514,13.9,1.3362,25.215960202760698,438.952,511.51099999999997,9.116591177716165,32.750244232081236,9.145440282114734,34.10605249433661,42.60059567274675
54.9505,-145.8936,2015.0,50.0,50.2,6.2657,32.6125,301.5,29.9472,16.44,1.5096,25.634022169378113,460.6392,535.488,6.26365363315111,32.77044698451429,6.285468229528471,34.65524033004158,43.27278982959092
54.9505,-145.8936,2015.0,74.0,75.0,5.2502,32.939,244.9,39.525,23.09,1.8768,26.013908318913987,468.4112,535.804,5.246476688828982,33.09913334752244,5.262254852055597,35.08043078830656,43.74003836444513
54.9505,-145.8936,2015.0,99.0,100.1,4.0849,33.5132,151.0,60.1494,33.74,2.4786,26.595562238984485,477.6032,535.183,4.07991355697283,33.67714262804122,4.087980094846117,35.713112270598,44.419744749419806
54.9505,-145.8936,2015.0,124.0,125.0,3.8053,33.6267,126.4,67.4322,36.38,2.6316,26.7140408679777,478.5584,534.298,3.7988163364334406,33.792769300270734,3.805542527543355,35.845623369000805,44.56421332552486
54.9505,-145.8936,2015.0,173.0,175.1,3.7073,33.7456,95.8,76.5,38.82,2.7846,26.818644759892322,471.5776,527.413,3.6975460490202288,33.91541674497892,3.7030219804253757,35.956077313326205,44.67779522064802
54.9505,-145.8936,2015.0,248.0,250.3,3.6356,33.8557,49.8,89.1582,42.73,3.0294000000000003,26.913799369197697,463.42639999999994,519.3570000000001,3.620858382053026,34.02786519420225,3.625211858614555,36.05489100591171,44.778693249440266
54.9505,-145.8936,2015.0,323.0,325.9,3.6943,33.9581,28.9,97.9302,43.7,3.1008,26.99014164393293,451.916,509.524,3.674199597302563,34.132566734889245,3.6775344050359076,36.12818277858946,44.84780952246183
55.16,-144.8109,2015.0,2.0,2.0,10.9797,32.5146,286.9,18.4722,10.37,1.122,24.844253866436247,387.28159999999997,460.81,10.98240834283422,32.67142200438258,11.017710868985235,33.656378888656036,42.07734909645342
55.16,-144.8109,2015.0,33.0,33.6,7.8979,32.3935,309.4,13.3824,8.81,1.0302,25.242456495109767,394.6808,469.081,7.8971020223888635,32.54999500759984,7.926022722493456,34.19008385647521,42.738696359176174
55.16,-144.8109,2015.0,58.0,58.6,7.1967,32.5475,304.6,19.2678,12.23,1.2342,25.46149672406568,422.9864,495.901,7.193700903279243,32.70535332309772,7.21853801568217,34.439749626624234,43.016744965660564
55.16,-144.8109,2015.0,83.0,83.4,6.2021,32.7742,262.2,26.6526,18.2,1.5606,25.76993456876676,438.376,504.09299999999996,6.197298876899284,32.93377471870224,6.216839656670915,34.7925327596472,43.41075375901141
55.16,-144.8109,2015.0,107.0,108.2,5.2694,33.2043,202.8,40.3104,26.41,2.0196,26.222073933975487,458.4488,515.838,5.263099181779349,33.36704915863176,5.275755107100805,35.284660251613786,43.93959930803749
55.16,-144.8109,2015.0,141.0,142.5,4.7845,33.5211,161.4,51.7752,31.3,2.3052,26.528033976794404,464.384,518.706,4.775940959584923,33.68760087298809,4.784418708588669,35.61179881381099,44.2849548850711
55.16,-144.8109,2015.0,198.0,200.4,4.368,33.7685,102.2,68.5236,37.16,2.6724,26.769833283432718,461.9087999999999,516.422,4.355612306775689,33.93922509808161,4.361096318043028,35.873410104735285,44.56288991678184
55.16,-144.8109,2015.0,272.0,275.1,4.0876,33.8941,57.2,83.9766,41.16,2.9274,26.899428781886396,455.62879999999996,510.947,4.0702516616868065,34.066738421444,4.074306437732809,36.01670014207957,44.718033550092514
55.16,-144.8109,2015.0,347.0,350.2,3.9695,33.9744,40.7,92.7384,42.53,2.9988,26.97588975909366,452.3904,505.514,3.946979177023617,34.14918365099172,3.950161972125843,36.099624382338106,44.805708163216195
