21,30.018,33.189,204.06,-16.633,-4.1731,0.29534,30.108,181.83,77.986,-99.504,30.048
21.01,29.833,33.143,204.4,-16.325,-4.1109,0.29292,29.924,178.96,77.676,-99.883,29.863
21.02,29.65,33.099,204.74,-16.02,-4.0494,0.29055,29.742,176.11,77.368,-100.26,29.679
21.03,29.468,33.055,205.08,-15.719,-3.9885,0.28821,29.561,173.3,77.062,-100.63,29.497
21.04,29.289,33.011,205.42,-15.42,-3.9283,0.28591,29.382,170.52,76.759,-101,29.318
21.05,29.112,32.969,205.75,-15.125,-3.8686,0.28365,29.205,167.77,76.459,-101.37,29.14
21.06,28.936,32.926,206.08,-14.833,-3.8096,0.28143,29.03,165.04,76.161,-101.73,28.964
21.07,28.762,32.885,206.41,-14.544,-3.7513,0.27924,28.857,162.35,75.865,-102.09,28.789
21.08,28.59,32.844,206.74,-14.258,-3.6935,0.27709,28.685,159.69,75.572,-102.44,28.617
21.09,28.42,32.803,207.07,-13.976,-3.6364,0.27498,28.515,157.05,75.281,-102.79,28.446
21.1,28.252,32.763,207.4,-13.697,-3.5798,0.2729,28.347,154.45,74.993,-103.14,28.277
21.11,28.085,32.724,207.72,-13.42,-3.5239,0.27086,28.181,151.87,74.707,-103.49,28.11
21.12,27.92,32.685,208.04,-13.147,-3.4686,0.26886,28.017,149.33,74.424,-103.83,27.945
21.13,27.757,32.647,208.36,-12.877,-3.4139,0.26689,27.854,146.81,74.143,-104.17,27.782
21.14,27.596,32.609,208.68,-12.61,-3.3598,0.26496,27.694,144.32,73.864,-104.51,27.62
21.15,27.437,32.572,209,-12.346,-3.3063,0.26307,27.535,141.86,73.587,-104.84,27.46
21.16,27.279,32.535,209.31,-12.085,-3.2533,0.26121,27.377,139.43,73.313,-105.17,27.302
21.17,27.123,32.499,209.62,-11.828,-3.201,0.25939,27.222,137.02,73.042,-105.5,27.146
21.18,26.969,32.464,209.94,-11.573,-3.1493,0.2576,27.068,134.65,72.772,-105.82,26.991
21.19,26.816,32.429,210.25,-11.321,-3.0981,0.25584,26.916,132.3,72.505,-106.14,26.838
21.2,26.665,32.394,210.55,-11.072,-3.0475,0.25412,26.765,129.98,72.241,-106.46,26.687
21.21,26.516,32.36,210.86,-10.826,-2.9975,0.25244,26.616,127.69,71.978,-106.77,26.537
21.22,26.369,32.327,211.17,-10.583,-2.9481,0.25079,26.469,125.42,71.718,-107.08,26.39
21.23,26.223,32.294,211.47,-10.343,-2.8992,0.24917,26.324,123.18,71.46,-107.39,26.243
21.24,26.079,32.262,211.77,-10.106,-2.8509,0.24759,26.18,120.97,71.204,-107.69,26.099
21.25,25.936,32.23,212.07,-9.8715,-2.8031,0.24604,26.038,118.78,70.951,-107.99,25.956
21.26,25.795,32.199,212.37,-9.64,-2.756,0.24453,25.898,116.63,70.699,-108.29,25.815
21.27,25.656,32.168,212.67,-9.4114,-2.7093,0.24305,25.759,114.49,70.45,-108.59,25.675
21.28,25.519,32.138,212.96,-9.1857,-2.6633,0.2416,25.621,112.39,70.203,-108.88,25.538
21.29,25.383,32.108,213.25,-8.9627,-2.6177,0.24018,25.486,110.31,69.959,-109.17,25.401
21.3,25.249,32.079,213.55,-8.7426,-2.5728,0.2388,25.352,108.26,69.716,-109.46,25.267
21.31,25.116,32.05,213.84,-8.5252,-2.5283,0.23745,25.219,106.23,69.476,-109.74,25.134
21.32,24.985,32.022,214.13,-8.3106,-2.4844,0.23613,25.089,104.23,69.237,-110.02,25.002
21.33,24.855,31.994,214.41,-8.0988,-2.4411,0.23485,24.959,102.26,69.001,-110.3,24.872
21.34,24.727,31.967,214.7,-7.8897,-2.3982,0.23359,24.832,100.31,68.767,-110.58,24.744
21.35,24.601,31.941,214.98,-7.6833,-2.3559,0.23237,24.705,98.381,68.535,-110.85,24.617
21.36,24.476,31.914,215.27,-7.4796,-2.3142,0.23118,24.581,96.481,68.305,-111.12,24.492
21.37,24.353,31.889,215.55,-7.2785,-2.2729,0.23002,24.458,94.607,68.078,-111.39,24.369
21.38,24.231,31.863,215.83,-7.0802,-2.2322,0.2289,24.336,92.757,67.852,-111.65,24.246
21.39,24.111,31.838,216.11,-6.8844,-2.192,0.2278,24.216,90.932,67.628,-111.91,24.126
21.4,23.992,31.814,216.38,-6.6914,-2.1523,0.22673,24.098,89.132,67.406,-112.17,24.007
21.41,23.875,31.79,216.66,-6.5009,-2.1131,0.2257,23.981,87.355,67.187,-112.42,23.889
21.42,23.759,31.767,216.93,-6.313,-2.0744,0.22469,23.865,85.603,66.969,-112.68,23.773
21.43,23.645,31.744,217.21,-6.1277,-2.0362,0.22372,23.751,83.875,66.753,-112.93,23.659
21.44,23.532,31.722,217.48,-5.945,-1.9985,0.22278,23.639,82.171,66.54,-113.18,23.546
21.45,23.421,31.7,217.75,-5.7648,-1.9613,0.22186,23.527,80.491,66.328,-113.42,23.434
21.46,23.311,31.678,218.01,-5.5871,-1.9247,0.22098,23.418,78.834,66.118,-113.66,23.324
21.47,23.202,31.657,218.28,-5.4119,-1.8885,0.22012,23.309,77.201,65.91,-113.9,23.215
21.48,23.095,31.637,218.55,-5.2393,-1.8527,0.21929,23.203,75.59,65.705,-114.14,23.108
21.49,22.99,31.616,218.81,-5.0691,-1.8175,0.21849,23.097,74.003,65.501,-114.37,23.002
21.5,22.886,31.597,219.07,-4.9013,-1.7827,0.21773,22.993,72.439,65.299,-114.61,22.898
21.51,22.783,31.577,219.33,-4.736,-1.7485,0.21699,22.891,70.898,65.098,-114.84,22.795
21.52,22.682,31.559,219.59,-4.5732,-1.7147,0.21627,22.789,69.379,64.9,-115.06,22.693
21.53,22.582,31.54,219.85,-4.4127,-1.6813,0.21559,22.69,67.882,64.704,-115.29,22.593
21.54,22.483,31.522,220.11,-4.2547,-1.6485,0.21493,22.591,66.408,64.509,-115.51,22.494
21.55,22.386,31.505,220.37,-4.099,-1.6161,0.21431,22.494,64.956,64.316,-115.73,22.397
21.56,22.29,31.488,220.62,-3.9456,-1.5841,0.21371,22.398,63.526,64.125,-115.94,22.301
21.57,22.195,31.471,220.87,-3.7946,-1.5526,0.21313,22.304,62.118,63.936,-116.16,22.206
21.58,22.102,31.455,221.13,-3.646,-1.5216,0.21259,22.211,60.732,63.749,-116.37,22.112
21.59,22.01,31.439,221.38,-3.4996,-1.491,0.21207,22.119,59.367,63.563,-116.58,22.02
21.6,21.92,31.424,221.63,-3.3555,-1.4609,0.21158,22.028,58.023,63.379,-116.79,21.93
21.61,21.831,31.409,221.87,-3.2137,-1.4312,0.21111,21.939,56.7,63.197,-116.99,21.84
21.62,21.743,31.394,222.12,-3.0742,-1.4019,0.21067,21.851,55.399,63.017,-117.19,21.752
21.63,21.656,31.38,222.37,-2.9368,-1.3731,0.21026,21.765,54.118,62.838,-117.39,21.665
21.64,21.571,31.366,222.61,-2.8018,-1.3447,0.20987,21.68,52.858,62.661,-117.59,21.579
21.65,21.487,31.353,222.85,-2.6689,-1.3168,0.20951,21.595,51.619,62.486,-117.79,21.495
21.66,21.404,31.34,223.1,-2.5382,-1.2892,0.20918,21.513,50.4,62.313,-117.98,21.412
21.67,21.322,31.327,223.34,-2.4096,-1.2621,0.20887,21.431,49.201,62.141,-118.17,21.33
21.68,21.242,31.315,223.58,-2.2833,-1.2354,0.20858,21.351,48.022,61.971,-118.36,21.25
21.69,21.163,31.303,223.82,-2.159,-1.2092,0.20832,21.272,46.864,61.802,-118.54,21.17
21.7,21.085,31.292,224.05,-2.0369,-1.1833,0.20809,21.194,45.724,61.635,-118.73,21.092
21.71,21.008,31.28,224.29,-1.9169,-1.1579,0.20788,21.117,44.605,61.47,-118.91,21.015
21.72,20.933,31.27,224.52,-1.799,-1.1328,0.20769,21.042,43.505,61.307,-119.09,20.94
21.73,20.858,31.26,224.76,-1.6831,-1.1082,0.20753,20.967,42.424,61.145,-119.27,20.865
21.74,20.785,31.25,224.99,-1.5693,-1.084,0.20739,20.894,41.363,60.984,-119.44,20.792
21.75,20.713,31.24,225.22,-1.4575,-1.0601,0.20728,20.822,40.32,60.825,-119.62,20.72
21.76,20.642,31.231,225.45,-1.3477,-1.0367,0.20719,20.751,39.296,60.668,-119.79,20.649
21.77,20.573,31.222,225.68,-1.24,-1.0136,0.20712,20.682,38.291,60.512,-119.96,20.579
21.78,20.504,31.214,225.91,-1.1342,-0.99095,0.20708,20.613,37.304,60.358,-120.12,20.51
21.79,20.437,31.205,226.13,-1.0304,-0.96866,0.20706,20.546,36.336,60.205,-120.29,20.443
21.8,20.371,31.198,226.36,-0.92853,-0.94676,0.20706,20.479,35.386,60.054,-120.45,20.376
21.81,20.305,31.19,226.59,-0.8286,-0.92523,0.20708,20.414,34.453,59.904,-120.61,20.311
21.82,20.241,31.183,226.81,-0.73059,-0.90408,0.20713,20.35,33.539,59.756,-120.77,20.247
21.83,20.178,31.177,227.03,-0.63447,-0.8833,0.2072,20.287,32.642,59.609,-120.93,20.184
21.84,20.117,31.17,227.25,-0.54024,-0.86288,0.20729,20.225,31.763,59.464,-121.08,20.122
21.85,20.056,31.164,227.47,-0.44787,-0.84283,0.20741,20.164,30.901,59.32,-121.23,20.061
21.86,19.996,31.158,227.69,-0.35735,-0.82314,0.20754,20.105,30.057,59.178,-121.39,20.001
21.87,19.937,31.153,227.91,-0.26865,-0.8038,0.2077,20.046,29.229,59.036,-121.53,19.942
21.88,19.88,31.148,228.13,-0.18177,-0.78482,0.20788,19.988,28.419,58.897,-121.68,19.884
21.89,19.823,31.143,228.35,-0.096693,-0.76619,0.20807,19.931,27.625,58.759,-121.83,19.828
21.9,19.768,31.139,228.56,-0.01339,-0.74791,0.20829,19.876,26.848,58.622,-121.97,19.772
21.91,19.713,31.135,228.77,0.068151,-0.72997,0.20853,19.821,26.087,58.486,-122.11,19.717
21.92,19.659,31.131,228.99,0.14795,-0.71237,0.20879,19.767,25.342,58.352,-122.25,19.664
21.93,19.607,31.128,229.2,0.22601,-0.69511,0.20908,19.715,24.614,58.219,-122.39,19.611
21.94,19.555,31.124,229.41,0.30237,-0.67818,0.20938,19.663,23.901,58.088,-122.52,19.559
21.95,19.505,31.122,229.62,0.37703,-0.66159,0.2097,19.612,23.205,57.957,-122.66,19.509
21.96,19.455,31.119,229.83,0.45001,-0.64532,0.21004,19.563,22.524,57.829,-122.79,19.459
21.97,19.406,31.117,230.04,0.52133,-0.62937,0.2104,19.514,21.858,57.701,-122.92,19.41
21.98,19.359,31.115,230.25,0.59101,-0.61375,0.21078,19.466,21.208,57.575,-123.05,19.362
21.99,19.312,31.113,230.46,0.65907,-0.59844,0.21117,19.419,20.573,57.449,-123.18,19.315
22,19.266,31.112,230.66,0.72551,-0.58344,0.21159,19.373,19.952,57.326,-123.3,19.269
22.01,19.221,31.111,230.87,0.79036,-0.56876,0.21203,19.328,19.347,57.203,-123.43,19.224
22.02,19.177,31.11,231.07,0.85363,-0.55439,0.21248,19.284,18.757,57.082,-123.55,19.18
22.03,19.134,31.11,231.27,0.91535,-0.54031,0.21295,19.24,18.181,56.961,-123.67,19.137
22.04,19.092,31.11,231.48,0.97553,-0.52654,0.21344,19.198,17.619,56.842,-123.79,19.094
22.05,19.05,31.11,231.68,1.0342,-0.51307,0.21395,19.156,17.071,56.725,-123.91,19.053
22.06,19.01,31.11,231.88,1.0913,-0.49989,0.21448,19.116,16.538,56.608,-124.02,19.012
22.07,18.97,31.111,232.08,1.147,-0.487,0.21502,19.076,16.018,56.492,-124.14,18.973
22.08,18.931,31.112,232.28,1.2011,-0.4744,0.21558,19.037,15.513,56.378,-124.25,18.934
22.09,18.893,31.113,232.48,1.2539,-0.46208,0.21616,18.999,15.02,56.265,-124.36,18.896
22.1,18.856,31.114,232.67,1.3052,-0.45005,0.21675,18.961,14.542,56.153,-124.47,18.858
22.11,18.82,31.116,232.87,1.355,-0.43829,0.21736,18.925,14.076,56.041,-124.58,18.822
22.12,18.784,31.118,233.07,1.4035,-0.4268,0.21799,18.889,13.624,55.931,-124.69,18.786
22.13,18.749,31.12,233.26,1.4505,-0.41559,0.21864,18.854,13.184,55.823,-124.79,18.752
22.14,18.715,31.122,233.45,1.4962,-0.40464,0.2193,18.82,12.758,55.715,-124.9,18.718
22.15,18.682,31.125,233.65,1.5406,-0.39396,0.21997,18.787,12.343,55.608,-125,18.684
22.16,18.65,31.128,233.84,1.5836,-0.38354,0.22066,18.754,11.942,55.502,-125.1,18.652
22.17,18.618,31.131,234.03,1.6252,-0.37338,0.22137,18.722,11.553,55.397,-125.2,18.62
22.18,18.587,31.134,234.22,1.6656,-0.36347,0.22209,18.691,11.175,55.294,-125.3,18.589
22.19,18.557,31.138,234.41,1.7047,-0.35381,0.22283,18.661,10.81,55.191,-125.39,18.559
22.2,18.528,31.142,234.6,1.7425,-0.3444,0.22358,18.631,10.457,55.089,-125.49,18.53
22.21,18.499,31.146,234.79,1.7791,-0.33524,0.22435,18.602,10.115,54.988,-125.58,18.501
22.22,18.471,31.15,234.98,1.8144,-0.32631,0.22513,18.574,9.7851,54.889,-125.68,18.473
22.23,18.444,31.155,235.17,1.8485,-0.31763,0.22592,18.546,9.4664,54.79,-125.77,18.445
22.24,18.417,31.16,235.36,1.8815,-0.30917,0.22673,18.52,9.1588,54.692,-125.86,18.419
22.25,18.391,31.165,235.54,1.9132,-0.30095,0.22756,18.493,8.8623,54.595,-125.95,18.393
22.26,18.366,31.17,235.73,1.9437,-0.29296,0.22839,18.468,8.5766,54.499,-126.04,18.368
22.27,18.342,31.175,235.91,1.9731,-0.28519,0.22924,18.443,8.3017,54.403,-126.12,18.343
22.28,18.318,31.181,236.1,2.0014,-0.27764,0.23011,18.419,8.0374,54.309,-126.21,18.319
22.29,18.294,31.186,236.28,2.0286,-0.27031,0.23098,18.395,7.7834,54.215,-126.29,18.296
22.3,18.272,31.192,236.47,2.0546,-0.2632,0.23187,18.372,7.5398,54.123,-126.38,18.273
22.31,18.25,31.199,236.65,2.0796,-0.25629,0.23278,18.35,7.3062,54.031,-126.46,18.251
22.32,18.228,31.205,236.83,2.1035,-0.2496,0.23369,18.329,7.0825,53.94,-126.54,18.23
22.33,18.208,31.212,237.01,2.1264,-0.24311,0.23462,18.307,6.8686,53.85,-126.62,18.209
22.34,18.187,31.218,237.19,2.1482,-0.23682,0.23556,18.287,6.6644,53.76,-126.7,18.188
22.35,18.168,31.225,237.37,2.169,-0.23072,0.23651,18.267,6.4696,53.672,-126.78,18.169
22.36,18.149,31.232,237.55,2.1888,-0.22483,0.23747,18.248,6.2841,53.584,-126.85,18.15
22.37,18.13,31.24,237.73,2.2077,-0.21912,0.23845,18.229,6.1077,53.497,-126.93,18.131
22.38,18.112,31.247,237.91,2.2255,-0.2136,0.23943,18.211,5.9403,53.41,-127,18.113
22.39,18.095,31.255,238.09,2.2425,-0.20827,0.24043,18.193,5.7818,53.325,-127.08,18.096
22.4,18.078,31.263,238.27,2.2585,-0.20312,0.24144,18.176,5.6319,53.24,-127.15,18.079
22.41,18.062,31.271,238.44,2.2735,-0.19814,0.24245,18.159,5.4905,53.156,-127.22,18.063
22.42,18.046,31.279,238.62,2.2877,-0.19334,0.24348,18.143,5.3575,53.072,-127.29,18.047
22.43,18.031,31.287,238.8,2.301,-0.18872,0.24452,18.128,5.2327,52.989,-127.36,18.031
22.44,18.016,31.296,238.97,2.3135,-0.18426,0.24557,18.113,5.1159,52.907,-127.43,18.017
22.45,18.001,31.304,239.15,2.3251,-0.17996,0.24663,18.098,5.007,52.826,-127.5,18.002
22.46,17.988,31.313,239.32,2.3358,-0.17583,0.2477,18.084,4.9058,52.745,-127.57,17.988
22.47,17.974,31.322,239.5,2.3458,-0.17185,0.24878,18.07,4.8121,52.665,-127.63,17.975
22.48,17.961,31.331,239.67,2.355,-0.16803,0.24987,18.057,4.7259,52.585,-127.7,17.962
22.49,17.949,31.34,239.84,2.3634,-0.16437,0.25096,18.044,4.6469,52.506,-127.76,17.95
22.5,17.937,31.349,240.02,2.371,-0.16085,0.25207,18.032,4.575,52.428,-127.83,17.938
22.51,17.925,31.359,240.19,2.3779,-0.15747,0.25318,18.02,4.51,52.35,-127.89,17.926
22.52,17.914,31.369,240.36,2.384,-0.15424,0.2543,18.008,4.4517,52.272,-127.95,17.915
22.53,17.903,31.378,240.53,2.3895,-0.15114,0.25544,17.997,4.4001,52.196,-128.01,17.904
22.54,17.893,31.388,240.7,2.3942,-0.14818,0.25657,17.986,4.355,52.119,-128.07,17.893
22.55,17.883,31.398,240.88,2.3983,-0.14535,0.25772,17.976,4.3161,52.044,-128.14,17.883
22.56,17.873,31.408,241.05,2.4017,-0.14265,0.25888,17.966,4.2834,51.969,-128.19,17.874
22.57,17.864,31.418,241.22,2.4045,-0.14008,0.26004,17.957,4.2566,51.894,-128.25,17.865
22.58,17.855,31.429,241.39,2.4067,-0.13763,0.26121,17.947,4.2357,51.82,-128.31,17.856
22.59,17.846,31.439,241.56,2.4082,-0.13529,0.26238,17.939,4.2204,51.746,-128.37,17.847
22.6,17.838,31.45,241.73,2.4092,-0.13307,0.26357,17.93,4.2106,51.673,-128.43,17.839
22.61,17.83,31.46,241.89,2.4096,-0.13096,0.26476,17.922,4.2061,51.6,-128.48,17.831
22.62,17.823,31.471,242.06,2.4094,-0.12896,0.26595,17.914,4.2069,51.527,-128.54,17.824
22.63,17.816,31.482,242.23,2.4087,-0.12707,0.26716,17.906,4.2126,51.455,-128.59,17.816
22.64,17.809,31.493,242.4,2.4075,-0.12528,0.26837,17.899,4.2233,51.384,-128.65,17.809
22.65,17.802,31.504,242.57,2.4058,-0.12358,0.26958,17.892,4.2386,51.313,-128.7,17.803
22.66,17.796,31.515,242.73,2.4035,-0.12199,0.2708,17.885,4.2585,51.242,-128.76,17.796
22.67,17.789,31.526,242.9,2.4009,-0.12048,0.27203,17.879,4.2828,51.171,-128.81,17.79
22.68,17.784,31.538,243.07,2.3977,-0.11906,0.27326,17.873,4.3113,51.101,-128.86,17.784
22.69,17.778,31.549,243.23,2.3941,-0.11773,0.2745,17.867,4.3439,51.031,-128.91,17.779
22.7,17.773,31.56,243.4,2.3901,-0.11648,0.27574,17.861,4.3804,50.962,-128.97,17.773
22.71,17.768,31.572,243.57,2.3857,-0.11531,0.27699,17.856,4.4207,50.893,-129.02,17.768
22.72,17.763,31.583,243.73,2.3809,-0.11421,0.27824,17.85,4.4645,50.824,-129.07,17.763
22.73,17.758,31.595,243.9,2.3758,-0.11318,0.27949,17.845,4.5119,50.755,-129.12,17.759
22.74,17.754,31.607,244.06,2.3702,-0.11223,0.28075,17.841,4.5624,50.687,-129.17,17.754
22.75,17.749,31.619,244.23,2.3644,-0.11134,0.28201,17.836,4.6162,50.619,-129.22,17.75
22.76,17.745,31.63,244.4,2.3582,-0.11051,0.28328,17.831,4.6728,50.551,-129.27,17.746
22.77,17.741,31.642,244.56,2.3517,-0.10974,0.28455,17.827,4.7323,50.484,-129.32,17.742
22.78,17.737,31.654,244.72,2.345,-0.10903,0.28583,17.823,4.7945,50.416,-129.37,17.738
22.79,17.734,31.666,244.89,2.338,-0.10836,0.2871,17.819,4.8591,50.349,-129.41,17.735
22.8,17.73,31.678,245.05,2.3307,-0.10775,0.28838,17.815,4.9261,50.282,-129.46,17.731
22.81,17.727,31.69,245.22,2.3232,-0.10718,0.28967,17.812,4.9952,50.216,-129.51,17.728
22.82,17.724,31.702,245.38,2.3155,-0.10666,0.29095,17.808,5.0664,50.149,-129.56,17.725
22.83,17.721,31.715,245.55,2.3076,-0.10617,0.29224,17.805,5.1394,50.083,-129.61,17.722
22.84,17.718,31.727,245.71,2.2995,-0.10572,0.29353,17.801,5.2141,50.016,-129.65,17.719
22.85,17.715,31.739,245.88,2.2912,-0.1053,0.29482,17.798,5.2904,49.95,-129.7,17.716
22.86,17.712,31.751,246.04,2.2828,-0.10491,0.29611,17.795,5.368,49.884,-129.75,17.713
22.87,17.709,31.764,246.2,2.2742,-0.10455,0.29741,17.792,5.4469,49.818,-129.79,17.71
22.88,17.707,31.776,246.37,2.2656,-0.10421,0.2987,17.789,5.5268,49.752,-129.84,17.708
22.89,17.704,31.788,246.53,2.2568,-0.10388,0.3,17.786,5.6076,49.687,-129.89,17.705
22.9,17.701,31.8,246.69,2.248,-0.10358,0.3013,17.783,5.6892,49.621,-129.94,17.702
22.91,17.699,31.813,246.86,2.2391,-0.10328,0.3026,17.78,5.7714,49.555,-129.98,17.7
22.92,17.696,31.825,247.02,2.2301,-0.103,0.3039,17.777,5.854,49.49,-130.03,17.697
22.93,17.694,31.837,247.19,2.2211,-0.10272,0.3052,17.774,5.9369,49.424,-130.07,17.695
22.94,17.691,31.85,247.35,2.2121,-0.10244,0.3065,17.771,6.0199,49.358,-130.12,17.692
22.95,17.689,31.862,247.51,2.2031,-0.10216,0.3078,17.769,6.1029,49.293,-130.17,17.69
22.96,17.686,31.874,247.68,2.1942,-0.10187,0.3091,17.766,6.1856,49.227,-130.21,17.687
22.97,17.684,31.887,247.84,2.1854,-0.10157,0.31039,17.763,6.268,49.161,-130.26,17.685
22.98,17.681,31.899,248,2.1766,-0.10123,0.31169,17.76,6.3501,49.096,-130.31,17.682
22.99,17.679,31.911,248.17,2.1681,-0.10086,0.31298,17.757,6.4317,49.03,-130.35,17.68
23,17.676,31.924,248.33,2.1599,-0.10045,0.31426,17.753,6.513,48.964,-130.4,17.677
23.01,17.673,31.936,248.5,2.1519,-0.099975,0.31554,17.75,6.5937,48.897,-130.45,17.674
23.02,17.669,31.948,248.66,2.1442,-0.099435,0.3168,17.746,6.6738,48.831,-130.5,17.67
23.03,17.666,31.96,248.83,2.137,-0.098818,0.31806,17.742,6.7534,48.764,-130.55,17.667
23.04,17.662,31.972,248.99,2.1302,-0.098114,0.31931,17.738,6.8323,48.697,-130.59,17.663
23.05,17.658,31.984,249.16,2.124,-0.09731,0.32054,17.734,6.9103,48.629,-130.64,17.659
23.06,17.653,31.995,249.32,2.1184,-0.096392,0.32176,17.729,6.9872,48.561,-130.69,17.655
23.07,17.649,32.007,249.49,2.1136,-0.095348,0.32296,17.724,7.0628,48.493,-130.74,17.65
23.08,17.643,32.018,249.65,2.1097,-0.094164,0.32415,17.718,7.1369,48.424,-130.79,17.645
23.09,17.638,32.03,249.82,2.1068,-0.092827,0.32531,17.712,7.2092,48.355,-130.85,17.639
23.1,17.631,32.041,249.99,2.1049,-0.091324,0.32646,17.706,7.2795,48.285,-130.9,17.633
23.11,17.625,32.052,250.16,2.1042,-0.089642,0.32758,17.699,7.3476,48.215,-130.95,17.626
23.12,17.617,32.063,250.33,2.1047,-0.087768,0.32868,17.691,7.4133,48.144,-131.01,17.618
23.13,17.609,32.073,250.5,2.1067,-0.085689,0.32976,17.682,7.4764,48.073,-131.06,17.61
23.14,17.601,32.084,250.67,2.1101,-0.083388,0.3308,17.673,7.5366,48.001,-131.12,17.602
23.15,17.591,32.094,250.84,2.1149,-0.080847,0.33183,17.664,7.594,47.929,-131.18,17.592
23.16,17.581,32.104,251.01,2.1213,-0.078044,0.33283,17.654,7.6486,47.856,-131.23,17.582
23.17,17.571,32.114,251.18,2.1291,-0.074958,0.3338,17.643,7.7005,47.782,-131.29,17.572
23.18,17.559,32.123,251.36,2.1383,-0.071567,0.33476,17.631,7.7497,47.708,-131.35,17.561
23.19,17.548,32.133,251.53,2.149,-0.06785,0.3357,17.619,7.7963,47.634,-131.42,17.549
23.2,17.535,32.142,251.7,2.1611,-0.063786,0.33662,17.606,7.8404,47.56,-131.48,17.536
23.21,17.522,32.151,251.87,2.1746,-0.059352,0.33752,17.593,7.882,47.485,-131.54,17.523
23.22,17.509,32.16,252.05,2.1895,-0.054528,0.33841,17.579,7.9211,47.41,-131.61,17.51
23.23,17.495,32.169,252.22,2.2058,-0.049293,0.33929,17.565,7.958,47.336,-131.67,17.496
23.24,17.48,32.177,252.39,2.2234,-0.043624,0.34016,17.55,7.9926,47.261,-131.74,17.481
23.25,17.465,32.186,252.56,2.2424,-0.0375,0.34102,17.535,8.0249,47.186,-131.81,17.466
23.26,17.45,32.194,252.73,2.2628,-0.0309,0.34188,17.519,8.0551,47.111,-131.88,17.451
23.27,17.434,32.202,252.9,2.2844,-0.023803,0.34272,17.503,8.0833,47.036,-131.95,17.435
23.28,17.417,32.21,253.07,2.3074,-0.016186,0.34357,17.486,8.1094,46.962,-132.02,17.419
23.29,17.401,32.218,253.24,2.3317,-0.0080286,0.34441,17.469,8.1335,46.888,-132.09,17.402
23.3,17.383,32.226,253.4,2.3573,0.00069056,0.34525,17.452,8.1558,46.814,-132.17,17.385
23.31,17.366,32.233,253.57,2.3841,0.0099932,0.3461,17.434,8.1763,46.74,-132.24,17.367
23.32,17.348,32.241,253.73,2.4122,0.019901,0.34694,17.416,8.195,46.667,-132.32,17.349
23.33,17.33,32.248,253.89,2.4416,0.030434,0.34779,17.397,8.2121,46.594,-132.4,17.331
23.34,17.311,32.256,254.05,2.4722,0.041615,0.34866,17.378,8.2282,46.523,-132.48,17.312
23.35,17.292,32.263,254.21,2.504,0.053467,0.34953,17.359,8.2442,46.452,-132.56,17.294
23.36,17.273,32.27,254.36,2.5369,0.066017,0.35042,17.339,8.2609,46.382,-132.64,17.274
23.37,17.253,32.277,254.52,2.5708,0.079292,0.35134,17.32,8.2795,46.314,-132.72,17.255
23.38,17.234,32.284,254.67,2.6056,0.093315,0.35228,17.3,8.3008,46.248,-132.81,17.235
23.39,17.214,32.291,254.82,2.6412,0.10811,0.35326,17.279,8.3257,46.184,-132.89,17.215
23.4,17.193,32.298,254.97,2.6775,0.12371,0.35428,17.259,8.3549,46.123,-132.97,17.195
23.41,17.173,32.304,255.12,2.7147,0.14014,0.35534,17.238,8.3886,46.064,-133.06,17.174
23.42,17.152,32.311,255.26,2.7527,0.15742,0.35644,17.217,8.4268,46.01,-133.14,17.153
23.43,17.131,32.318,255.41,2.7918,0.17558,0.3576,17.195,8.4695,45.959,-133.22,17.132
23.44,17.109,32.324,255.55,2.8319,0.19466,0.35882,17.173,8.5166,45.914,-133.3,17.11
23.45,17.086,32.33,255.7,2.8734,0.21468,0.3601,17.15,8.5679,45.873,-133.39,17.088
23.46,17.063,32.336,255.84,2.9163,0.23567,0.36145,17.127,8.6236,45.839,-133.47,17.065
23.47,17.04,32.342,255.99,2.9607,0.25767,0.36287,17.103,8.6836,45.81,-133.54,17.041
23.48,17.015,32.348,256.14,3.0068,0.28071,0.36438,17.078,8.748,45.788,-133.62,17.016
23.49,16.99,32.353,256.28,3.0548,0.30482,0.36597,17.053,8.8168,45.773,-133.69,16.991
23.5,16.964,32.358,256.43,3.1047,0.33003,0.36765,17.026,8.8899,45.766,-133.77,16.965
23.51,16.937,32.363,256.58,3.1567,0.35639,0.36943,16.999,8.9674,45.766,-133.84,16.938
23.52,16.909,32.368,256.74,3.211,0.38398,0.37132,16.971,9.0485,45.775,-133.91,16.911
23.53,16.88,32.372,256.89,3.2681,0.4129,0.37334,16.942,9.1328,45.791,-133.98,16.882
23.54,16.851,32.376,257.04,3.3281,0.44323,0.37549,16.913,9.2193,45.816,-134.05,16.852
23.55,16.82,32.38,257.2,3.3916,0.47502,0.37779,16.882,9.3074,45.85,-134.11,16.822
23.56,16.789,32.383,257.35,3.459,0.50833,0.38023,16.85,9.397,45.894,-134.17,16.79
23.57,16.756,32.387,257.5,3.5307,0.54319,0.38284,16.817,9.4877,45.947,-134.23,16.757
23.58,16.722,32.389,257.65,3.6069,0.57962,0.3856,16.783,9.5792,46.011,-134.29,16.723
23.59,16.686,32.392,257.8,3.6878,0.61765,0.38852,16.747,9.6712,46.085,-134.34,16.688
23.6,16.65,32.394,257.93,3.7734,0.65729,0.3916,16.71,9.763,46.169,-134.39,16.651
23.61,16.612,32.396,258.07,3.8637,0.6985,0.39483,16.672,9.8547,46.261,-134.43,16.614
23.62,16.573,32.397,258.2,3.9583,0.74119,0.3982,16.633,9.9463,46.361,-134.48,16.575
23.63,16.534,32.398,258.32,4.0567,0.78525,0.4017,16.594,10.038,46.467,-134.51,16.535
23.64,16.493,32.399,258.44,4.1587,0.8306,0.40532,16.553,10.13,46.578,-134.55,16.495
23.65,16.452,32.4,258.55,4.2637,0.8771,0.40906,16.512,10.223,46.693,-134.58,16.453
23.66,16.41,32.4,258.65,4.3715,0.92461,0.41291,16.47,10.317,46.81,-134.61,16.412
23.67,16.368,32.401,258.76,4.4818,0.97304,0.41687,16.427,10.412,46.928,-134.63,16.369
23.68,16.325,32.401,258.85,4.594,1.0223,0.42094,16.384,10.507,47.046,-134.66,16.327
23.69,16.282,32.401,258.94,4.7077,1.0724,0.42513,16.341,10.604,47.162,-134.68,16.284
23.7,16.24,32.402,259.02,4.8222,1.1231,0.42943,16.298,10.7,47.275,-134.69,16.241
23.71,16.197,32.402,259.1,4.9365,1.1742,0.43383,16.255,10.797,47.385,-134.71,16.198
23.72,16.154,32.402,259.18,5.0493,1.2253,0.43829,16.212,10.893,47.489,-134.72,16.156
23.73,16.111,32.403,259.26,5.159,1.2761,0.44279,16.169,10.989,47.588,-134.72,16.113
23.74,16.069,32.403,259.33,5.2646,1.3263,0.4473,16.127,11.085,47.68,-134.73,16.07
23.75,16.026,32.404,259.4,5.3653,1.3755,0.4518,16.084,11.18,47.766,-134.73,16.028
23.76,15.984,32.404,259.47,5.4607,1.4237,0.45629,16.042,11.273,47.845,-134.72,15.986
23.77,15.942,32.405,259.54,5.5506,1.4708,0.46075,16,11.366,47.916,-134.71,15.944
23.78,15.901,32.406,259.61,5.6349,1.5168,0.46519,15.958,11.456,47.981,-134.7,15.903
23.79,15.86,32.407,259.68,5.7136,1.5621,0.46961,15.917,11.546,48.039,-134.69,15.862
23.8,15.82,32.408,259.76,5.787,1.6066,0.47404,15.877,11.634,48.091,-134.67,15.821
23.81,15.78,32.409,259.84,5.8553,1.6508,0.47847,15.836,11.722,48.137,-134.65,15.781
23.82,15.74,32.411,259.92,5.9186,1.6946,0.48291,15.797,11.811,48.177,-134.64,15.742
23.83,15.701,32.412,260.02,5.9769,1.7382,0.48738,15.757,11.901,48.211,-134.62,15.703
23.84,15.662,32.414,260.12,6.0307,1.7816,0.49186,15.719,11.993,48.241,-134.61,15.664
23.85,15.624,32.416,260.24,6.0801,1.825,0.49636,15.68,12.088,48.266,-134.59,15.626
23.86,15.586,32.418,260.36,6.1256,1.8682,0.50087,15.642,12.186,48.287,-134.58,15.588
23.87,15.549,32.42,260.49,6.1675,1.9115,0.5054,15.605,12.288,48.304,-134.58,15.551
23.88,15.512,32.423,260.64,6.206,1.9547,0.50992,15.567,12.395,48.318,-134.57,15.513
23.89,15.474,32.425,260.79,6.2411,1.998,0.51444,15.53,12.504,48.33,-134.57,15.476
23.9,15.437,32.427,260.96,6.2729,2.0413,0.51894,15.492,12.618,48.34,-134.58,15.439
23.91,15.4,32.43,261.13,6.3014,2.0846,0.52342,15.455,12.735,48.348,-134.59,15.402
23.92,15.362,32.432,261.31,6.3263,2.1278,0.52785,15.417,12.856,48.356,-134.6,15.364
23.93,15.324,32.434,261.51,6.3478,2.1709,0.53222,15.379,12.98,48.363,-134.62,15.326
23.94,15.286,32.436,261.71,6.3659,2.2139,0.53653,15.34,13.107,48.37,-134.65,15.288
23.95,15.247,32.438,261.92,6.381,2.2569,0.54076,15.302,13.235,48.377,-134.68,15.249
23.96,15.208,32.44,262.15,6.3938,2.3001,0.54493,15.262,13.364,48.386,-134.72,15.21
23.97,15.168,32.442,262.38,6.4052,2.3436,0.54904,15.222,13.493,48.395,-134.76,15.17
23.98,15.128,32.443,262.62,6.4161,2.3877,0.55311,15.181,13.622,48.404,-134.81,15.13
23.99,15.087,32.445,262.87,6.4272,2.4326,0.55715,15.14,13.751,48.415,-134.87,15.089
24,15.045,32.446,263.12,6.4386,2.4781,0.56115,15.098,13.88,48.427,-134.93,15.047
24.01,15.003,32.447,263.39,6.4506,2.5244,0.56511,15.056,14.007,48.439,-135,15.005
24.02,14.96,32.449,263.66,6.4633,2.5711,0.56903,15.013,14.133,48.451,-135.07,14.962
24.03,14.916,32.449,263.95,6.4766,2.6183,0.5729,14.969,14.257,48.464,-135.15,14.919
24.04,14.872,32.45,264.24,6.4904,2.666,0.57672,14.925,14.378,48.478,-135.23,14.875
24.05,14.828,32.451,264.53,6.5046,2.714,0.58048,14.88,14.497,48.492,-135.31,14.83
24.06,14.783,32.451,264.84,6.5191,2.7624,0.5842,14.835,14.613,48.506,-135.39,14.785
24.07,14.737,32.452,265.15,6.5336,2.8111,0.58788,14.789,14.728,48.52,-135.48,14.739
24.08,14.69,32.452,265.46,6.5483,2.8604,0.59152,14.742,14.84,48.535,-135.56,14.692
24.09,14.643,32.452,265.78,6.563,2.9104,0.59514,14.695,14.95,48.551,-135.65,14.645
24.1,14.596,32.452,266.1,6.5779,2.9612,0.59874,14.647,15.057,48.567,-135.74,14.598
24.11,14.547,32.452,266.42,6.593,3.0127,0.60232,14.599,15.161,48.584,-135.82,14.549
24.12,14.498,32.452,266.74,6.6085,3.0651,0.60589,14.55,15.261,48.602,-135.9,14.501
24.13,14.449,32.451,267.06,6.6249,3.1183,0.60946,14.5,15.356,48.62,-135.99,14.451
24.14,14.399,32.451,267.38,6.6426,3.1727,0.61303,14.45,15.447,48.639,-136.06,14.401
24.15,14.348,32.45,267.69,6.6622,3.2283,0.61662,14.399,15.532,48.659,-136.14,14.351
24.16,14.297,32.449,268.01,6.6839,3.285,0.62022,14.348,15.614,48.68,-136.21,14.299
24.17,14.245,32.448,268.31,6.7079,3.3425,0.62383,14.295,15.692,48.701,-136.28,14.247
24.18,14.193,32.447,268.62,6.734,3.4006,0.62742,14.243,15.769,48.724,-136.33,14.195
24.19,14.139,32.446,268.91,6.7619,3.4588,0.63095,14.189,15.846,48.748,-136.39,14.142
24.2,14.086,32.445,269.2,6.7912,3.5166,0.63441,14.135,15.925,48.772,-136.43,14.088
24.21,14.031,32.443,269.48,6.8213,3.5734,0.63775,14.081,16.008,48.796,-136.47,14.033
24.22,13.976,32.442,269.76,6.8511,3.6285,0.64093,14.026,16.094,48.821,-136.5,13.978
24.23,13.92,32.44,270.02,6.8798,3.6813,0.64391,13.97,16.187,48.845,-136.51,13.923
24.24,13.864,32.438,270.28,6.9071,3.731,0.64666,13.913,16.285,48.869,-136.52,13.866
24.25,13.807,32.437,270.54,6.9329,3.7773,0.64915,13.856,16.388,48.894,-136.52,13.81
24.26,13.75,32.435,270.78,6.9573,3.8196,0.65134,13.799,16.496,48.918,-136.51,13.752
24.27,13.692,32.432,271.02,6.98,3.8575,0.65321,13.741,16.608,48.942,-136.49,13.694
24.28,13.634,32.43,271.26,7.0003,3.8906,0.65474,13.682,16.723,48.966,-136.47,13.636
24.29,13.575,32.428,271.5,7.0179,3.9187,0.6559,13.623,16.84,48.989,-136.43,13.577
24.3,13.515,32.426,271.73,7.0321,3.9411,0.65667,13.564,16.957,49.013,-136.39,13.518
24.31,13.456,32.423,271.97,7.0422,3.9575,0.65701,13.504,17.071,49.035,-136.34,13.458
24.32,13.395,32.421,272.21,7.0475,3.9672,0.65689,13.443,17.181,49.057,-136.28,13.398
24.33,13.334,32.418,272.46,7.0473,3.9698,0.65627,13.382,17.289,49.077,-136.21,13.337
24.34,13.273,32.416,272.73,7.0408,3.9647,0.65513,13.321,17.392,49.095,-136.14,13.276
24.35,13.212,32.413,273.01,7.0276,3.9516,0.65346,13.259,17.492,49.111,-136.06,13.214
24.36,13.15,32.41,273.3,7.007,3.9303,0.65123,13.197,17.587,49.125,-135.97,13.152
24.37,13.087,32.408,273.61,6.9788,3.9006,0.64844,13.134,17.678,49.136,-135.87,13.09
24.38,13.025,32.405,273.93,6.9432,3.8629,0.64511,13.072,17.763,49.145,-135.77,13.027
24.39,12.963,32.402,274.27,6.9007,3.8177,0.64128,13.009,17.841,49.15,-135.65,12.965
24.4,12.901,32.399,274.62,6.8519,3.7652,0.63698,12.947,17.913,49.151,-135.54,12.903
24.41,12.839,32.397,274.98,6.7975,3.7063,0.63226,12.886,17.98,49.15,-135.42,12.841
24.42,12.778,32.395,275.36,6.7382,3.6414,0.62716,12.825,18.042,49.144,-135.29,12.781
24.43,12.718,32.393,275.75,6.6742,3.5712,0.62173,12.765,18.1,49.135,-135.16,12.721
24.44,12.66,32.391,276.14,6.6058,3.4963,0.61603,12.706,18.156,49.122,-135.03,12.662
24.45,12.602,32.39,276.55,6.5333,3.4174,0.61012,12.648,18.21,49.105,-134.89,12.605
24.46,12.546,32.389,276.95,6.4568,3.3352,0.60404,12.592,18.265,49.084,-134.76,12.549
24.47,12.492,32.388,277.36,6.377,3.2506,0.59786,12.538,18.322,49.059,-134.62,12.494
24.48,12.44,32.388,277.76,6.2949,3.1643,0.59164,12.485,18.381,49.03,-134.49,12.442
24.49,12.389,32.388,278.16,6.2114,3.0772,0.58544,12.434,18.443,48.996,-134.36,12.391
24.5,12.34,32.389,278.55,6.1278,2.99,0.57931,12.385,18.51,48.958,-134.24,12.343
24.51,12.293,32.391,278.93,6.0449,2.9035,0.57329,12.338,18.583,48.916,-134.12,12.296
24.52,12.249,32.392,279.3,5.9635,2.8182,0.56743,12.293,18.661,48.869,-134,12.251
24.53,12.206,32.395,279.66,5.8844,2.7349,0.56177,12.25,18.748,48.819,-133.89,12.208
24.54,12.164,32.398,280,5.8085,2.6541,0.55633,12.209,18.843,48.764,-133.79,12.167
24.55,12.125,32.401,280.33,5.7364,2.5765,0.55116,12.169,18.947,48.705,-133.69,12.127
24.56,12.087,32.405,280.65,5.6689,2.5026,0.54629,12.131,19.062,48.642,-133.6,12.09
24.57,12.052,32.409,280.94,5.6065,2.4329,0.54176,12.095,19.189,48.575,-133.52,12.054
24.58,12.017,32.413,281.23,5.5496,2.3679,0.53758,12.061,19.329,48.505,-133.45,12.02
24.59,11.985,32.418,281.49,5.4987,2.3079,0.53379,12.028,19.485,48.43,-133.39,11.987
24.6,11.953,32.424,281.74,5.4542,2.2534,0.5304,11.996,19.659,48.353,-133.34,11.956
24.61,11.923,32.429,281.98,5.4167,2.2049,0.52745,11.966,19.853,48.271,-133.29,11.926
24.62,11.895,32.435,282.2,5.3866,2.1628,0.52497,11.937,20.068,48.186,-133.26,11.897
24.63,11.868,32.442,282.4,5.3638,2.1272,0.52296,11.91,20.305,48.098,-133.24,11.87
24.64,11.842,32.448,282.59,5.3474,2.098,0.52141,11.884,20.563,48.008,-133.23,11.844
24.65,11.817,32.455,282.77,5.3367,2.0747,0.52029,11.859,20.841,47.915,-133.23,11.819
24.66,11.793,32.462,282.94,5.3309,2.0572,0.51959,11.834,21.137,47.821,-133.25,11.795
24.67,11.769,32.47,283.09,5.3297,2.0452,0.5193,11.811,21.446,47.725,-133.26,11.772
24.68,11.746,32.477,283.23,5.3329,2.0384,0.51939,11.788,21.768,47.628,-133.29,11.749
24.69,11.723,32.485,283.35,5.3403,2.0367,0.51988,11.764,22.097,47.531,-133.33,11.726
24.7,11.7,32.492,283.46,5.3518,2.04,0.52077,11.741,22.435,47.435,-133.37,11.703
24.71,11.677,32.5,283.56,5.3674,2.0484,0.52207,11.718,22.779,47.34,-133.41,11.68
24.72,11.653,32.507,283.64,5.3873,2.062,0.52377,11.693,23.13,47.248,-133.46,11.656
24.73,11.627,32.514,283.71,5.4115,2.0808,0.52589,11.668,23.489,47.159,-133.51,11.63
24.74,11.601,32.521,283.77,5.4404,2.105,0.52843,11.641,23.856,47.074,-133.56,11.604
24.75,11.573,32.527,283.81,5.474,2.1348,0.5314,11.612,24.231,46.994,-133.62,11.576
24.76,11.543,32.533,283.85,5.5125,2.17,0.53478,11.582,24.615,46.919,-133.67,11.546
24.77,11.511,32.539,283.87,5.5557,2.2106,0.53856,11.551,25.008,46.85,-133.73,11.514
24.78,11.478,32.544,283.89,5.6032,2.2563,0.54271,11.517,25.414,46.786,-133.78,11.481
24.79,11.443,32.549,283.91,5.6547,2.3069,0.54722,11.482,25.834,46.729,-133.84,11.446
24.8,11.406,32.553,283.92,5.7097,2.3621,0.55205,11.444,26.271,46.677,-133.89,11.409
24.81,11.366,32.557,283.93,5.7676,2.4215,0.55717,11.405,26.725,46.632,-133.94,11.37
24.82,11.325,32.561,283.94,5.8282,2.4849,0.56257,11.364,27.198,46.593,-133.99,11.329
24.83,11.282,32.564,283.95,5.8912,2.5521,0.5682,11.32,27.689,46.56,-134.04,11.286
24.84,11.238,32.566,283.96,5.9565,2.6229,0.57405,11.276,28.2,46.532,-134.08,11.241
24.85,11.191,32.569,283.97,6.0236,2.697,0.58011,11.229,28.731,46.511,-134.12,11.195
24.86,11.143,32.571,283.99,6.0925,2.7743,0.58634,11.18,29.283,46.496,-134.16,11.146
24.87,11.093,32.572,284.02,6.1633,2.8548,0.59276,11.13,29.852,46.486,-134.19,11.096
24.88,11.041,32.573,284.06,6.236,2.9384,0.59936,11.078,30.436,46.483,-134.22,11.045
24.89,10.988,32.574,284.1,6.3104,3.0249,0.60613,11.025,31.034,46.485,-134.25,10.992
24.9,10.933,32.575,284.15,6.3866,3.1142,0.61306,10.97,31.642,46.492,-134.27,10.937
24.91,10.877,32.575,284.21,6.4652,3.2065,0.62016,10.914,32.256,46.504,-134.29,10.881
24.92,10.82,32.575,284.29,6.5467,3.3019,0.62745,10.856,32.872,46.521,-134.31,10.824
24.93,10.761,32.575,284.38,6.6318,3.4007,0.63494,10.798,33.486,46.542,-134.32,10.765
24.94,10.702,32.574,284.48,6.7206,3.5029,0.64263,10.738,34.094,46.568,-134.33,10.706
24.95,10.641,32.574,284.6,6.8131,3.6081,0.65048,10.677,34.695,46.598,-134.35,10.645
24.96,10.58,32.573,284.73,6.909,3.7162,0.65846,10.616,35.288,46.631,-134.36,10.584
24.97,10.518,32.572,284.87,7.0081,3.8269,0.66656,10.553,35.877,46.669,-134.36,10.522
24.98,10.455,32.571,285.02,7.1101,3.9399,0.67474,10.49,36.463,46.708,-134.37,10.459
24.99,10.391,32.57,285.16,7.2149,4.0551,0.68298,10.427,37.05,46.75,-134.38,10.396
25,10.327,32.569,285.31,7.3224,4.1724,0.69127,10.363,37.634,46.794,-134.38,10.332
25.01,10.263,32.568,285.46,7.4326,4.2919,0.6996,10.298,38.209,46.839,-134.39,10.267
25.02,10.198,32.567,285.61,7.5454,4.4139,0.70798,10.233,38.771,46.886,-134.39,10.203
25.03,10.133,32.565,285.75,7.6608,4.5385,0.71641,10.168,39.319,46.935,-134.39,10.138
25.04,10.068,32.564,285.9,7.7785,4.6657,0.7249,10.102,39.851,46.985,-134.39,10.072
25.05,10.002,32.563,286.05,7.8978,4.7954,0.73342,10.036,40.366,47.036,-134.4,10.006
25.06,9.9362,32.562,286.21,8.0182,4.9274,0.74196,9.9704,40.867,47.088,-134.4,9.9408
25.07,9.8704,32.561,286.36,8.1389,5.0614,0.75052,9.9044,41.352,47.141,-134.39,9.875
25.08,9.8046,32.56,286.52,8.2593,5.1971,0.75907,9.8385,41.816,47.194,-134.39,9.8092
25.09,9.7388,32.559,286.69,8.3793,5.3343,0.76762,9.7725,42.251,47.249,-134.38,9.7435
25.1,9.673,32.558,286.87,8.4986,5.4724,0.77616,9.7066,42.649,47.305,-134.37,9.6777
25.11,9.6072,32.557,287.05,8.6174,5.6112,0.78472,9.6406,43.002,47.362,-134.36,9.612
25.12,9.5414,32.556,287.24,8.7356,5.7504,0.7933,9.5746,43.305,47.422,-134.34,9.5461
25.13,9.4753,32.555,287.45,8.8533,5.8898,0.80192,9.5084,43.55,47.484,-134.32,9.4801
25.14,9.4091,32.555,287.67,8.9701,6.0288,0.81053,9.442,43.739,47.547,-134.3,9.4138
25.15,9.3427,32.554,287.9,9.0857,6.1667,0.81912,9.3754,43.878,47.612,-134.28,9.3475
25.16,9.2763,32.553,288.14,9.1997,6.3028,0.82764,9.3088,43.97,47.677,-134.26,9.281
25.17,9.2098,32.553,288.39,9.3118,6.4367,0.83606,9.2422,44.018,47.743,-134.25,9.2145
25.18,9.1435,32.552,288.65,9.4222,6.5679,0.84436,9.1757,44.025,47.81,-134.23,9.1482
25.19,9.0774,32.552,288.92,9.5312,6.6963,0.85252,9.1094,43.993,47.876,-134.22,9.0821
25.2,9.0117,32.551,289.19,9.6386,6.8214,0.8605,9.0436,43.93,47.942,-134.21,9.0164
25.21,8.9466,32.551,289.47,9.7442,6.9427,0.86827,8.9783,43.842,48.007,-134.21,8.9512
25.22,8.8821,32.551,289.76,9.8481,7.0596,0.87578,8.9136,43.734,48.072,-134.21,8.8867
25.23,8.8183,32.551,290.05,9.9505,7.172,0.88304,8.8496,43.608,48.136,-134.22,8.8229
25.24,8.7553,32.552,290.35,10.051,7.2795,0.88998,8.7864,43.469,48.199,-134.23,8.7598
25.25,8.6932,32.552,290.65,10.15,7.3816,0.89658,8.7242,43.324,48.261,-134.24,8.6977
25.26,8.6321,32.553,290.96,10.246,7.4781,0.9028,8.6629,43.178,48.321,-134.26,8.6365
25.27,8.5718,32.554,291.27,10.34,7.5693,0.90866,8.6024,43.042,48.381,-134.28,8.5762
25.28,8.5123,32.556,291.58,10.432,7.6558,0.91418,8.5428,42.927,48.437,-134.31,8.5167
25.29,8.4535,32.557,291.89,10.521,7.7381,0.91937,8.4838,42.848,48.492,-134.34,8.4579
25.3,8.3955,32.559,292.19,10.609,7.8168,0.92425,8.4256,42.819,48.543,-134.39,8.3998
25.31,8.3383,32.56,292.48,10.696,7.8925,0.92886,8.3682,42.849,48.59,-134.44,8.3426
25.32,8.282,32.562,292.77,10.783,7.9662,0.93324,8.3118,42.94,48.633,-134.5,8.2863
25.33,8.2267,32.565,293.04,10.87,8.0393,0.93745,8.2562,43.101,48.672,-134.56,8.2309
25.34,8.1722,32.567,293.3,10.959,8.1129,0.94159,8.2016,43.342,48.706,-134.63,8.1765
25.35,8.1188,32.57,293.55,11.05,8.188,0.9457,8.148,43.669,48.735,-134.7,8.123
25.36,8.0664,32.573,293.76,11.145,8.2658,0.94989,8.0954,44.088,48.761,-134.78,8.0707
25.37,8.0152,32.576,293.94,11.245,8.3473,0.95422,8.044,44.601,48.782,-134.85,8.0195
25.38,7.9651,32.58,294.09,11.353,8.4336,0.95878,7.9937,45.209,48.8,-134.93,7.9695
25.39,7.9161,32.583,294.21,11.468,8.5258,0.96366,7.9445,45.907,48.815,-135,7.9205
25.4,7.8679,32.587,294.28,11.592,8.6246,0.96891,7.8962,46.698,48.827,-135.07,7.8724
25.41,7.8205,32.591,294.3,11.723,8.7297,0.97453,7.8486,47.582,48.838,-135.14,7.825
25.42,7.7739,32.595,294.28,11.861,8.8409,0.98052,7.8018,48.552,48.846,-135.21,7.7785
25.43,7.7281,32.6,294.19,12.003,8.9571,0.98681,7.7558,49.604,48.853,-135.27,7.7328
25.44,7.6834,32.605,294.05,12.149,9.0777,0.99336,7.7109,50.734,48.858,-135.33,7.6882
25.45,7.6398,32.609,293.85,12.298,9.2021,1.0001,7.6671,51.932,48.86,-135.38,7.6447
25.46,7.5973,32.615,293.59,12.449,9.33,1.0071,7.6244,53.194,48.86,-135.43,7.6023
25.47,7.5557,32.62,293.29,12.603,9.4612,1.0142,7.5827,54.506,48.857,-135.47,7.5608
25.48,7.515,32.625,292.95,12.758,9.5953,1.0215,7.5418,55.861,48.853,-135.52,7.5202
25.49,7.4749,32.631,292.59,12.915,9.7318,1.0289,7.5015,57.249,48.847,-135.55,7.4802
25.5,7.4354,32.637,292.21,13.073,9.8699,1.0365,7.4618,58.657,48.839,-135.58,7.4409
25.51,7.3967,32.643,291.82,13.231,10.009,1.044,7.4229,60.065,48.831,-135.61,7.4023
25.52,7.3587,32.649,291.42,13.389,10.147,1.0515,7.3848,61.45,48.821,-135.63,7.3644
25.53,7.3214,32.655,291.03,13.546,10.285,1.0588,7.3472,62.796,48.811,-135.65,7.3272
25.54,7.2846,32.662,290.64,13.702,10.421,1.066,7.3103,64.092,48.801,-135.66,7.2905
25.55,7.2484,32.668,290.26,13.856,10.555,1.0731,7.2739,65.335,48.791,-135.68,7.2544
25.56,7.2126,32.675,289.9,14.007,10.686,1.0799,7.2379,66.525,48.781,-135.69,7.2187
25.57,7.1773,32.682,289.54,14.157,10.815,1.0864,7.2024,67.669,48.771,-135.7,7.1835
25.58,7.1425,32.688,289.2,14.304,10.942,1.0928,7.1674,68.773,48.762,-135.71,7.1488
25.59,7.1082,32.695,288.85,14.448,11.066,1.099,7.133,69.846,48.753,-135.71,7.1145
25.6,7.0744,32.702,288.5,14.592,11.189,1.105,7.099,70.899,48.744,-135.72,7.0809
25.61,7.0413,32.71,288.15,14.734,11.309,1.1108,7.0657,71.942,48.735,-135.73,7.0479
25.62,7.0091,32.717,287.77,14.875,11.429,1.1166,7.0334,72.985,48.726,-135.74,7.0158
25.63,6.9781,32.724,287.38,15.017,11.547,1.1223,7.0021,74.038,48.716,-135.75,6.9848
25.64,6.9483,32.732,286.95,15.16,11.665,1.128,6.9721,75.105,48.704,-135.76,6.955
25.65,6.9199,32.74,286.5,15.303,11.782,1.1337,6.9436,76.192,48.691,-135.77,6.9268
25.66,6.8932,32.748,286.01,15.448,11.9,1.1395,6.9167,77.296,48.676,-135.78,6.9002
25.67,6.8682,32.757,285.47,15.594,12.017,1.1454,6.8916,78.415,48.66,-135.79,6.8753
25.68,6.845,32.766,284.89,15.743,12.136,1.1514,6.8682,79.55,48.643,-135.79,6.8521
25.69,6.8236,32.775,284.26,15.896,12.257,1.1575,6.8466,80.699,48.624,-135.8,6.8308
25.7,6.8038,32.784,283.58,16.053,12.38,1.1638,6.8266,81.859,48.604,-135.8,6.8111
25.71,6.7855,32.794,282.84,16.213,12.506,1.1703,6.8081,83.027,48.583,-135.8,6.7929
25.72,6.7686,32.804,282.04,16.379,12.634,1.1771,6.791,84.205,48.561,-135.8,6.7761
25.73,6.7532,32.814,281.17,16.551,12.767,1.1842,6.7755,85.401,48.538,-135.8,6.7608
25.74,6.7393,32.825,280.23,16.729,12.906,1.1917,6.7614,86.625,48.515,-135.79,6.747
25.75,6.7271,32.835,279.2,16.916,13.051,1.1997,6.749,87.887,48.491,-135.79,6.7349
25.76,6.7166,32.846,278.06,17.113,13.205,1.2082,6.7383,89.204,48.466,-135.79,6.7245
25.77,6.7079,32.858,276.81,17.321,13.369,1.2173,6.7295,90.59,48.44,-135.78,6.716
25.78,6.7012,32.869,275.43,17.542,13.544,1.2271,6.7226,92.057,48.412,-135.78,6.7094
25.79,6.6963,32.881,273.93,17.774,13.73,1.2376,6.7175,93.601,48.383,-135.77,6.7047
25.8,6.6931,32.894,272.32,18.019,13.926,1.2487,6.7141,95.207,48.354,-135.76,6.7016
25.81,6.6913,32.906,270.61,18.273,14.133,1.2604,6.7122,96.858,48.325,-135.75,6.7
25.82,6.691,32.919,268.82,18.537,14.347,1.2725,6.7117,98.541,48.296,-135.73,6.6997
25.83,6.692,32.932,266.95,18.808,14.568,1.285,6.7125,100.25,48.267,-135.71,6.7009
25.84,6.6944,32.945,265.03,19.083,14.795,1.2977,6.7147,101.96,48.238,-135.69,6.7035
25.85,6.698,32.958,263.06,19.362,15.025,1.3106,6.7181,103.67,48.21,-135.67,6.7072
25.86,6.7026,32.972,261.05,19.642,15.257,1.3236,6.7225,105.37,48.182,-135.65,6.712
25.87,6.7081,32.985,259.03,19.924,15.491,1.3366,6.7279,107.04,48.155,-135.62,6.7177
25.88,6.7145,32.999,256.99,20.204,15.725,1.3496,6.7341,108.69,48.13,-135.6,6.7242
25.89,6.7215,33.013,254.96,20.484,15.958,1.3624,6.7409,110.31,48.106,-135.57,6.7313
25.9,6.7291,33.027,252.93,20.761,16.189,1.3751,6.7483,111.88,48.083,-135.54,6.7391
25.91,6.7372,33.041,250.92,21.037,16.418,1.3877,6.7562,113.42,48.061,-135.51,6.7473
25.92,6.7457,33.055,248.94,21.309,16.645,1.4,6.7646,114.93,48.04,-135.48,6.756
25.93,6.7545,33.069,246.98,21.578,16.868,1.412,6.7732,116.39,48.02,-135.44,6.7649
25.94,6.7634,33.084,245.07,21.844,17.088,1.4238,6.7819,117.82,48,-135.41,6.7739
25.95,6.7723,33.098,243.2,22.106,17.303,1.4354,6.7906,119.21,47.981,-135.38,6.783
25.96,6.7811,33.112,241.38,22.364,17.515,1.4466,6.7992,120.57,47.963,-135.35,6.7919
25.97,6.7896,33.126,239.61,22.618,17.721,1.4575,6.8076,121.89,47.945,-135.31,6.8005
25.98,6.7978,33.14,237.9,22.867,17.922,1.4681,6.8156,123.16,47.929,-135.28,6.8089
25.99,6.8058,33.154,236.23,23.112,18.118,1.4783,6.8234,124.4,47.913,-135.24,6.8169
26,6.8134,33.168,234.63,23.352,18.309,1.4882,6.8308,125.6,47.898,-135.21,6.8247
26.01,6.8209,33.182,233.08,23.585,18.494,1.4977,6.8381,126.76,47.883,-135.18,6.8322
26.02,6.8283,33.196,231.57,23.813,18.673,1.5068,6.8453,127.88,47.868,-135.14,6.8398
26.03,6.8358,33.21,230.12,24.034,18.846,1.5155,6.8527,128.95,47.853,-135.11,6.8474
26.04,6.8436,33.224,228.71,24.248,19.014,1.5239,6.8603,129.98,47.837,-135.08,6.8553
26.05,6.8517,33.238,227.34,24.455,19.175,1.5319,6.8682,130.97,47.821,-135.05,6.8635
26.06,6.8601,33.252,225.99,24.656,19.332,1.5396,6.8764,131.93,47.805,-135.02,6.872
26.07,6.8686,33.266,224.68,24.852,19.485,1.547,6.8848,132.85,47.788,-134.98,6.8806
26.08,6.8773,33.28,223.4,25.044,19.633,1.5542,6.8933,133.75,47.771,-134.95,6.8894
26.09,6.8862,33.294,222.14,25.232,19.778,1.5611,6.9019,134.63,47.753,-134.92,6.8983
26.1,6.895,33.308,220.89,25.417,19.92,1.5679,6.9106,135.49,47.735,-134.89,6.9073
26.11,6.904,33.323,219.66,25.599,20.06,1.5746,6.9194,136.34,47.716,-134.86,6.9164
26.12,6.913,33.337,218.43,25.781,20.198,1.5812,6.9282,137.17,47.697,-134.83,6.9255
26.13,6.922,33.351,217.21,25.961,20.334,1.5877,6.9371,138,47.678,-134.8,6.9346
26.14,6.9309,33.365,215.99,26.142,20.469,1.5942,6.9458,138.82,47.659,-134.77,6.9435
26.15,6.9396,33.379,214.78,26.323,20.602,1.6006,6.9543,139.63,47.641,-134.74,6.9523
26.16,6.948,33.393,213.58,26.505,20.735,1.607,6.9625,140.44,47.623,-134.72,6.9608
26.17,6.9561,33.407,212.4,26.688,20.866,1.6134,6.9704,141.23,47.606,-134.69,6.969
26.18,6.9635,33.421,211.22,26.872,20.996,1.6197,6.9777,142.02,47.591,-134.67,6.9765
26.19,6.9703,33.435,210.08,27.058,21.124,1.6259,6.9842,142.79,47.577,-134.65,6.9833
26.2,6.9761,33.448,208.96,27.246,21.251,1.632,6.9898,143.55,47.564,-134.63,6.9892
26.21,6.9809,33.462,207.88,27.434,21.374,1.638,6.9944,144.29,47.552,-134.61,6.9941
26.22,6.9845,33.475,206.84,27.623,21.495,1.6438,6.9979,145.02,47.542,-134.59,6.9978
26.23,6.9868,33.488,205.84,27.815,21.613,1.6494,7.0001,145.74,47.533,-134.58,7.0002
26.24,6.9879,33.501,204.88,28.008,21.729,1.6549,7.0009,146.45,47.526,-134.57,7.0013
26.25,6.9876,33.513,203.96,28.204,21.842,1.6602,7.0005,147.17,47.52,-134.57,7.0011
26.26,6.9862,33.526,203.06,28.402,21.952,1.6654,6.9988,147.89,47.514,-134.57,6.9998
26.27,6.9836,33.538,202.2,28.603,22.06,1.6705,6.9961,148.62,47.51,-134.57,6.9973
26.28,6.9801,33.55,201.35,28.807,22.167,1.6754,6.9925,149.36,47.506,-134.58,6.9938
26.29,6.9757,33.562,200.54,29.014,22.271,1.6802,6.9879,150.12,47.503,-134.58,6.9895
26.3,6.9704,33.573,199.74,29.226,22.374,1.685,6.9824,150.9,47.501,-134.59,6.9842
26.31,6.9642,33.585,198.96,29.442,22.476,1.6896,6.976,151.69,47.5,-134.6,6.9781
26.32,6.9571,33.596,198.2,29.664,22.577,1.6943,6.9688,152.5,47.501,-134.62,6.9712
26.33,6.9493,33.608,197.44,29.893,22.679,1.6989,6.9608,153.32,47.503,-134.63,6.9634
26.34,6.9405,33.619,196.69,30.129,22.781,1.7036,6.9519,154.16,47.507,-134.64,6.9547
26.35,6.9309,33.63,195.95,30.374,22.884,1.7084,6.9421,155.02,47.512,-134.66,6.9452
26.36,6.9206,33.641,195.2,30.628,22.99,1.7134,6.9316,155.9,47.52,-134.67,6.9349
26.37,6.9096,33.651,194.43,30.893,23.097,1.7185,6.9204,156.81,47.528,-134.69,6.924
26.38,6.8981,33.662,193.65,31.169,23.207,1.7239,6.9088,157.75,47.538,-134.7,6.9126
26.39,6.8861,33.672,192.86,31.456,23.321,1.7295,6.8966,158.73,47.55,-134.71,6.9006
26.4,6.8734,33.683,192.05,31.757,23.437,1.7354,6.8838,159.75,47.562,-134.72,6.888
26.41,6.86,33.693,191.23,32.07,23.558,1.7417,6.8702,160.8,47.576,-134.73,6.8747
26.42,6.8459,33.703,190.38,32.398,23.682,1.7482,6.8559,161.91,47.591,-134.74,6.8607
26.43,6.8308,33.713,189.5,32.742,23.811,1.7552,6.8407,163.07,47.608,-134.75,6.8457
26.44,6.8147,33.723,188.58,33.102,23.946,1.7626,6.8245,164.29,47.626,-134.76,6.8297
26.45,6.7974,33.733,187.63,33.481,24.087,1.7706,6.807,165.57,47.646,-134.77,6.8125
26.46,6.7785,33.742,186.62,33.878,24.235,1.7791,6.788,166.91,47.668,-134.77,6.7937
26.47,6.758,33.751,185.56,34.296,24.391,1.7881,6.7673,168.33,47.691,-134.78,6.7733
26.48,6.7357,33.76,184.44,34.736,24.555,1.7978,6.7449,169.83,47.715,-134.78,6.7511
26.49,6.7116,33.768,183.25,35.199,24.729,1.8081,6.7206,171.42,47.74,-134.79,6.7271
26.5,6.6856,33.776,181.99,35.688,24.913,1.8191,6.6945,173.13,47.764,-134.79,6.7012
26.51,6.6576,33.784,180.65,36.204,25.107,1.8309,6.6664,174.96,47.788,-134.8,6.6734
26.52,6.6277,33.792,179.22,36.75,25.314,1.8434,6.6364,176.93,47.811,-134.8,6.6436
26.53,6.5957,33.799,177.71,37.325,25.533,1.8567,6.6042,179.02,47.835,-134.81,6.6117
26.54,6.5614,33.806,176.13,37.932,25.763,1.8708,6.5698,181.24,47.858,-134.82,6.5776
26.55,6.5248,33.812,174.46,38.57,26.006,1.8858,6.5332,183.6,47.882,-134.83,6.5412
26.56,6.486,33.818,172.72,39.239,26.26,1.9016,6.4942,186.1,47.905,-134.85,6.5025
26.57,6.4448,33.824,170.89,39.941,26.526,1.9183,6.4529,188.76,47.928,-134.86,6.4615
26.58,6.4013,33.829,168.98,40.674,26.803,1.9358,6.4093,191.58,47.951,-134.88,6.4182
26.59,6.3557,33.834,166.98,41.439,27.09,1.9543,6.3636,194.58,47.973,-134.9,6.3728
26.6,6.308,33.839,164.89,42.237,27.389,1.9736,6.3158,197.78,47.993,-134.92,6.3253
26.61,6.2584,33.843,162.7,43.065,27.699,1.9938,6.2661,201.19,48.01,-134.94,6.2759
26.62,6.207,33.847,160.41,43.926,28.02,2.0148,6.2147,204.81,48.026,-134.97,6.2248
26.63,6.1539,33.851,158.02,44.818,28.351,2.0366,6.1614,208.63,48.04,-135,6.1719
26.64,6.099,33.855,155.53,45.741,28.692,2.0592,6.1064,212.66,48.051,-135.02,6.1172
26.65,6.0424,33.859,152.95,46.694,29.044,2.0826,6.0498,216.9,48.062,-135.05,6.0609
26.66,5.9844,33.862,150.28,47.678,29.405,2.1066,5.9917,221.35,48.071,-135.07,6.0032
26.67,5.9252,33.865,147.49,48.691,29.776,2.1314,5.9325,226.03,48.079,-135.1,5.9443
26.68,5.8651,33.868,144.6,49.734,30.157,2.1568,5.8723,230.95,48.086,-135.12,5.8846
26.69,5.8044,33.871,141.6,50.805,30.547,2.1829,5.8115,236.1,48.091,-135.13,5.8242
26.7,5.7432,33.874,138.5,51.903,30.945,2.2095,5.7503,241.5,48.096,-135.15,5.7633
26.71,5.6818,33.877,135.31,53.026,31.351,2.2366,5.6887,247.12,48.099,-135.16,5.7022
26.72,5.6202,33.88,132.04,54.174,31.763,2.2642,5.627,252.96,48.103,-135.17,5.641
26.73,5.5586,33.883,128.69,55.345,32.18,2.2921,5.5654,259,48.106,-135.17,5.5798
26.74,5.4972,33.886,125.29,56.536,32.6,2.3203,5.504,265.22,48.108,-135.17,5.5188
26.75,5.4363,33.889,121.85,57.745,33.021,2.3487,5.443,271.63,48.11,-135.17,5.4583
26.76,5.3759,33.892,118.39,58.97,33.442,2.3772,5.3825,278.2,48.112,-135.16,5.3983
26.77,5.3162,33.896,114.91,60.21,33.861,2.4057,5.3228,284.92,48.113,-135.16,5.339
26.78,5.2574,33.9,111.44,61.463,34.277,2.4339,5.2638,291.77,48.114,-135.16,5.2806
26.79,5.1994,33.904,108,62.727,34.688,2.462,5.2058,298.75,48.113,-135.16,5.2231
26.8,5.1426,33.908,104.58,64.002,35.093,2.4897,5.1489,305.85,48.113,-135.16,5.1667
26.81,5.0869,33.912,101.21,65.285,35.491,2.5171,5.0931,313.05,48.112,-135.17,5.1115
26.82,5.0326,33.916,97.879,66.577,35.881,2.544,5.0388,320.35,48.11,-135.17,5.0576
26.83,4.9798,33.921,94.597,67.874,36.263,2.5705,4.9859,327.77,48.107,-135.17,5.0053
26.84,4.9286,33.926,91.364,69.177,36.636,2.5965,4.9346,335.3,48.103,-135.18,4.9546
26.85,4.8789,33.931,88.182,70.484,37.001,2.622,4.8848,342.93,48.099,-135.18,4.9053
26.86,4.8306,33.937,85.054,71.794,37.358,2.647,4.8364,350.63,48.094,-135.19,4.8575
26.87,4.7835,33.943,81.982,73.106,37.706,2.6715,4.7892,358.4,48.089,-135.2,4.8109
26.88,4.7374,33.949,78.969,74.419,38.045,2.6956,4.743,366.2,48.086,-135.21,4.7653
26.89,4.692,33.955,76.017,75.735,38.377,2.7192,4.6976,373.99,48.084,-135.23,4.7204
26.9,4.6472,33.961,73.128,77.051,38.701,2.7423,4.6526,381.75,48.085,-135.26,4.676
26.91,4.6025,33.967,70.301,78.369,39.017,2.7651,4.6079,389.43,48.089,-135.3,4.6319
26.92,4.5579,33.973,67.538,79.687,39.328,2.7874,4.5632,397.04,48.097,-135.35,4.5877
26.93,4.5132,33.979,64.837,81.006,39.633,2.8093,4.5185,404.57,48.108,-135.4,4.5435
26.94,4.4685,33.985,62.179,82.326,39.933,2.831,4.4737,412,48.122,-135.47,4.4993
26.95,4.4238,33.992,59.552,83.646,40.23,2.8523,4.4289,419.37,48.138,-135.55,4.455
26.96,4.3792,33.998,56.948,84.966,40.525,2.8735,4.3842,426.69,48.155,-135.64,4.4109
26.97,4.3347,34.004,54.356,86.287,40.818,2.8946,4.3396,433.98,48.172,-135.72,4.3668
26.98,4.2903,34.01,51.77,87.607,41.11,2.9155,4.2951,441.27,48.188,-135.81,4.3228
26.99,4.2459,34.017,49.187,88.927,41.402,2.9365,4.2506,448.57,48.204,-135.91,4.2789
27,4.2016,34.023,46.604,90.246,41.694,2.9574,4.2062,455.88,48.219,-136,4.235
