21,30.247,34.112,181.82,1.6409,0.34366,-0.025538,30.295,9.9312,-13.878,-174.63,30.249
21.01,30.243,34.123,182.3,1.6317,0.33606,-0.024873,30.291,9.4834,-14.004,-174.53,30.245
21.02,30.239,34.135,182.77,1.6227,0.3286,-0.02422,30.286,9.0487,-14.128,-174.42,30.241
21.03,30.234,34.147,183.23,1.6137,0.32128,-0.023579,30.281,8.6272,-14.25,-174.32,30.236
21.04,30.229,34.158,183.68,1.6048,0.3141,-0.022951,30.275,8.2185,-14.371,-174.21,30.231
21.05,30.223,34.169,184.12,1.596,0.30706,-0.022336,30.269,7.8227,-14.49,-174.12,30.225
21.06,30.217,34.18,184.55,1.5873,0.30015,-0.021732,30.263,7.4396,-14.607,-174.02,30.219
21.07,30.211,34.191,184.97,1.5788,0.29338,-0.02114,30.256,7.069,-14.722,-173.92,30.213
21.08,30.204,34.202,185.38,1.5703,0.28674,-0.02056,30.249,6.7108,-14.836,-173.83,30.206
21.09,30.197,34.213,185.78,1.5619,0.28023,-0.019992,30.241,6.3648,-14.948,-173.74,30.199
21.1,30.19,34.223,186.18,1.5536,0.27385,-0.019435,30.233,6.0309,-15.058,-173.65,30.192
21.11,30.182,34.233,186.56,1.5453,0.2676,-0.01889,30.225,5.709,-15.167,-173.56,30.184
21.12,30.174,34.243,186.93,1.5372,0.26148,-0.018356,30.217,5.3989,-15.274,-173.47,30.175
21.13,30.166,34.253,187.3,1.5292,0.25548,-0.017833,30.208,5.1005,-15.379,-173.39,30.167
21.14,30.157,34.263,187.66,1.5212,0.24961,-0.017321,30.198,4.8136,-15.483,-173.31,30.158
21.15,30.147,34.272,188,1.5134,0.24386,-0.01682,30.189,4.5382,-15.586,-173.23,30.149
21.16,30.138,34.282,188.34,1.5056,0.23823,-0.01633,30.179,4.2739,-15.686,-173.15,30.139
21.17,30.128,34.291,188.67,1.4979,0.23272,-0.015851,30.169,4.0208,-15.785,-173.07,30.129
21.18,30.118,34.3,188.99,1.4903,0.22733,-0.015382,30.158,3.7787,-15.883,-173,30.119
21.19,30.107,34.309,189.31,1.4828,0.22206,-0.014923,30.147,3.5474,-15.979,-172.92,30.108
21.2,30.096,34.318,189.61,1.4754,0.2169,-0.014474,30.136,3.3268,-16.074,-172.85,30.097
21.21,30.085,34.326,189.91,1.468,0.21185,-0.014036,30.124,3.1168,-16.167,-172.78,30.086
21.22,30.074,34.335,190.2,1.4608,0.20692,-0.013607,30.112,2.9172,-16.259,-172.71,30.074
21.23,30.062,34.343,190.48,1.4536,0.20209,-0.013188,30.1,2.7278,-16.349,-172.65,30.063
21.24,30.05,34.351,190.75,1.4464,0.19738,-0.012779,30.088,2.5486,-16.438,-172.58,30.05
21.25,30.037,34.359,191.02,1.4394,0.19277,-0.01238,30.075,2.3794,-16.526,-172.52,30.038
21.26,30.024,34.367,191.28,1.4324,0.18826,-0.01199,30.062,2.22,-16.612,-172.46,30.025
21.27,30.011,34.375,191.53,1.4255,0.18387,-0.011609,30.048,2.0703,-16.697,-172.39,30.012
21.28,29.998,34.383,191.77,1.4187,0.17957,-0.011237,30.034,1.9302,-16.781,-172.34,29.999
21.29,29.984,34.39,192.01,1.412,0.17538,-0.010874,30.02,1.7996,-16.863,-172.28,29.985
21.3,29.97,34.398,192.23,1.4053,0.17128,-0.01052,30.006,1.6782,-16.944,-172.22,29.971
21.31,29.956,34.405,192.46,1.3987,0.16729,-0.010175,29.992,1.5659,-17.024,-172.17,29.957
21.32,29.942,34.412,192.67,1.3922,0.16339,-0.0098388,29.977,1.4627,-17.103,-172.12,29.942
21.33,29.927,34.419,192.88,1.3857,0.15959,-0.0095107,29.962,1.3683,-17.18,-172.06,29.927
21.34,29.912,34.426,193.08,1.3793,0.15588,-0.0091909,29.946,1.2827,-17.256,-172.01,29.912
21.35,29.897,34.433,193.27,1.373,0.15226,-0.0088794,29.931,1.2056,-17.331,-171.96,29.897
21.36,29.881,34.44,193.46,1.3667,0.14873,-0.0085758,29.915,1.137,-17.405,-171.92,29.882
21.37,29.865,34.446,193.64,1.3605,0.14529,-0.0082803,29.899,1.0767,-17.477,-171.87,29.866
21.38,29.849,34.453,193.82,1.3544,0.14194,-0.0079925,29.883,1.0245,-17.549,-171.83,29.85
21.39,29.833,34.459,193.99,1.3483,0.13868,-0.0077123,29.866,0.98037,-17.619,-171.78,29.833
21.4,29.817,34.465,194.15,1.3423,0.1355,-0.0074397,29.849,0.94411,-17.689,-171.74,29.817
21.41,29.8,34.471,194.31,1.3363,0.1324,-0.0071744,29.832,0.91558,-17.757,-171.7,29.8
21.42,29.783,34.477,194.46,1.3304,0.12939,-0.0069164,29.815,0.89465,-17.824,-171.66,29.783
21.43,29.766,34.483,194.61,1.3246,0.12646,-0.0066656,29.797,0.88118,-17.89,-171.62,29.766
21.44,29.748,34.489,194.75,1.3188,0.1236,-0.0064217,29.779,0.87503,-17.955,-171.58,29.748
21.45,29.73,34.495,194.88,1.313,0.12082,-0.0061846,29.762,0.87605,-18.02,-171.55,29.731
21.46,29.712,34.5,195.01,1.3074,0.11812,-0.0059543,29.743,0.8841,-18.083,-171.51,29.713
21.47,29.694,34.506,195.13,1.3017,0.11549,-0.0057306,29.725,0.89905,-18.145,-171.48,29.695
21.48,29.676,34.511,195.25,1.2962,0.11293,-0.0055132,29.706,0.92075,-18.206,-171.44,29.676
21.49,29.658,34.517,195.36,1.2906,0.11045,-0.0053022,29.688,0.94906,-18.267,-171.41,29.658
21.5,29.639,34.522,195.47,1.2852,0.10803,-0.0050974,29.669,0.98384,-18.326,-171.38,29.639
21.51,29.62,34.527,195.58,1.2797,0.10568,-0.0048987,29.649,1.025,-18.385,-171.35,29.62
21.52,29.601,34.532,195.67,1.2744,0.1034,-0.0047058,29.63,1.0723,-18.443,-171.32,29.601
21.53,29.582,34.537,195.77,1.269,0.10119,-0.0045187,29.611,1.1256,-18.5,-171.29,29.582
21.54,29.562,34.542,195.86,1.2637,0.099035,-0.0043372,29.591,1.1849,-18.556,-171.27,29.562
21.55,29.542,34.547,195.94,1.2585,0.096944,-0.0041613,29.571,1.2499,-18.611,-171.24,29.543
21.56,29.523,34.551,196.02,1.2533,0.094914,-0.0039907,29.551,1.3205,-18.666,-171.21,29.523
21.57,29.503,34.556,196.1,1.2481,0.092942,-0.0038253,29.531,1.3967,-18.72,-171.19,29.503
21.58,29.483,34.561,196.17,1.243,0.091028,-0.0036651,29.51,1.4781,-18.773,-171.17,29.483
21.59,29.462,34.565,196.24,1.238,0.08917,-0.0035098,29.49,1.5648,-18.825,-171.14,29.463
21.6,29.442,34.57,196.3,1.2329,0.087367,-0.0033593,29.469,1.6566,-18.877,-171.12,29.442
21.61,29.421,34.574,196.37,1.2279,0.085616,-0.0032136,29.448,1.7532,-18.928,-171.1,29.422
21.62,29.4,34.578,196.42,1.223,0.083917,-0.0030724,29.427,1.8547,-18.978,-171.08,29.401
21.63,29.38,34.583,196.48,1.218,0.082268,-0.0029356,29.406,1.9608,-19.028,-171.06,29.38
21.64,29.358,34.587,196.53,1.2131,0.080667,-0.0028032,29.385,2.0714,-19.077,-171.04,29.359
21.65,29.337,34.591,196.57,1.2083,0.079112,-0.0026749,29.363,2.1863,-19.125,-171.02,29.338
21.66,29.316,34.595,196.62,1.2035,0.077604,-0.0025506,29.342,2.3055,-19.173,-171.01,29.317
21.67,29.295,34.599,196.66,1.1987,0.076138,-0.0024302,29.32,2.4287,-19.221,-170.99,29.295
21.68,29.273,34.603,196.69,1.1939,0.074716,-0.0023136,29.299,2.5559,-19.267,-170.97,29.274
21.69,29.251,34.607,196.73,1.1892,0.073334,-0.0022006,29.277,2.6869,-19.314,-170.96,29.252
21.7,29.23,34.611,196.76,1.1845,0.071991,-0.002091,29.255,2.8215,-19.359,-170.94,29.23
21.71,29.208,34.614,196.79,1.1798,0.070686,-0.0019849,29.233,2.9596,-19.405,-170.93,29.208
21.72,29.186,34.618,196.81,1.1751,0.069417,-0.0018819,29.21,3.1011,-19.45,-170.91,29.187
21.73,29.164,34.622,196.84,1.1705,0.068184,-0.0017821,29.188,3.2459,-19.494,-170.9,29.164
21.74,29.141,34.626,196.86,1.1659,0.066983,-0.0016851,29.166,3.3937,-19.538,-170.89,29.142
21.75,29.119,34.629,196.88,1.1613,0.065814,-0.001591,29.143,3.5445,-19.581,-170.87,29.12
21.76,29.097,34.633,196.89,1.1567,0.064675,-0.0014996,29.121,3.6981,-19.625,-170.86,29.098
21.77,29.074,34.636,196.91,1.1522,0.063565,-0.0014108,29.098,3.8544,-19.667,-170.85,29.075
21.78,29.052,34.64,196.92,1.1477,0.062482,-0.0013243,29.075,4.0132,-19.71,-170.84,29.053
21.79,29.029,34.643,196.93,1.1432,0.061425,-0.0012401,29.053,4.1743,-19.752,-170.83,29.03
21.8,29.007,34.647,196.94,1.1387,0.060391,-0.0011581,29.03,4.3378,-19.794,-170.82,29.008
21.81,28.984,34.65,196.95,1.1342,0.059381,-0.0010781,29.007,4.5033,-19.835,-170.81,28.985
21.82,28.961,34.654,196.95,1.1298,0.058391,-0.00099993,28.984,4.6708,-19.876,-170.8,28.962
21.83,28.938,34.657,196.96,1.1253,0.057422,-0.00092352,28.961,4.8401,-19.917,-170.79,28.94
21.84,28.915,34.66,196.96,1.1209,0.05647,-0.00084872,28.938,5.0111,-19.958,-170.78,28.917
21.85,28.893,34.664,196.96,1.1165,0.055535,-0.0007754,28.915,5.1837,-19.999,-170.77,28.894
21.86,28.87,34.667,196.96,1.1121,0.054615,-0.00070341,28.891,5.3576,-20.039,-170.76,28.871
21.87,28.847,34.67,196.96,1.1077,0.053708,-0.00063262,28.868,5.5328,-20.079,-170.75,28.848
21.88,28.823,34.674,196.96,1.1033,0.052814,-0.00056291,28.845,5.7092,-20.119,-170.74,28.825
21.89,28.8,34.677,196.96,1.0989,0.05193,-0.00049412,28.822,5.8865,-20.159,-170.73,28.802
21.9,28.777,34.68,196.96,1.0946,0.051055,-0.00042614,28.798,6.0646,-20.199,-170.73,28.779
21.91,28.754,34.683,196.96,1.0902,0.050187,-0.00035883,28.775,6.2435,-20.239,-170.72,28.756
21.92,28.731,34.686,196.95,1.0858,0.049326,-0.00029204,28.752,6.4229,-20.278,-170.71,28.733
21.93,28.708,34.69,196.95,1.0815,0.048469,-0.00022566,28.728,6.6027,-20.318,-170.7,28.709
21.94,28.685,34.693,196.95,1.0771,0.047615,-0.00015953,28.705,6.7828,-20.357,-170.69,28.686
21.95,28.662,34.696,196.94,1.0727,0.046762,-9.3535e-05,28.682,6.963,-20.397,-170.69,28.663
21.96,28.638,34.699,196.94,1.0684,0.045909,-2.7533e-05,28.658,7.1433,-20.436,-170.68,28.64
21.97,28.615,34.703,196.93,1.064,0.045055,3.8609e-05,28.635,7.3233,-20.476,-170.67,28.617
21.98,28.592,34.706,196.93,1.0597,0.044198,0.00010503,28.612,7.5031,-20.515,-170.66,28.594
21.99,28.569,34.709,196.93,1.0553,0.043336,0.00017186,28.588,7.6825,-20.555,-170.65,28.571
22,28.546,34.712,196.93,1.0509,0.042468,0.00023937,28.565,7.8612,-20.595,-170.65,28.548
22.01,28.523,34.716,196.92,1.0466,0.041595,0.00030788,28.542,8.0391,-20.634,-170.64,28.525
22.02,28.5,34.719,196.92,1.0422,0.040714,0.00037771,28.518,8.216,-20.674,-170.63,28.502
22.03,28.477,34.722,196.92,1.0378,0.039826,0.00044919,28.495,8.3916,-20.714,-170.62,28.479
22.04,28.453,34.725,196.93,1.0334,0.038929,0.00052265,28.472,8.5658,-20.755,-170.61,28.456
22.05,28.43,34.729,196.93,1.029,0.038024,0.00059842,28.449,8.7383,-20.795,-170.6,28.433
22.06,28.407,34.732,196.94,1.0247,0.037109,0.00067687,28.425,8.9089,-20.835,-170.59,28.41
22.07,28.384,34.735,196.95,1.0203,0.036186,0.00075867,28.402,9.0778,-20.876,-170.58,28.387
22.08,28.362,34.738,196.96,1.0159,0.035255,0.00084462,28.379,9.2449,-20.917,-170.57,28.364
22.09,28.339,34.742,196.98,1.0115,0.034319,0.00093552,28.356,9.4105,-20.958,-170.56,28.341
22.1,28.316,34.745,197,1.0071,0.033378,0.0010322,28.333,9.5747,-21,-170.55,28.318
22.11,28.293,34.749,197.03,1.0028,0.032433,0.0011354,28.31,9.7375,-21.041,-170.54,28.295
22.12,28.27,34.752,197.06,0.99844,0.031487,0.0012459,28.287,9.8992,-21.083,-170.52,28.272
22.13,28.247,34.755,197.1,0.99413,0.030541,0.0013646,28.264,10.06,-21.125,-170.51,28.249
22.14,28.224,34.759,197.15,0.98985,0.029595,0.0014923,28.241,10.22,-21.168,-170.49,28.227
22.15,28.201,34.762,197.2,0.9856,0.028651,0.0016296,28.218,10.378,-21.21,-170.48,28.204
22.16,28.178,34.765,197.26,0.98138,0.02771,0.0017776,28.195,10.537,-21.253,-170.46,28.181
22.17,28.156,34.769,197.33,0.97721,0.026775,0.0019369,28.172,10.694,-21.296,-170.44,28.158
22.18,28.133,34.772,197.4,0.97308,0.025845,0.0021083,28.149,10.852,-21.34,-170.43,28.135
22.19,28.11,34.776,197.49,0.969,0.024923,0.0022927,28.126,11.008,-21.384,-170.4,28.113
22.2,28.087,34.779,197.58,0.96497,0.02401,0.0024908,28.102,11.165,-21.428,-170.38,28.09
22.21,28.064,34.782,197.69,0.961,0.023107,0.0027035,28.079,11.322,-21.472,-170.36,28.067
22.22,28.042,34.786,197.81,0.95709,0.022215,0.0029317,28.056,11.479,-21.517,-170.34,28.044
22.23,28.019,34.789,197.93,0.95323,0.021334,0.0031764,28.033,11.635,-21.562,-170.31,28.022
22.24,27.996,34.793,198.07,0.94942,0.020465,0.003439,28.01,11.79,-21.607,-170.28,27.999
22.25,27.973,34.796,198.23,0.94566,0.019607,0.0037206,27.988,11.945,-21.653,-170.26,27.976
22.26,27.951,34.799,198.39,0.94193,0.018761,0.0040226,27.965,12.098,-21.698,-170.22,27.953
22.27,27.928,34.803,198.57,0.93823,0.017925,0.0043463,27.942,12.249,-21.744,-170.19,27.931
22.28,27.905,34.806,198.77,0.93456,0.017104,0.004693,27.919,12.397,-21.79,-170.16,27.908
22.29,27.883,34.81,198.97,0.93091,0.016301,0.0050644,27.896,12.544,-21.836,-170.12,27.886
22.3,27.861,34.814,199.2,0.92727,0.015518,0.0054623,27.874,12.688,-21.881,-170.08,27.863
22.31,27.838,34.817,199.44,0.92366,0.014761,0.0058887,27.851,12.83,-21.927,-170.04,27.841
22.32,27.816,34.821,199.7,0.92007,0.014032,0.0063456,27.829,12.969,-21.972,-170,27.819
22.33,27.795,34.825,199.97,0.91652,0.013336,0.006835,27.807,13.105,-22.016,-169.96,27.798
22.34,27.773,34.829,200.26,0.91303,0.012677,0.0073589,27.786,13.237,-22.06,-169.91,27.776
22.35,27.752,34.833,200.57,0.90961,0.012058,0.0079195,27.764,13.365,-22.103,-169.86,27.755
22.36,27.731,34.838,200.9,0.90625,0.011484,0.0085187,27.743,13.49,-22.145,-169.8,27.735
22.37,27.711,34.842,201.25,0.90299,0.010958,0.0091588,27.723,13.61,-22.187,-169.75,27.714
22.38,27.691,34.847,201.62,0.89981,0.010483,0.0098416,27.703,13.727,-22.227,-169.69,27.694
22.39,27.672,34.852,202.01,0.89673,0.010062,0.010569,27.683,13.84,-22.265,-169.63,27.675
22.4,27.653,34.857,202.43,0.89374,0.0096978,0.011342,27.664,13.949,-22.302,-169.56,27.656
22.41,27.634,34.862,202.86,0.89085,0.0093919,0.012163,27.645,14.054,-22.338,-169.49,27.638
22.42,27.617,34.868,203.32,0.88804,0.0091468,0.013032,27.627,14.154,-22.371,-169.42,27.62
22.43,27.6,34.874,203.79,0.88534,0.0089642,0.01395,27.61,14.25,-22.402,-169.35,27.603
22.44,27.583,34.88,204.3,0.88272,0.0088457,0.014917,27.593,14.341,-22.431,-169.27,27.586
22.45,27.567,34.886,204.82,0.8802,0.0087923,0.015934,27.576,14.425,-22.458,-169.19,27.57
22.46,27.552,34.893,205.37,0.87777,0.0088052,0.017,27.561,14.503,-22.483,-169.1,27.555
22.47,27.537,34.9,205.95,0.87542,0.0088852,0.018114,27.546,14.574,-22.507,-169.01,27.54
22.48,27.523,34.907,206.55,0.87317,0.0090332,0.019275,27.531,14.638,-22.528,-168.92,27.526
22.49,27.509,34.915,207.17,0.87099,0.00925,0.020483,27.517,14.694,-22.547,-168.83,27.512
22.5,27.496,34.923,207.82,0.8689,0.0095363,0.021735,27.504,14.743,-22.565,-168.73,27.5
22.51,27.484,34.931,208.5,0.86688,0.0098927,0.02303,27.491,14.785,-22.58,-168.63,27.487
22.52,27.472,34.939,209.2,0.86494,0.01032,0.024367,27.48,14.819,-22.594,-168.52,27.476
22.53,27.461,34.948,209.92,0.86307,0.010817,0.025744,27.468,14.845,-22.607,-168.41,27.465
22.54,27.451,34.956,210.67,0.86127,0.011386,0.027157,27.458,14.862,-22.618,-168.3,27.455
22.55,27.442,34.966,211.44,0.85954,0.012027,0.028606,27.448,14.871,-22.627,-168.19,27.445
22.56,27.433,34.975,212.24,0.85786,0.01274,0.030087,27.438,14.869,-22.635,-168.08,27.436
22.57,27.424,34.985,213.06,0.85624,0.013525,0.031597,27.43,14.857,-22.641,-167.96,27.428
22.58,27.417,34.995,213.9,0.85467,0.014383,0.033132,27.422,14.835,-22.647,-167.84,27.42
22.59,27.41,35.005,214.77,0.85315,0.015313,0.034689,27.414,14.802,-22.651,-167.72,27.413
22.6,27.403,35.016,215.65,0.85167,0.016314,0.036265,27.407,14.76,-22.653,-167.6,27.407
22.61,27.398,35.027,216.56,0.85022,0.017386,0.037854,27.401,14.708,-22.655,-167.47,27.401
22.62,27.393,35.038,217.48,0.84881,0.018529,0.039454,27.395,14.648,-22.655,-167.35,27.396
22.63,27.388,35.049,218.43,0.84743,0.019742,0.04106,27.39,14.58,-22.654,-167.22,27.391
22.64,27.384,35.061,219.38,0.84605,0.021023,0.042672,27.386,14.503,-22.651,-167.1,27.387
22.65,27.381,35.073,220.36,0.84467,0.022373,0.044288,27.382,14.42,-22.648,-166.97,27.384
22.66,27.378,35.085,221.35,0.84327,0.023789,0.045906,27.379,14.329,-22.643,-166.84,27.381
22.67,27.375,35.097,222.35,0.84183,0.025271,0.047524,27.376,14.232,-22.638,-166.71,27.379
22.68,27.373,35.109,223.36,0.84034,0.026817,0.049138,27.373,14.129,-22.631,-166.58,27.376
22.69,27.371,35.122,224.38,0.83877,0.028423,0.050744,27.371,14.021,-22.623,-166.45,27.375
22.7,27.37,35.135,225.4,0.83712,0.030089,0.052337,27.369,13.911,-22.615,-166.32,27.373
22.71,27.368,35.147,226.42,0.83537,0.031811,0.053912,27.367,13.798,-22.605,-166.19,27.371
22.72,27.367,35.16,227.45,0.83352,0.033587,0.055465,27.365,13.685,-22.594,-166.05,27.37
22.73,27.366,35.173,228.46,0.83156,0.035416,0.056991,27.363,13.572,-22.583,-165.92,27.369
22.74,27.365,35.186,229.47,0.82949,0.037295,0.058484,27.361,13.46,-22.571,-165.79,27.368
22.75,27.363,35.199,230.47,0.82732,0.039223,0.059939,27.36,13.351,-22.559,-165.66,27.366
22.76,27.362,35.211,231.45,0.82506,0.041198,0.061354,27.358,13.246,-22.546,-165.53,27.365
22.77,27.36,35.224,232.4,0.82274,0.043221,0.062724,27.356,13.144,-22.532,-165.4,27.363
22.78,27.359,35.236,233.33,0.82035,0.04529,0.064047,27.353,13.047,-22.519,-165.28,27.362
22.79,27.356,35.249,234.22,0.81793,0.047406,0.065319,27.351,12.955,-22.505,-165.17,27.359
22.8,27.354,35.261,235.07,0.81548,0.049567,0.066537,27.348,12.869,-22.491,-165.05,27.357
22.81,27.351,35.273,235.87,0.81301,0.051773,0.067696,27.344,12.788,-22.477,-164.95,27.354
22.82,27.347,35.285,236.62,0.81054,0.054023,0.068794,27.34,12.715,-22.463,-164.85,27.35
22.83,27.343,35.296,237.3,0.80808,0.056317,0.069824,27.336,12.65,-22.45,-164.76,27.346
22.84,27.338,35.308,237.91,0.80565,0.058652,0.070784,27.33,12.593,-22.437,-164.67,27.341
22.85,27.333,35.319,238.44,0.80325,0.061029,0.071669,27.324,12.546,-22.425,-164.6,27.336
22.86,27.326,35.329,238.88,0.8009,0.063445,0.072474,27.317,12.509,-22.414,-164.53,27.329
22.87,27.318,35.339,239.22,0.79861,0.065901,0.073195,27.309,12.482,-22.405,-164.48,27.321
22.88,27.31,35.349,239.46,0.7964,0.068395,0.073829,27.3,12.468,-22.396,-164.43,27.313
22.89,27.3,35.358,239.59,0.79427,0.070927,0.074371,27.29,12.465,-22.389,-164.39,27.303
22.9,27.289,35.366,239.61,0.79225,0.073494,0.074816,27.278,12.477,-22.383,-164.37,27.292
22.91,27.276,35.374,239.49,0.79034,0.076096,0.07516,27.265,12.502,-22.38,-164.36,27.279
22.92,27.262,35.381,239.23,0.78857,0.07873,0.075397,27.251,12.543,-22.379,-164.36,27.265
22.93,27.247,35.388,238.84,0.78692,0.081386,0.075529,27.235,12.601,-22.38,-164.37,27.25
22.94,27.23,35.394,238.32,0.78538,0.084051,0.075567,27.218,12.676,-22.383,-164.4,27.233
22.95,27.211,35.4,237.68,0.78395,0.08671,0.075519,27.199,12.769,-22.389,-164.43,27.214
22.96,27.191,35.404,236.95,0.7826,0.089351,0.075394,27.179,12.88,-22.396,-164.47,27.194
22.97,27.17,35.409,236.14,0.78133,0.09196,0.075202,27.158,13.009,-22.406,-164.52,27.173
22.98,27.148,35.412,235.24,0.78014,0.094524,0.074951,27.135,13.158,-22.417,-164.57,27.151
22.99,27.124,35.416,234.29,0.77903,0.097028,0.07465,27.111,13.325,-22.43,-164.63,27.127
23,27.099,35.418,233.28,0.778,0.09946,0.074306,27.086,13.512,-22.446,-164.68,27.103
23.01,27.074,35.42,232.24,0.77705,0.1018,0.073931,27.06,13.718,-22.462,-164.74,27.077
23.02,27.047,35.422,231.16,0.77618,0.10404,0.073532,27.033,13.942,-22.481,-164.79,27.05
23.03,27.019,35.424,230.06,0.77541,0.10614,0.073116,27.005,14.183,-22.501,-164.85,27.022
23.04,26.99,35.425,228.94,0.77477,0.10809,0.072691,26.977,14.439,-22.522,-164.89,26.993
23.05,26.96,35.425,227.8,0.77426,0.10988,0.072262,26.947,14.709,-22.545,-164.94,26.964
23.06,26.93,35.426,226.67,0.77393,0.11149,0.071839,26.917,14.991,-22.57,-164.98,26.934
23.07,26.899,35.426,225.54,0.77376,0.11293,0.071429,26.886,15.284,-22.596,-165.01,26.903
23.08,26.868,35.426,224.41,0.7738,0.11417,0.071039,26.854,15.585,-22.624,-165.03,26.871
23.09,26.836,35.425,223.3,0.77404,0.11521,0.070675,26.822,15.892,-22.653,-165.04,26.839
23.1,26.803,35.425,222.2,0.7745,0.11603,0.070345,26.79,16.203,-22.683,-165.05,26.807
23.11,26.77,35.424,221.12,0.7752,0.11664,0.070055,26.757,16.515,-22.714,-165.04,26.774
23.12,26.737,35.424,220.07,0.77615,0.11706,0.069809,26.724,16.828,-22.747,-165.01,26.741
23.13,26.704,35.423,219.05,0.77737,0.11731,0.069613,26.691,17.14,-22.781,-164.98,26.708
23.14,26.672,35.422,218.06,0.77888,0.11742,0.069467,26.658,17.453,-22.815,-164.93,26.675
23.15,26.639,35.422,217.1,0.78071,0.1174,0.069371,26.625,17.766,-22.85,-164.87,26.643
23.16,26.606,35.421,216.19,0.78287,0.11727,0.069324,26.592,18.078,-22.885,-164.8,26.61
23.17,26.574,35.421,215.31,0.78541,0.11704,0.069323,26.56,18.391,-22.92,-164.71,26.578
23.18,26.542,35.42,214.47,0.78833,0.11673,0.069368,26.528,18.705,-22.956,-164.62,26.546
23.19,26.51,35.42,213.68,0.79167,0.11635,0.069456,26.496,19.02,-22.991,-164.52,26.514
23.2,26.478,35.42,212.93,0.79546,0.11594,0.069582,26.464,19.338,-23.025,-164.41,26.483
23.21,26.447,35.42,212.23,0.79972,0.11549,0.069739,26.433,19.659,-23.059,-164.3,26.451
23.22,26.416,35.42,211.57,0.8045,0.11502,0.069917,26.402,19.984,-23.093,-164.18,26.42
23.23,26.385,35.421,210.96,0.80982,0.11453,0.070109,26.371,20.314,-23.126,-164.05,26.389
23.24,26.354,35.421,210.39,0.8157,0.11401,0.070307,26.34,20.648,-23.16,-163.93,26.359
23.25,26.323,35.421,209.87,0.82215,0.11347,0.070506,26.309,20.987,-23.192,-163.8,26.328
23.26,26.293,35.422,209.39,0.82917,0.11291,0.070704,26.279,21.329,-23.224,-163.67,26.298
23.27,26.263,35.423,208.95,0.83675,0.1123,0.070898,26.249,21.672,-23.257,-163.55,26.268
23.28,26.233,35.423,208.56,0.84487,0.11164,0.071088,26.219,22.016,-23.289,-163.42,26.238
23.29,26.204,35.424,208.2,0.8535,0.11092,0.071275,26.189,22.359,-23.321,-163.29,26.209
23.3,26.174,35.425,207.87,0.86261,0.11016,0.071458,26.16,22.699,-23.352,-163.16,26.18
23.31,26.146,35.426,207.58,0.87216,0.10933,0.071638,26.131,23.035,-23.384,-163.03,26.151
23.32,26.117,35.428,207.32,0.88213,0.10844,0.071812,26.103,23.366,-23.417,-162.89,26.122
23.33,26.089,35.429,207.1,0.89252,0.10748,0.071982,26.075,23.691,-23.449,-162.76,26.095
23.34,26.062,35.431,206.9,0.9033,0.10644,0.072148,26.047,24.008,-23.482,-162.63,26.067
23.35,26.035,35.433,206.73,0.91445,0.10536,0.07231,26.02,24.315,-23.516,-162.49,26.04
23.36,26.008,35.436,206.59,0.92597,0.10425,0.072467,25.993,24.613,-23.549,-162.36,26.014
23.37,25.982,35.438,206.47,0.93784,0.10311,0.07262,25.967,24.899,-23.583,-162.23,25.988
23.38,25.957,35.441,206.38,0.95005,0.10195,0.072769,25.941,25.171,-23.616,-162.11,25.963
23.39,25.932,35.444,206.31,0.96256,0.1008,0.072913,25.916,25.429,-23.65,-161.99,25.937
23.4,25.907,35.447,206.25,0.97536,0.099653,0.073051,25.891,25.669,-23.683,-161.87,25.913
23.41,25.883,35.45,206.22,0.98842,0.098527,0.073184,25.867,25.89,-23.716,-161.77,25.889
23.42,25.859,35.453,206.21,1.0017,0.097431,0.07331,25.843,26.091,-23.75,-161.67,25.865
23.43,25.835,35.456,206.21,1.0152,0.09637,0.073429,25.819,26.273,-23.784,-161.57,25.841
23.44,25.811,35.46,206.23,1.0289,0.095348,0.07354,25.795,26.435,-23.818,-161.48,25.817
23.45,25.788,35.464,206.26,1.0427,0.094369,0.073645,25.771,26.579,-23.852,-161.41,25.794
23.46,25.765,35.467,206.31,1.0565,0.093433,0.073741,25.748,26.706,-23.886,-161.33,25.77
23.47,25.741,35.471,206.37,1.0703,0.092539,0.073829,25.724,26.815,-23.921,-161.27,25.747
23.48,25.718,35.475,206.43,1.0841,0.091682,0.073905,25.701,26.91,-23.956,-161.22,25.724
23.49,25.694,35.478,206.51,1.0977,0.090856,0.073965,25.677,26.993,-23.99,-161.17,25.7
23.5,25.67,35.482,206.6,1.111,0.090058,0.074009,25.653,27.068,-24.024,-161.14,25.676
23.51,25.646,35.485,206.7,1.1239,0.089289,0.074035,25.628,27.137,-24.058,-161.12,25.652
23.52,25.621,35.488,206.81,1.1363,0.088546,0.074038,25.603,27.203,-24.092,-161.11,25.627
23.53,25.596,35.491,206.93,1.148,0.087823,0.074009,25.578,27.266,-24.126,-161.12,25.602
23.54,25.57,35.494,207.05,1.1589,0.087115,0.07394,25.552,27.326,-24.159,-161.14,25.576
23.55,25.543,35.496,207.18,1.1687,0.086415,0.073821,25.525,27.384,-24.194,-161.17,25.549
23.56,25.516,35.498,207.32,1.1773,0.085714,0.073644,25.498,27.44,-24.228,-161.23,25.522
23.57,25.487,35.5,207.46,1.1845,0.085005,0.073404,25.469,27.497,-24.264,-161.3,25.493
23.58,25.458,35.501,207.61,1.1902,0.084285,0.073098,25.44,27.556,-24.299,-161.39,25.464
23.59,25.428,35.502,207.76,1.1944,0.083543,0.072729,25.409,27.622,-24.335,-161.5,25.434
23.6,25.397,35.503,207.92,1.1974,0.082766,0.072305,25.378,27.696,-24.371,-161.62,25.403
23.61,25.365,35.503,208.07,1.1992,0.081939,0.071834,25.347,27.782,-24.406,-161.76,25.371
23.62,25.333,35.503,208.23,1.2,0.081053,0.071326,25.315,27.88,-24.441,-161.91,25.339
23.63,25.301,35.503,208.39,1.2,0.08011,0.070789,25.282,27.992,-24.475,-162.07,25.307
23.64,25.268,35.503,208.55,1.1993,0.079113,0.070233,25.249,28.118,-24.508,-162.24,25.274
23.65,25.235,35.503,208.7,1.1979,0.078071,0.069666,25.216,28.258,-24.539,-162.42,25.241
23.66,25.202,35.503,208.85,1.196,0.07699,0.069095,25.183,28.413,-24.57,-162.61,25.208
23.67,25.169,35.503,208.99,1.1935,0.075876,0.068529,25.151,28.586,-24.599,-162.8,25.176
23.68,25.137,35.503,209.13,1.1905,0.074731,0.067976,25.118,28.777,-24.627,-162.99,25.143
23.69,25.104,35.503,209.27,1.1872,0.073558,0.067446,25.085,28.99,-24.652,-163.18,25.11
23.7,25.072,35.503,209.4,1.1834,0.072359,0.066949,25.053,29.226,-24.675,-163.37,25.078
23.71,25.04,35.503,209.52,1.1792,0.071134,0.066491,25.021,29.489,-24.696,-163.55,25.047
23.72,25.009,35.504,209.64,1.1748,0.069888,0.066081,24.99,29.782,-24.713,-163.73,25.015
23.73,24.978,35.505,209.76,1.17,0.068638,0.065724,24.959,30.106,-24.726,-163.91,24.985
23.74,24.948,35.506,209.87,1.1649,0.067402,0.065426,24.929,30.462,-24.735,-164.07,24.955
23.75,24.919,35.507,209.97,1.1596,0.066193,0.06519,24.9,30.85,-24.739,-164.24,24.926
23.76,24.89,35.509,210.07,1.1539,0.065031,0.065016,24.871,31.272,-24.739,-164.39,24.897
23.77,24.862,35.511,210.17,1.1477,0.063933,0.064904,24.842,31.729,-24.734,-164.53,24.869
23.78,24.834,35.513,210.26,1.1411,0.062919,0.064854,24.814,32.222,-24.724,-164.67,24.841
23.79,24.807,35.515,210.35,1.1339,0.062006,0.064867,24.787,32.751,-24.708,-164.81,24.814
23.8,24.78,35.518,210.44,1.1262,0.061198,0.064947,24.76,33.313,-24.687,-164.93,24.787
23.81,24.754,35.52,210.52,1.1182,0.060492,0.065098,24.734,33.902,-24.662,-165.04,24.761
23.82,24.728,35.523,210.61,1.1099,0.059881,0.065319,24.708,34.511,-24.633,-165.15,24.735
23.83,24.702,35.526,210.69,1.1014,0.059361,0.065609,24.682,35.132,-24.602,-165.24,24.71
23.84,24.677,35.529,210.77,1.0929,0.058923,0.065964,24.657,35.761,-24.567,-165.31,24.685
23.85,24.652,35.532,210.84,1.0843,0.058562,0.06638,24.631,36.388,-24.532,-165.38,24.66
23.86,24.627,35.536,210.92,1.0757,0.058266,0.066852,24.606,37.007,-24.495,-165.43,24.635
23.87,24.603,35.539,210.99,1.0673,0.058029,0.067374,24.582,37.612,-24.459,-165.47,24.611
23.88,24.578,35.543,211.06,1.0589,0.057848,0.067941,24.557,38.201,-24.423,-165.49,24.587
23.89,24.554,35.546,211.13,1.0508,0.057716,0.068546,24.533,38.767,-24.388,-165.5,24.562
23.9,24.53,35.55,211.2,1.0428,0.05763,0.069184,24.509,39.307,-24.355,-165.51,24.538
23.91,24.506,35.554,211.26,1.035,0.057582,0.069846,24.484,39.815,-24.325,-165.5,24.514
23.92,24.482,35.557,211.32,1.0275,0.057563,0.070526,24.46,40.288,-24.297,-165.48,24.49
23.93,24.458,35.561,211.38,1.0203,0.057563,0.071219,24.436,40.724,-24.273,-165.46,24.466
23.94,24.434,35.565,211.43,1.0133,0.057575,0.071918,24.412,41.122,-24.252,-165.42,24.442
23.95,24.409,35.568,211.48,1.0068,0.057597,0.072619,24.387,41.482,-24.234,-165.38,24.418
23.96,24.385,35.572,211.52,1.0007,0.057627,0.073317,24.363,41.807,-24.221,-165.33,24.394
23.97,24.361,35.576,211.56,0.99503,0.05766,0.074004,24.339,42.098,-24.211,-165.28,24.37
23.98,24.337,35.579,211.6,0.98992,0.057691,0.074678,24.314,42.358,-24.205,-165.22,24.346
23.99,24.313,35.583,211.64,0.98534,0.057716,0.075336,24.29,42.591,-24.202,-165.15,24.322
24,24.288,35.587,211.67,0.98129,0.057739,0.075978,24.265,42.802,-24.202,-165.08,24.297
24.01,24.264,35.59,211.7,0.97778,0.057761,0.076605,24.241,42.996,-24.205,-165,24.273
24.02,24.24,35.594,211.73,0.97483,0.057786,0.07722,24.217,43.179,-24.209,-164.92,24.249
24.03,24.216,35.598,211.76,0.97242,0.057816,0.077822,24.192,43.357,-24.216,-164.82,24.225
24.04,24.191,35.601,211.79,0.97059,0.057854,0.078412,24.168,43.535,-24.224,-164.72,24.2
24.05,24.167,35.605,211.82,0.96933,0.057903,0.078989,24.143,43.717,-24.233,-164.62,24.176
24.06,24.143,35.609,211.85,0.96866,0.057966,0.079554,24.119,43.91,-24.243,-164.5,24.152
24.07,24.118,35.612,211.89,0.9686,0.058047,0.080111,24.094,44.117,-24.253,-164.37,24.128
24.08,24.094,35.616,211.92,0.96915,0.058147,0.08066,24.07,44.343,-24.262,-164.23,24.104
24.09,24.07,35.62,211.96,0.97032,0.058268,0.081205,24.046,44.593,-24.27,-164.09,24.08
24.1,24.046,35.624,211.99,0.9721,0.058416,0.081752,24.022,44.871,-24.276,-163.94,24.056
24.11,24.023,35.628,212.03,0.97448,0.058602,0.082311,23.998,45.182,-24.279,-163.78,24.033
24.12,24,35.632,212.07,0.97747,0.058835,0.082892,23.975,45.525,-24.28,-163.61,24.01
24.13,23.977,35.636,212.11,0.9811,0.059122,0.083504,23.952,45.9,-24.278,-163.42,23.987
24.14,23.956,35.641,212.14,0.98539,0.059467,0.084153,23.93,46.3,-24.272,-163.23,23.965
24.15,23.934,35.646,212.17,0.99035,0.059873,0.084842,23.909,46.723,-24.263,-163.03,23.944
24.16,23.914,35.651,212.2,0.99595,0.060341,0.085576,23.888,47.164,-24.251,-162.81,23.924
24.17,23.894,35.657,212.23,1.0022,0.060874,0.086364,23.868,47.623,-24.235,-162.58,23.904
24.18,23.875,35.662,212.26,1.0089,0.061472,0.087209,23.849,48.098,-24.217,-162.34,23.885
24.19,23.856,35.668,212.28,1.0162,0.062132,0.088112,23.83,48.589,-24.195,-162.07,23.867
24.2,23.839,35.675,212.3,1.0239,0.062846,0.089072,23.812,49.095,-24.171,-161.79,23.849
24.21,23.822,35.681,212.31,1.0319,0.063606,0.09009,23.795,49.618,-24.144,-161.5,23.833
24.22,23.806,35.688,212.32,1.0402,0.064405,0.091169,23.779,50.16,-24.113,-161.19,23.817
24.23,23.791,35.696,212.33,1.0488,0.065239,0.092316,23.764,50.724,-24.08,-160.86,23.802
24.24,23.777,35.703,212.34,1.0576,0.066107,0.093534,23.749,51.316,-24.043,-160.52,23.787
24.25,23.763,35.711,212.33,1.0665,0.067011,0.094825,23.735,51.939,-24.003,-160.17,23.774
24.26,23.75,35.719,212.33,1.0754,0.067957,0.096192,23.722,52.598,-23.959,-159.79,23.762
24.27,23.738,35.728,212.32,1.0844,0.068943,0.097627,23.71,53.293,-23.911,-159.4,23.75
24.28,23.727,35.737,212.3,1.0932,0.069964,0.099121,23.698,54.025,-23.86,-158.99,23.738
24.29,23.716,35.746,212.28,1.1018,0.071017,0.10066,23.687,54.791,-23.805,-158.57,23.727
24.3,23.705,35.754,212.25,1.1103,0.072101,0.10225,23.675,55.588,-23.749,-158.14,23.717
24.31,23.694,35.763,212.23,1.1187,0.073215,0.10387,23.664,56.412,-23.69,-157.7,23.706
24.32,23.683,35.772,212.19,1.1271,0.074358,0.10552,23.652,57.261,-23.629,-157.24,23.695
24.33,23.671,35.781,212.15,1.1355,0.075522,0.10719,23.64,58.129,-23.568,-156.78,23.683
24.34,23.659,35.789,212.11,1.1439,0.076701,0.10885,23.628,59.012,-23.507,-156.32,23.671
24.35,23.645,35.797,212.07,1.1521,0.077886,0.11049,23.614,59.904,-23.447,-155.85,23.658
24.36,23.631,35.805,212.02,1.1603,0.079088,0.1121,23.599,60.804,-23.389,-155.39,23.644
24.37,23.615,35.812,211.98,1.1683,0.080325,0.11365,23.583,61.707,-23.334,-154.94,23.628
24.38,23.598,35.819,211.94,1.1761,0.081618,0.11514,23.565,62.612,-23.282,-154.5,23.611
24.39,23.578,35.824,211.9,1.1836,0.082981,0.11655,23.546,63.512,-23.235,-154.07,23.591
24.4,23.556,35.829,211.86,1.1907,0.084422,0.11787,23.524,64.404,-23.192,-153.67,23.57
24.41,23.533,35.833,211.82,1.1974,0.085946,0.11908,23.5,65.286,-23.154,-153.28,23.546
24.42,23.507,35.836,211.8,1.2038,0.087555,0.1202,23.474,66.159,-23.121,-152.91,23.52
24.43,23.479,35.838,211.77,1.2097,0.089245,0.1212,23.446,67.022,-23.093,-152.56,23.493
24.44,23.448,35.84,211.76,1.2152,0.091011,0.1221,23.415,67.876,-23.07,-152.24,23.462
24.45,23.416,35.841,211.75,1.2203,0.092844,0.12288,23.383,68.72,-23.052,-151.93,23.43
24.46,23.381,35.84,211.75,1.2248,0.09473,0.12354,23.348,69.552,-23.04,-151.65,23.396
24.47,23.345,35.839,211.76,1.2288,0.096658,0.12408,23.312,70.373,-23.033,-151.4,23.359
24.48,23.306,35.838,211.78,1.2323,0.098617,0.1245,23.273,71.185,-23.032,-151.17,23.321
24.49,23.266,35.836,211.81,1.2352,0.10059,0.1248,23.233,71.988,-23.036,-150.96,23.281
24.5,23.224,35.833,211.85,1.2378,0.10258,0.12499,23.191,72.783,-23.045,-150.77,23.239
24.51,23.181,35.829,211.89,1.2401,0.10457,0.12509,23.148,73.568,-23.06,-150.6,23.196
24.52,23.136,35.825,211.95,1.2423,0.10657,0.1251,23.104,74.346,-23.078,-150.46,23.152
24.53,23.091,35.821,212.01,1.2444,0.10857,0.12503,23.058,75.119,-23.101,-150.34,23.106
24.54,23.044,35.816,212.08,1.2466,0.11057,0.12491,23.012,75.886,-23.127,-150.23,23.06
24.55,22.998,35.811,212.15,1.2488,0.11256,0.12473,22.966,76.641,-23.157,-150.15,23.013
24.56,22.95,35.806,212.22,1.251,0.11452,0.12451,22.918,77.379,-23.19,-150.08,22.966
24.57,22.903,35.801,212.3,1.2532,0.11649,0.12426,22.871,78.096,-23.226,-150.03,22.919
24.58,22.855,35.796,212.38,1.2554,0.11846,0.12398,22.823,78.79,-23.265,-150,22.871
24.59,22.807,35.791,212.46,1.2574,0.12043,0.12368,22.775,79.457,-23.307,-149.98,22.823
24.6,22.759,35.786,212.55,1.2593,0.12241,0.12335,22.727,80.093,-23.35,-149.97,22.775
24.61,22.711,35.781,212.63,1.2608,0.12439,0.123,22.68,80.692,-23.396,-149.97,22.727
24.62,22.663,35.776,212.72,1.2621,0.12637,0.12263,22.632,81.25,-23.443,-149.99,22.679
24.63,22.615,35.771,212.82,1.2632,0.12834,0.12225,22.584,81.765,-23.492,-150.01,22.631
24.64,22.567,35.766,212.92,1.264,0.13029,0.12185,22.536,82.238,-23.542,-150.04,22.583
24.65,22.519,35.761,213.02,1.2647,0.13222,0.12143,22.489,82.669,-23.593,-150.09,22.536
24.66,22.472,35.756,213.13,1.2653,0.13417,0.12101,22.442,83.061,-23.644,-150.14,22.489
24.67,22.425,35.751,213.24,1.2658,0.13618,0.1206,22.395,83.423,-23.696,-150.2,22.442
24.68,22.378,35.747,213.34,1.2663,0.13832,0.12021,22.348,83.764,-23.748,-150.28,22.395
24.69,22.331,35.743,213.44,1.2667,0.14065,0.11985,22.302,84.094,-23.799,-150.36,22.348
24.7,22.285,35.738,213.53,1.267,0.14322,0.11953,22.256,84.424,-23.849,-150.46,22.302
24.71,22.239,35.734,213.62,1.2672,0.14609,0.11925,22.21,84.76,-23.898,-150.57,22.256
24.72,22.194,35.73,213.69,1.2672,0.14928,0.11902,22.164,85.112,-23.946,-150.69,22.211
24.73,22.148,35.726,213.76,1.2671,0.15283,0.11884,22.119,85.486,-23.994,-150.83,22.165
24.74,22.103,35.723,213.82,1.2668,0.15679,0.11873,22.073,85.888,-24.04,-150.98,22.12
24.75,22.058,35.719,213.86,1.2662,0.16118,0.11868,22.028,86.324,-24.086,-151.15,22.075
24.76,22.013,35.715,213.9,1.2655,0.16601,0.11869,21.984,86.798,-24.131,-151.33,22.03
24.77,21.968,35.712,213.92,1.2647,0.1713,0.11878,21.939,87.315,-24.174,-151.51,21.985
24.78,21.924,35.709,213.94,1.2636,0.17705,0.11894,21.895,87.877,-24.217,-151.69,21.941
24.79,21.879,35.705,213.94,1.2623,0.18324,0.11915,21.851,88.483,-24.26,-151.89,21.897
24.8,21.835,35.702,213.94,1.2606,0.18983,0.11943,21.807,89.133,-24.302,-152.08,21.853
24.81,21.792,35.699,213.92,1.2586,0.19682,0.11976,21.763,89.827,-24.343,-152.28,21.809
24.82,21.748,35.696,213.9,1.256,0.20418,0.12013,21.719,90.563,-24.383,-152.47,21.766
24.83,21.704,35.693,213.88,1.2529,0.2119,0.12056,21.676,91.335,-24.423,-152.67,21.722
24.84,21.661,35.691,213.85,1.2492,0.21994,0.12101,21.632,92.139,-24.462,-152.87,21.679
24.85,21.617,35.688,213.81,1.245,0.22832,0.1215,21.589,92.969,-24.501,-153.06,21.635
24.86,21.574,35.685,213.78,1.2404,0.23703,0.12201,21.545,93.815,-24.538,-153.25,21.592
24.87,21.53,35.682,213.74,1.2355,0.24609,0.12253,21.502,94.666,-24.575,-153.43,21.549
24.88,21.486,35.679,213.71,1.2304,0.25547,0.12307,21.458,95.517,-24.611,-153.61,21.505
24.89,21.443,35.677,213.68,1.2253,0.26518,0.12362,21.415,96.366,-24.645,-153.78,21.462
24.9,21.4,35.674,213.64,1.2203,0.2752,0.12419,21.372,97.213,-24.678,-153.94,21.419
24.91,21.357,35.672,213.61,1.2154,0.28557,0.12478,21.329,98.064,-24.709,-154.09,21.376
24.92,21.314,35.669,213.58,1.2109,0.29629,0.12541,21.286,98.931,-24.736,-154.22,21.334
24.93,21.272,35.667,213.55,1.2067,0.30731,0.12608,21.244,99.823,-24.761,-154.33,21.292
24.94,21.23,35.665,213.51,1.203,0.3186,0.12678,21.203,100.75,-24.781,-154.42,21.25
24.95,21.189,35.663,213.47,1.1998,0.33011,0.12753,21.161,101.72,-24.798,-154.5,21.209
24.96,21.148,35.662,213.44,1.1971,0.34182,0.12832,21.12,102.73,-24.81,-154.54,21.168
24.97,21.108,35.66,213.4,1.1948,0.3537,0.12915,21.08,103.79,-24.819,-154.57,21.128
24.98,21.067,35.659,213.37,1.193,0.3657,0.13,21.04,104.89,-24.824,-154.57,21.088
24.99,21.027,35.658,213.34,1.1915,0.37778,0.13087,21,106.04,-24.826,-154.55,21.048
25,20.987,35.656,213.31,1.1904,0.38992,0.13176,20.96,107.22,-24.826,-154.51,21.008
25.01,20.948,35.655,213.28,1.1895,0.4021,0.13266,20.92,108.43,-24.824,-154.45,20.969
25.02,20.909,35.654,213.26,1.189,0.41431,0.13358,20.881,109.68,-24.819,-154.37,20.93
25.03,20.869,35.654,213.23,1.1886,0.42655,0.13452,20.842,110.95,-24.814,-154.27,20.891
25.04,20.83,35.653,213.21,1.1883,0.43882,0.13546,20.803,112.24,-24.806,-154.16,20.852
25.05,20.791,35.652,213.19,1.1879,0.45118,0.13643,20.764,113.54,-24.798,-154.03,20.813
25.06,20.752,35.651,213.17,1.1874,0.46364,0.1374,20.725,114.85,-24.79,-153.9,20.774
25.07,20.713,35.65,213.15,1.1866,0.4762,0.13838,20.685,116.15,-24.782,-153.77,20.735
25.08,20.673,35.649,213.14,1.1854,0.48885,0.13938,20.646,117.43,-24.774,-153.64,20.696
25.09,20.633,35.648,213.13,1.1839,0.50153,0.14037,20.606,118.68,-24.768,-153.5,20.656
25.1,20.593,35.647,213.13,1.1822,0.5142,0.14136,20.566,119.89,-24.764,-153.37,20.616
25.11,20.552,35.646,213.13,1.1804,0.52686,0.14233,20.525,121.06,-24.762,-153.23,20.575
25.12,20.511,35.644,213.14,1.1786,0.53956,0.14329,20.484,122.17,-24.763,-153.09,20.534
25.13,20.47,35.643,213.16,1.1769,0.55237,0.14424,20.442,123.24,-24.765,-152.95,20.493
25.14,20.428,35.641,213.19,1.1753,0.5654,0.14519,20.401,124.26,-24.77,-152.81,20.451
25.15,20.386,35.64,213.22,1.1739,0.57872,0.14613,20.358,125.25,-24.777,-152.68,20.409
25.16,20.343,35.638,213.26,1.1726,0.59237,0.14707,20.316,126.21,-24.785,-152.54,20.367
25.17,20.3,35.636,213.3,1.1716,0.60635,0.14801,20.273,127.14,-24.796,-152.42,20.324
25.18,20.256,35.634,213.34,1.171,0.62063,0.14895,20.229,128.05,-24.807,-152.3,20.28
25.19,20.213,35.631,213.38,1.1708,0.63522,0.14989,20.186,128.92,-24.821,-152.18,20.237
25.2,20.169,35.629,213.43,1.1711,0.6501,0.15084,20.142,129.75,-24.836,-152.07,20.193
25.21,20.125,35.627,213.48,1.1719,0.66523,0.15178,20.098,130.54,-24.853,-151.98,20.149
25.22,20.08,35.625,213.53,1.173,0.68065,0.15273,20.053,131.3,-24.871,-151.89,20.105
25.23,20.036,35.622,213.57,1.1744,0.69639,0.1537,20.009,132.01,-24.891,-151.82,20.06
25.24,19.991,35.62,213.62,1.1759,0.71251,0.15469,19.964,132.69,-24.912,-151.76,20.015
25.25,19.946,35.617,213.66,1.1774,0.72906,0.15571,19.919,133.34,-24.934,-151.7,19.97
25.26,19.9,35.615,213.7,1.1789,0.74606,0.15677,19.874,133.98,-24.957,-151.67,19.925
25.27,19.855,35.612,213.72,1.1801,0.76361,0.15788,19.829,134.61,-24.981,-151.64,19.88
25.28,19.81,35.609,213.74,1.181,0.78189,0.15906,19.783,135.26,-25.005,-151.63,19.835
25.29,19.764,35.607,213.74,1.1816,0.80096,0.16032,19.738,135.94,-25.028,-151.64,19.789
25.3,19.719,35.604,213.72,1.1819,0.82084,0.16168,19.693,136.66,-25.051,-151.65,19.744
25.31,19.674,35.602,213.68,1.1819,0.84142,0.16312,19.648,137.41,-25.074,-151.68,19.699
25.32,19.629,35.6,213.63,1.1816,0.86255,0.16463,19.602,138.2,-25.096,-151.72,19.654
25.33,19.583,35.597,213.55,1.1811,0.88416,0.1662,19.557,139.03,-25.118,-151.77,19.609
25.34,19.538,35.595,213.46,1.1805,0.90622,0.16784,19.512,139.9,-25.14,-151.84,19.564
25.35,19.494,35.593,213.35,1.1801,0.92864,0.16955,19.468,140.81,-25.161,-151.92,19.519
25.36,19.449,35.59,213.21,1.1799,0.95145,0.17132,19.423,141.77,-25.182,-152,19.475
25.37,19.404,35.588,213.06,1.1799,0.97475,0.17317,19.378,142.79,-25.202,-152.11,19.43
25.38,19.36,35.586,212.89,1.1802,0.99867,0.17511,19.334,143.88,-25.221,-152.23,19.386
25.39,19.316,35.584,212.7,1.1808,1.0233,0.17716,19.29,145.04,-25.238,-152.36,19.342
25.4,19.272,35.583,212.5,1.1816,1.0487,0.17932,19.246,146.27,-25.255,-152.5,19.298
25.41,19.228,35.581,212.28,1.1827,1.075,0.18159,19.202,147.57,-25.27,-152.65,19.255
25.42,19.184,35.579,212.05,1.184,1.1021,0.18396,19.158,148.93,-25.284,-152.82,19.211
25.43,19.14,35.577,211.81,1.1855,1.1301,0.18644,19.115,150.36,-25.297,-152.98,19.167
25.44,19.096,35.576,211.56,1.1873,1.159,0.18901,19.071,151.84,-25.308,-153.15,19.124
25.45,19.052,35.574,211.31,1.1892,1.1887,0.19167,19.027,153.37,-25.319,-153.32,19.08
25.46,19.008,35.572,211.06,1.1913,1.2193,0.1944,18.983,154.94,-25.329,-153.48,19.036
25.47,18.964,35.571,210.8,1.1935,1.2508,0.1972,18.938,156.55,-25.339,-153.63,18.992
25.48,18.919,35.569,210.55,1.1959,1.2832,0.20006,18.894,158.19,-25.348,-153.79,18.947
25.49,18.874,35.567,210.3,1.1983,1.3166,0.20299,18.849,159.87,-25.357,-153.93,18.903
25.5,18.829,35.565,210.05,1.201,1.3509,0.20596,18.804,161.58,-25.366,-154.07,18.858
25.51,18.783,35.563,209.81,1.2039,1.3859,0.20898,18.758,163.31,-25.375,-154.2,18.812
25.52,18.737,35.56,209.58,1.207,1.4219,0.21203,18.712,165.06,-25.385,-154.33,18.767
25.53,18.691,35.558,209.35,1.2103,1.4589,0.21512,18.666,166.85,-25.395,-154.46,18.721
25.54,18.645,35.556,209.12,1.2138,1.4972,0.21827,18.62,168.67,-25.404,-154.58,18.675
25.55,18.598,35.554,208.9,1.2175,1.5368,0.22149,18.573,170.54,-25.412,-154.7,18.628
25.56,18.551,35.551,208.68,1.2212,1.5778,0.22478,18.526,172.46,-25.42,-154.83,18.582
25.57,18.504,35.549,208.46,1.2249,1.6204,0.22814,18.48,174.41,-25.425,-154.95,18.535
25.58,18.457,35.546,208.24,1.2286,1.6645,0.23159,18.432,176.4,-25.43,-155.08,18.488
25.59,18.41,35.544,208.02,1.2322,1.7103,0.23513,18.385,178.44,-25.432,-155.2,18.441
25.6,18.362,35.541,207.79,1.2357,1.7578,0.23877,18.338,180.53,-25.432,-155.32,18.394
25.61,18.315,35.539,207.56,1.2392,1.807,0.24251,18.29,182.66,-25.43,-155.44,18.346
25.62,18.267,35.536,207.32,1.2426,1.8579,0.24635,18.242,184.83,-25.426,-155.55,18.299
25.63,18.219,35.534,207.08,1.2458,1.9103,0.25028,18.194,187.03,-25.42,-155.67,18.251
25.64,18.171,35.531,206.84,1.249,1.9641,0.25427,18.147,189.24,-25.413,-155.79,18.204
25.65,18.123,35.529,206.59,1.2521,2.0191,0.25832,18.099,191.46,-25.404,-155.92,18.156
25.66,18.075,35.526,206.34,1.2553,2.0752,0.26241,18.051,193.68,-25.394,-156.05,18.109
25.67,18.027,35.524,206.1,1.2586,2.1322,0.26655,18.003,195.88,-25.384,-156.18,18.061
25.68,17.98,35.521,205.85,1.2621,2.1902,0.27072,17.955,198.05,-25.374,-156.32,18.014
25.69,17.932,35.519,205.61,1.2659,2.2491,0.27492,17.908,200.2,-25.363,-156.47,17.966
25.7,17.884,35.517,205.37,1.27,2.3089,0.27916,17.86,202.31,-25.352,-156.62,17.918
25.71,17.836,35.514,205.14,1.2744,2.3696,0.28344,17.812,204.39,-25.342,-156.77,17.871
25.72,17.787,35.512,204.91,1.2793,2.4312,0.28776,17.764,206.43,-25.333,-156.91,17.823
25.73,17.739,35.509,204.68,1.2846,2.4934,0.2921,17.715,208.42,-25.326,-157.06,17.775
25.74,17.691,35.507,204.46,1.2903,2.5561,0.29645,17.667,210.36,-25.32,-157.21,17.726
25.75,17.642,35.504,204.25,1.2966,2.6193,0.30082,17.618,212.26,-25.316,-157.35,17.678
25.76,17.593,35.502,204.04,1.3034,2.683,0.30521,17.569,214.1,-25.315,-157.49,17.629
25.77,17.543,35.499,203.85,1.3108,2.7471,0.30962,17.52,215.9,-25.316,-157.62,17.58
25.78,17.494,35.496,203.65,1.3187,2.8117,0.31405,17.471,217.66,-25.32,-157.75,17.531
25.79,17.444,35.494,203.47,1.3272,2.8769,0.31851,17.421,219.37,-25.326,-157.87,17.481
25.8,17.394,35.491,203.29,1.3362,2.9425,0.32299,17.371,221.03,-25.335,-157.98,17.431
25.81,17.344,35.488,203.12,1.3459,3.0088,0.32749,17.32,222.66,-25.347,-158.09,17.381
25.82,17.293,35.485,202.95,1.3561,3.0758,0.33203,17.27,224.25,-25.36,-158.2,17.33
25.83,17.242,35.482,202.79,1.3669,3.1441,0.33663,17.219,225.83,-25.374,-158.29,17.279
25.84,17.19,35.479,202.63,1.3782,3.214,0.34132,17.167,227.41,-25.389,-158.38,17.228
25.85,17.137,35.476,202.48,1.39,3.2859,0.34613,17.114,229,-25.403,-158.47,17.175
25.86,17.084,35.472,202.31,1.4025,3.3602,0.3511,17.061,230.62,-25.417,-158.54,17.122
25.87,17.03,35.468,202.15,1.4157,3.4371,0.35622,17.007,232.28,-25.43,-158.6,17.068
25.88,16.975,35.464,201.98,1.4298,3.5166,0.36153,16.952,233.96,-25.443,-158.64,17.014
25.89,16.919,35.46,201.81,1.4447,3.5988,0.36701,16.896,235.68,-25.454,-158.67,16.958
25.9,16.862,35.455,201.63,1.4606,3.6838,0.37269,16.84,237.42,-25.464,-158.69,16.901
25.91,16.804,35.451,201.46,1.4776,3.7716,0.37855,16.782,239.21,-25.473,-158.7,16.843
25.92,16.745,35.445,201.28,1.4955,3.8622,0.3846,16.723,241.03,-25.481,-158.69,16.784
25.93,16.685,35.44,201.09,1.5144,3.9554,0.39084,16.663,242.89,-25.487,-158.67,16.725
25.94,16.624,35.434,200.91,1.5344,4.0514,0.39725,16.602,244.77,-25.492,-158.65,16.664
25.95,16.563,35.429,200.72,1.5553,4.1499,0.40382,16.541,246.68,-25.496,-158.63,16.603
25.96,16.5,35.423,200.53,1.5773,4.2509,0.41054,16.479,248.6,-25.499,-158.6,16.541
25.97,16.438,35.417,200.35,1.6002,4.3545,0.4174,16.416,250.53,-25.502,-158.58,16.478
25.98,16.374,35.411,200.16,1.624,4.4604,0.4244,16.353,252.47,-25.504,-158.57,16.415
25.99,16.311,35.404,199.97,1.6486,4.5685,0.43153,16.29,254.43,-25.507,-158.56,16.352
26,16.246,35.398,199.78,1.6738,4.6787,0.43878,16.226,256.39,-25.509,-158.56,16.288
26.01,16.182,35.392,199.59,1.6998,4.7909,0.44615,16.161,258.37,-25.512,-158.57,16.223
26.02,16.117,35.385,199.41,1.7265,4.905,0.45364,16.096,260.35,-25.515,-158.59,16.158
26.03,16.051,35.378,199.22,1.7539,5.0208,0.46124,16.031,262.34,-25.519,-158.61,16.093
26.04,15.985,35.372,199.04,1.782,5.1384,0.46897,15.965,264.35,-25.524,-158.62,16.027
26.05,15.918,35.365,198.85,1.8109,5.2575,0.47682,15.898,266.38,-25.529,-158.63,15.96
26.06,15.85,35.358,198.67,1.8404,5.3784,0.4848,15.83,268.44,-25.534,-158.64,15.893
26.07,15.782,35.351,198.49,1.8707,5.5011,0.49293,15.762,270.52,-25.539,-158.64,15.824
26.08,15.713,35.343,198.31,1.9018,5.6257,0.50119,15.693,272.64,-25.544,-158.63,15.756
26.09,15.643,35.336,198.13,1.9336,5.7523,0.50961,15.624,274.79,-25.549,-158.62,15.686
26.1,15.573,35.328,197.95,1.9661,5.8809,0.51818,15.554,276.98,-25.553,-158.6,15.616
26.11,15.501,35.32,197.77,1.9993,6.0117,0.52691,15.483,279.22,-25.556,-158.59,15.545
26.12,15.429,35.312,197.59,2.0332,6.1448,0.53582,15.411,281.52,-25.559,-158.56,15.473
26.13,15.357,35.304,197.41,2.0677,6.2803,0.54489,15.338,283.87,-25.56,-158.54,15.401
26.14,15.283,35.296,197.23,2.1029,6.4181,0.55414,15.265,286.27,-25.56,-158.51,15.327
26.15,15.209,35.288,197.04,2.1387,6.5582,0.56355,15.191,288.73,-25.559,-158.49,15.253
26.16,15.134,35.279,196.85,2.1751,6.7007,0.57313,15.116,291.24,-25.556,-158.46,15.179
26.17,15.058,35.27,196.66,2.2121,6.8457,0.58287,15.041,293.81,-25.553,-158.42,15.103
26.18,14.981,35.261,196.48,2.2498,6.9929,0.59276,14.964,296.43,-25.549,-158.39,15.026
26.19,14.904,35.252,196.29,2.2879,7.1423,0.60277,14.887,299.09,-25.544,-158.35,14.949
26.2,14.825,35.243,196.1,2.3267,7.2936,0.6129,14.809,301.79,-25.538,-158.31,14.871
26.21,14.746,35.233,195.92,2.366,7.4467,0.6231,14.73,304.51,-25.533,-158.27,14.792
26.22,14.667,35.224,195.75,2.406,7.601,0.63336,14.65,307.26,-25.529,-158.23,14.713
26.23,14.586,35.214,195.58,2.4465,7.7564,0.64366,14.57,310.02,-25.525,-158.19,14.633
26.24,14.506,35.205,195.43,2.4877,7.9126,0.65398,14.49,312.78,-25.522,-158.15,14.552
26.25,14.425,35.195,195.28,2.5294,8.0696,0.66432,14.409,315.52,-25.521,-158.11,14.472
26.26,14.343,35.185,195.13,2.5719,8.2272,0.67466,14.328,318.26,-25.522,-158.08,14.39
26.27,14.262,35.176,195,2.6152,8.3855,0.68502,14.247,320.99,-25.523,-158.06,14.309
26.28,14.18,35.166,194.87,2.6593,8.5448,0.69539,14.165,323.71,-25.525,-158.05,14.227
26.29,14.098,35.157,194.75,2.7042,8.7051,0.70579,14.083,326.44,-25.528,-158.05,14.145
26.3,14.015,35.147,194.64,2.7501,8.8666,0.71623,14.001,329.18,-25.53,-158.05,14.063
26.31,13.932,35.137,194.53,2.7968,9.0297,0.72673,13.918,331.94,-25.532,-158.06,13.98
26.32,13.848,35.127,194.43,2.8444,9.1944,0.7373,13.834,334.71,-25.532,-158.08,13.896
26.33,13.764,35.118,194.34,2.8928,9.3611,0.74796,13.75,337.5,-25.532,-158.11,13.812
26.34,13.679,35.108,194.25,2.9421,9.5298,0.75871,13.666,340.31,-25.531,-158.14,13.728
26.35,13.593,35.098,194.16,2.9922,9.7008,0.76957,13.58,343.14,-25.528,-158.17,13.642
26.36,13.507,35.088,194.08,3.043,9.8742,0.78056,13.494,345.98,-25.524,-158.21,13.556
26.37,13.42,35.077,194.01,3.0946,10.05,0.79167,13.407,348.86,-25.519,-158.24,13.469
26.38,13.332,35.067,193.94,3.1471,10.229,0.80293,13.319,351.75,-25.511,-158.27,13.381
26.39,13.243,35.056,193.88,3.2005,10.41,0.81433,13.23,354.67,-25.503,-158.3,13.292
26.4,13.153,35.046,193.83,3.2547,10.594,0.82589,13.141,357.61,-25.493,-158.32,13.203
26.41,13.062,35.035,193.78,3.3098,10.781,0.83761,13.05,360.56,-25.482,-158.33,13.112
26.42,12.97,35.024,193.74,3.3658,10.969,0.84948,12.959,363.52,-25.47,-158.34,13.021
26.43,12.878,35.013,193.71,3.4228,11.161,0.86152,12.866,366.48,-25.458,-158.34,12.928
26.44,12.784,35.002,193.69,3.4809,11.355,0.87373,12.773,369.44,-25.446,-158.33,12.835
26.45,12.69,34.991,193.68,3.5399,11.55,0.88609,12.679,372.39,-25.435,-158.31,12.741
26.46,12.595,34.98,193.67,3.6,11.749,0.89861,12.585,375.33,-25.424,-158.29,12.646
26.47,12.499,34.968,193.68,3.6612,11.949,0.91127,12.489,378.24,-25.414,-158.26,12.55
26.48,12.403,34.957,193.7,3.7234,12.151,0.92406,12.393,381.14,-25.405,-158.23,12.454
26.49,12.305,34.945,193.73,3.7866,12.355,0.93697,12.296,384.01,-25.397,-158.2,12.357
26.5,12.207,34.934,193.77,3.8508,12.561,0.94999,12.198,386.87,-25.39,-158.16,12.259
26.51,12.109,34.922,193.83,3.9158,12.768,0.96311,12.099,389.73,-25.385,-158.12,12.16
26.52,12.009,34.911,193.9,3.9818,12.976,0.97632,12,392.58,-25.38,-158.09,12.061
26.53,11.909,34.899,193.99,4.0486,13.186,0.98962,11.9,395.44,-25.376,-158.05,11.961
26.54,11.808,34.887,194.1,4.1165,13.397,1.003,11.799,398.31,-25.373,-158.01,11.86
26.55,11.706,34.876,194.22,4.1855,13.611,1.0165,11.698,401.21,-25.37,-157.97,11.758
26.56,11.603,34.864,194.35,4.2559,13.825,1.0301,11.595,404.15,-25.367,-157.93,11.655
26.57,11.499,34.852,194.51,4.3277,14.042,1.0438,11.492,407.12,-25.364,-157.89,11.552
26.58,11.394,34.84,194.68,4.4011,14.261,1.0577,11.387,410.14,-25.36,-157.85,11.446
26.59,11.288,34.827,194.87,4.4762,14.482,1.0716,11.281,413.23,-25.356,-157.81,11.34
26.6,11.18,34.815,195.07,4.553,14.705,1.0857,11.173,416.38,-25.35,-157.76,11.233
26.61,11.072,34.803,195.3,4.6314,14.929,1.1,11.065,419.61,-25.344,-157.72,11.125
26.62,10.962,34.79,195.55,4.7115,15.155,1.1143,10.956,422.91,-25.337,-157.68,11.015
26.63,10.852,34.777,195.83,4.7933,15.383,1.1286,10.846,426.3,-25.33,-157.64,10.905
26.64,10.74,34.765,196.13,4.8765,15.613,1.1431,10.734,429.77,-25.323,-157.6,10.793
26.65,10.628,34.752,196.46,4.9613,15.844,1.1576,10.622,433.32,-25.316,-157.56,10.681
26.66,10.514,34.739,196.82,5.0475,16.076,1.1723,10.509,436.95,-25.311,-157.52,10.567
26.67,10.4,34.727,197.21,5.1354,16.31,1.1869,10.394,440.68,-25.306,-157.48,10.453
26.68,10.284,34.714,197.63,5.225,16.546,1.2017,10.279,444.51,-25.303,-157.43,10.337
26.69,10.168,34.701,198.08,5.3166,16.783,1.2165,10.163,448.45,-25.3,-157.38,10.221
26.7,10.051,34.688,198.57,5.4104,17.021,1.2314,10.046,452.5,-25.299,-157.32,10.104
26.71,9.9327,34.675,199.1,5.5065,17.261,1.2464,9.9284,456.68,-25.298,-157.26,9.9862
26.72,9.814,34.663,199.66,5.6048,17.501,1.2614,9.81,460.99,-25.299,-157.2,9.8676
26.73,9.6947,34.65,200.26,5.7055,17.742,1.2764,9.6909,465.45,-25.301,-157.13,9.7484
26.74,9.5748,34.637,200.9,5.8085,17.983,1.2913,9.5713,470.07,-25.305,-157.07,9.6287
26.75,9.4545,34.625,201.59,5.9143,18.224,1.3063,9.4512,474.87,-25.311,-157,9.5085
26.76,9.3339,34.612,202.32,6.0231,18.465,1.3211,9.3307,479.86,-25.32,-156.94,9.3879
26.77,9.2128,34.6,203.08,6.1352,18.706,1.3359,9.21,485.06,-25.33,-156.89,9.2671
26.78,9.0916,34.588,203.89,6.251,18.947,1.3507,9.0889,490.47,-25.343,-156.84,9.146
26.79,8.9701,34.576,204.74,6.3708,19.187,1.3654,8.9676,496.12,-25.357,-156.8,9.0246
26.8,8.8484,34.564,205.63,6.4946,19.427,1.38,8.8461,502.02,-25.374,-156.76,8.9031
26.81,8.7264,34.552,206.56,6.623,19.666,1.3945,8.7243,508.16,-25.392,-156.73,8.7813
26.82,8.604,34.541,207.53,6.7561,19.906,1.409,8.6022,514.56,-25.411,-156.7,8.6592
26.83,8.4814,34.529,208.52,6.8944,20.146,1.4235,8.4797,521.24,-25.432,-156.68,8.5368
26.84,8.3584,34.518,209.55,7.038,20.386,1.4379,8.357,528.18,-25.454,-156.66,8.4142
26.85,8.2352,34.507,210.6,7.1872,20.626,1.4524,8.2339,535.41,-25.477,-156.64,8.2912
26.86,8.1116,34.496,211.68,7.342,20.867,1.4668,8.1105,542.92,-25.502,-156.62,8.1679
26.87,7.9877,34.485,212.79,7.5023,21.108,1.4812,7.9868,550.72,-25.527,-156.61,8.0444
26.88,7.8636,34.474,213.91,7.6683,21.349,1.4956,7.8628,558.8,-25.554,-156.59,7.9205
26.89,7.739,34.463,215.05,7.8398,21.59,1.51,7.7385,567.15,-25.581,-156.58,7.7964
26.9,7.6142,34.452,216.22,8.0164,21.832,1.5244,7.6138,575.78,-25.608,-156.56,7.6719
26.91,7.489,34.442,217.4,8.198,22.075,1.5389,7.4888,584.65,-25.636,-156.54,7.5471
26.92,7.3635,34.431,218.6,8.3842,22.318,1.5533,7.3635,593.75,-25.665,-156.52,7.422
26.93,7.2377,34.421,219.81,8.5745,22.561,1.5678,7.2378,603.05,-25.696,-156.48,7.2967
26.94,7.1117,34.41,221.04,8.7682,22.805,1.5822,7.112,612.53,-25.728,-156.44,7.1711
26.95,6.9855,34.399,222.27,8.9648,23.049,1.5966,6.986,622.16,-25.762,-156.4,7.0453
26.96,6.8592,34.389,223.51,9.1635,23.293,1.611,6.8598,631.92,-25.796,-156.35,6.9195
26.97,6.7328,34.378,224.76,9.3636,23.537,1.6254,6.7335,641.76,-25.832,-156.29,6.7935
26.98,6.6063,34.368,226.01,9.5645,23.781,1.6398,6.6073,651.66,-25.868,-156.24,6.6676
26.99,6.4799,34.358,227.26,9.766,24.026,1.6541,6.481,661.58,-25.905,-156.19,6.5416
27,6.3534,34.347,228.52,9.9676,24.27,1.6685,6.3547,671.51,-25.941,-156.13,6.4156
