21,29.709,33.893,261.54,-0.44148,-0.074242,-0.2041,29.763,529.76,-18.647,-167.62,29.837
21.01,29.712,33.908,260.64,-0.4277,-0.073063,-0.19746,29.766,521.16,-18.647,-167.58,29.839
21.02,29.716,33.923,259.75,-0.41406,-0.071898,-0.1909,29.769,512.65,-18.646,-167.55,29.84
21.03,29.719,33.938,258.87,-0.40056,-0.070746,-0.18442,29.771,504.24,-18.646,-167.51,29.841
21.04,29.722,33.953,258,-0.3872,-0.069608,-0.17801,29.774,495.93,-18.645,-167.47,29.843
21.05,29.725,33.967,257.14,-0.37399,-0.068482,-0.17167,29.776,487.72,-18.645,-167.43,29.844
21.06,29.728,33.982,256.29,-0.36093,-0.067369,-0.16541,29.779,479.6,-18.644,-167.39,29.844
21.07,29.731,33.997,255.45,-0.348,-0.06627,-0.15922,29.781,471.59,-18.643,-167.35,29.845
21.08,29.733,34.011,254.62,-0.33521,-0.065183,-0.1531,29.783,463.66,-18.642,-167.3,29.846
21.09,29.736,34.026,253.79,-0.32256,-0.064109,-0.14705,29.785,455.84,-18.641,-167.26,29.846
21.1,29.738,34.04,252.98,-0.31006,-0.063047,-0.14108,29.786,448.1,-18.64,-167.21,29.847
21.11,29.74,34.055,252.18,-0.29769,-0.061998,-0.13518,29.788,440.46,-18.639,-167.16,29.847
21.12,29.742,34.069,251.39,-0.28545,-0.060962,-0.12935,29.789,432.92,-18.638,-167.11,29.848
21.13,29.744,34.083,250.61,-0.27335,-0.059938,-0.12359,29.791,425.47,-18.636,-167.06,29.848
21.14,29.746,34.097,249.83,-0.26139,-0.058926,-0.11789,29.792,418.11,-18.635,-167.01,29.848
21.15,29.748,34.112,249.07,-0.24956,-0.057927,-0.11227,29.793,410.84,-18.633,-166.96,29.848
21.16,29.75,34.126,248.31,-0.23787,-0.05694,-0.10672,29.794,403.66,-18.631,-166.91,29.848
21.17,29.751,34.14,247.57,-0.22631,-0.055965,-0.10124,29.795,396.58,-18.629,-166.85,29.847
21.18,29.752,34.154,246.83,-0.21488,-0.055002,-0.095821,29.796,389.58,-18.627,-166.79,29.847
21.19,29.754,34.168,246.11,-0.20358,-0.054051,-0.090473,29.797,382.67,-18.625,-166.74,29.846
21.2,29.755,34.182,245.39,-0.19241,-0.053112,-0.085193,29.797,375.86,-18.623,-166.68,29.846
21.21,29.756,34.195,244.68,-0.18137,-0.052185,-0.079979,29.797,369.13,-18.621,-166.62,29.845
21.22,29.756,34.209,243.98,-0.17046,-0.05127,-0.074832,29.798,362.49,-18.618,-166.56,29.844
21.23,29.757,34.223,243.29,-0.15968,-0.050366,-0.069751,29.798,355.93,-18.616,-166.49,29.844
21.24,29.758,34.237,242.61,-0.14902,-0.049474,-0.064736,29.798,349.46,-18.613,-166.43,29.843
21.25,29.758,34.25,241.94,-0.13849,-0.048593,-0.059786,29.798,343.08,-18.61,-166.37,29.842
21.26,29.759,34.264,241.27,-0.12809,-0.047723,-0.0549,29.798,336.78,-18.608,-166.3,29.84
21.27,29.759,34.277,240.62,-0.11781,-0.046866,-0.050079,29.797,330.57,-18.605,-166.23,29.839
21.28,29.759,34.291,239.97,-0.10765,-0.046019,-0.045321,29.797,324.45,-18.602,-166.16,29.838
21.29,29.759,34.304,239.33,-0.097613,-0.045183,-0.040627,29.797,318.4,-18.599,-166.09,29.836
21.3,29.759,34.317,238.7,-0.0877,-0.044359,-0.035996,29.796,312.44,-18.595,-166.02,29.835
21.31,29.759,34.331,238.08,-0.077908,-0.043546,-0.031428,29.795,306.56,-18.592,-165.95,29.833
21.32,29.759,34.344,237.47,-0.068235,-0.042743,-0.026921,29.794,300.77,-18.589,-165.88,29.832
21.33,29.758,34.357,236.87,-0.058682,-0.041952,-0.022476,29.793,295.05,-18.585,-165.81,29.83
21.34,29.758,34.37,236.27,-0.049247,-0.041171,-0.018093,29.792,289.42,-18.582,-165.73,29.828
21.35,29.757,34.383,235.68,-0.03993,-0.040401,-0.01377,29.791,283.87,-18.578,-165.65,29.826
21.36,29.756,34.396,235.1,-0.030729,-0.039642,-0.0095074,29.79,278.39,-18.574,-165.58,29.824
21.37,29.755,34.409,234.53,-0.021644,-0.038894,-0.0053047,29.788,273,-18.57,-165.5,29.822
21.38,29.754,34.422,233.97,-0.012673,-0.038155,-0.0011615,29.787,267.68,-18.566,-165.42,29.819
21.39,29.753,34.435,233.41,-0.0038174,-0.037428,0.0029227,29.785,262.44,-18.562,-165.34,29.817
21.4,29.752,34.448,232.87,0.0049255,-0.03671,0.0069483,29.784,257.28,-18.558,-165.26,29.815
21.41,29.751,34.461,232.33,0.013556,-0.036003,0.010916,29.782,252.2,-18.554,-165.17,29.812
21.42,29.75,34.474,231.8,0.022075,-0.035306,0.014826,29.78,247.19,-18.549,-165.09,29.81
21.43,29.748,34.486,231.27,0.030483,-0.034619,0.018678,29.778,242.26,-18.545,-165.01,29.807
21.44,29.746,34.499,230.76,0.038782,-0.033942,0.022474,29.776,237.4,-18.541,-164.92,29.804
21.45,29.745,34.512,230.25,0.046971,-0.033276,0.026213,29.774,232.62,-18.536,-164.83,29.801
21.46,29.743,34.524,229.75,0.055053,-0.032619,0.029897,29.771,227.91,-18.531,-164.75,29.798
21.47,29.741,34.537,229.25,0.063027,-0.031972,0.033525,29.769,223.27,-18.526,-164.66,29.795
21.48,29.739,34.549,228.77,0.070895,-0.031334,0.037097,29.766,218.71,-18.522,-164.57,29.792
21.49,29.737,34.562,228.29,0.078657,-0.030706,0.040616,29.764,214.22,-18.517,-164.48,29.789
21.5,29.735,34.574,227.82,0.086314,-0.030088,0.04408,29.761,209.8,-18.512,-164.38,29.786
21.51,29.733,34.587,227.36,0.093868,-0.029479,0.04749,29.758,205.45,-18.507,-164.29,29.782
21.52,29.73,34.599,226.9,0.10132,-0.02888,0.050847,29.755,201.17,-18.501,-164.2,29.779
21.53,29.728,34.611,226.45,0.10867,-0.02829,0.054151,29.752,196.96,-18.496,-164.1,29.776
21.54,29.725,34.623,226.01,0.11591,-0.027709,0.057403,29.749,192.82,-18.491,-164.01,29.772
21.55,29.722,34.635,225.57,0.12306,-0.027138,0.060603,29.746,188.75,-18.485,-163.91,29.768
21.56,29.72,34.648,225.15,0.13011,-0.026575,0.063751,29.743,184.75,-18.48,-163.81,29.765
21.57,29.717,34.66,224.72,0.13706,-0.026022,0.066848,29.74,180.81,-18.474,-163.72,29.761
21.58,29.714,34.672,224.31,0.14391,-0.025477,0.069895,29.736,176.94,-18.469,-163.62,29.757
21.59,29.711,34.684,223.9,0.15066,-0.024942,0.072891,29.733,173.14,-18.463,-163.52,29.753
21.6,29.708,34.696,223.5,0.15732,-0.024415,0.075837,29.729,169.4,-18.457,-163.42,29.749
21.61,29.705,34.708,223.11,0.16388,-0.023897,0.078734,29.725,165.73,-18.451,-163.31,29.745
21.62,29.701,34.72,222.72,0.17034,-0.023388,0.081582,29.722,162.13,-18.445,-163.21,29.741
21.63,29.698,34.731,222.34,0.17672,-0.022887,0.084382,29.718,158.58,-18.439,-163.11,29.736
21.64,29.694,34.743,221.97,0.183,-0.022394,0.087134,29.714,155.1,-18.433,-163,29.732
21.65,29.691,34.755,221.6,0.18919,-0.02191,0.089838,29.71,151.69,-18.427,-162.9,29.728
21.66,29.687,34.767,221.24,0.19528,-0.021435,0.092495,29.706,148.33,-18.421,-162.79,29.723
21.67,29.684,34.778,220.88,0.20129,-0.020967,0.095105,29.701,145.04,-18.414,-162.68,29.719
21.68,29.68,34.79,220.53,0.20721,-0.020508,0.097669,29.697,141.81,-18.408,-162.58,29.714
21.69,29.676,34.802,220.19,0.21304,-0.020057,0.10019,29.693,138.64,-18.401,-162.47,29.71
21.7,29.672,34.813,219.85,0.21878,-0.019614,0.10266,29.688,135.53,-18.395,-162.36,29.705
21.71,29.668,34.825,219.52,0.22443,-0.019178,0.10509,29.684,132.47,-18.388,-162.25,29.7
21.72,29.664,34.836,219.2,0.23,-0.018751,0.10747,29.679,129.48,-18.382,-162.14,29.695
21.73,29.66,34.848,218.88,0.23548,-0.018332,0.10981,29.674,126.55,-18.375,-162.02,29.69
21.74,29.655,34.859,218.57,0.24088,-0.01792,0.11211,29.67,123.67,-18.368,-161.91,29.685
21.75,29.651,34.871,218.26,0.2462,-0.017516,0.11436,29.665,120.85,-18.361,-161.8,29.68
21.76,29.646,34.882,217.96,0.25143,-0.017119,0.11657,29.66,118.09,-18.354,-161.68,29.675
21.77,29.642,34.893,217.67,0.25658,-0.01673,0.11873,29.655,115.38,-18.347,-161.57,29.67
21.78,29.637,34.905,217.38,0.26165,-0.016348,0.12086,29.65,112.73,-18.34,-161.45,29.665
21.79,29.633,34.916,217.09,0.26664,-0.015974,0.12294,29.645,110.13,-18.333,-161.33,29.659
21.8,29.628,34.927,216.81,0.27155,-0.015606,0.12499,29.639,107.58,-18.326,-161.22,29.654
21.81,29.623,34.938,216.54,0.27638,-0.015246,0.12699,29.634,105.09,-18.319,-161.1,29.649
21.82,29.618,34.95,216.27,0.28113,-0.014893,0.12895,29.629,102.66,-18.311,-160.98,29.643
21.83,29.613,34.961,216.01,0.28581,-0.014547,0.13087,29.623,100.27,-18.304,-160.86,29.638
21.84,29.608,34.972,215.76,0.29041,-0.014208,0.13276,29.618,97.939,-18.296,-160.74,29.632
21.85,29.603,34.983,215.51,0.29494,-0.013876,0.1346,29.612,95.657,-18.289,-160.62,29.626
21.86,29.598,34.994,215.26,0.29939,-0.013551,0.13641,29.607,93.426,-18.281,-160.5,29.621
21.87,29.593,35.005,215.02,0.30377,-0.013232,0.13818,29.601,91.245,-18.274,-160.38,29.615
21.88,29.587,35.016,214.78,0.30808,-0.01292,0.13991,29.595,89.114,-18.266,-160.25,29.609
21.89,29.582,35.027,214.55,0.31231,-0.012615,0.1416,29.589,87.031,-18.258,-160.13,29.603
21.9,29.577,35.038,214.33,0.31648,-0.012315,0.14326,29.583,84.997,-18.25,-160,29.597
21.91,29.571,35.049,214.11,0.32057,-0.012023,0.14488,29.577,83.01,-18.243,-159.88,29.591
21.92,29.566,35.059,213.89,0.3246,-0.011736,0.14646,29.571,81.071,-18.235,-159.75,29.585
21.93,29.56,35.07,213.68,0.32855,-0.011456,0.14801,29.565,79.178,-18.227,-159.63,29.579
21.94,29.554,35.081,213.47,0.33244,-0.011182,0.14953,29.559,77.331,-18.219,-159.5,29.573
21.95,29.548,35.092,213.27,0.33627,-0.010915,0.15101,29.553,75.53,-18.211,-159.37,29.567
21.96,29.543,35.103,213.07,0.34002,-0.010653,0.15245,29.547,73.774,-18.202,-159.24,29.561
21.97,29.537,35.113,212.88,0.34372,-0.010397,0.15387,29.54,72.062,-18.194,-159.12,29.554
21.98,29.531,35.124,212.69,0.34735,-0.010147,0.15525,29.534,70.393,-18.186,-158.99,29.548
21.99,29.525,35.135,212.51,0.35091,-0.0099022,0.15659,29.528,68.768,-18.178,-158.86,29.542
22,29.519,35.145,212.33,0.35441,-0.0096636,0.15791,29.521,67.185,-18.169,-158.73,29.535
22.01,29.513,35.156,212.15,0.35786,-0.0094306,0.15919,29.515,65.644,-18.161,-158.6,29.529
22.02,29.507,35.167,211.98,0.36124,-0.0092031,0.16044,29.508,64.145,-18.153,-158.46,29.522
22.03,29.5,35.177,211.82,0.36456,-0.008981,0.16166,29.501,62.686,-18.144,-158.33,29.516
22.04,29.494,35.188,211.66,0.36782,-0.0087644,0.16285,29.494,61.268,-18.136,-158.2,29.509
22.05,29.488,35.198,211.5,0.37103,-0.008553,0.16402,29.488,59.889,-18.127,-158.06,29.502
22.06,29.481,35.209,211.34,0.37417,-0.0083469,0.16515,29.481,58.549,-18.118,-157.93,29.496
22.07,29.475,35.219,211.19,0.37726,-0.0081459,0.16625,29.474,57.248,-18.11,-157.8,29.489
22.08,29.468,35.23,211.05,0.3803,-0.00795,0.16732,29.467,55.985,-18.101,-157.66,29.482
22.09,29.462,35.24,210.9,0.38328,-0.0077591,0.16837,29.46,54.759,-18.092,-157.53,29.475
22.1,29.455,35.25,210.76,0.38621,-0.0075731,0.16938,29.453,53.569,-18.084,-157.39,29.468
22.11,29.449,35.261,210.63,0.38908,-0.007392,0.17037,29.446,52.416,-18.075,-157.25,29.461
22.12,29.442,35.271,210.5,0.3919,-0.0072156,0.17133,29.439,51.299,-18.066,-157.12,29.454
22.13,29.435,35.281,210.37,0.39467,-0.0070439,0.17227,29.432,50.216,-18.057,-156.98,29.447
22.14,29.428,35.292,210.25,0.39739,-0.0068767,0.17318,29.424,49.168,-18.048,-156.84,29.44
22.15,29.422,35.302,210.12,0.40006,-0.0067142,0.17406,29.417,48.154,-18.039,-156.7,29.433
22.16,29.415,35.312,210.01,0.40269,-0.006556,0.17492,29.41,47.173,-18.03,-156.56,29.426
22.17,29.408,35.322,209.89,0.40526,-0.0064023,0.17576,29.402,46.225,-18.021,-156.43,29.419
22.18,29.401,35.333,209.78,0.40779,-0.0062528,0.17657,29.395,45.308,-18.012,-156.29,29.412
22.19,29.394,35.343,209.68,0.41027,-0.0061076,0.17735,29.388,44.424,-18.003,-156.15,29.405
22.2,29.387,35.353,209.57,0.4127,-0.0059665,0.17812,29.38,43.57,-17.993,-156.01,29.397
22.21,29.38,35.363,209.47,0.41509,-0.0058295,0.17886,29.373,42.747,-17.984,-155.86,29.39
22.22,29.373,35.373,209.37,0.41744,-0.0056964,0.17957,29.365,41.953,-17.975,-155.72,29.383
22.23,29.365,35.383,209.28,0.41975,-0.0055673,0.18027,29.357,41.189,-17.966,-155.58,29.375
22.24,29.358,35.394,209.18,0.42201,-0.0054419,0.18094,29.35,40.453,-17.956,-155.44,29.368
22.25,29.351,35.404,209.09,0.42423,-0.0053204,0.18159,29.342,39.745,-17.947,-155.3,29.361
22.26,29.344,35.414,209.01,0.42641,-0.0052025,0.18222,29.334,39.065,-17.938,-155.15,29.353
22.27,29.336,35.424,208.92,0.42856,-0.0050882,0.18284,29.327,38.412,-17.928,-155.01,29.346
22.28,29.329,35.434,208.84,0.43066,-0.0049774,0.18343,29.319,37.785,-17.919,-154.87,29.338
22.29,29.322,35.444,208.77,0.43272,-0.0048701,0.184,29.311,37.183,-17.909,-154.72,29.331
22.3,29.314,35.454,208.69,0.43475,-0.0047661,0.18455,29.303,36.607,-17.9,-154.58,29.323
22.31,29.307,35.464,208.62,0.43675,-0.0046655,0.18508,29.295,36.056,-17.89,-154.43,29.315
22.32,29.299,35.474,208.55,0.4387,-0.004568,0.1856,29.287,35.528,-17.881,-154.29,29.308
22.33,29.292,35.484,208.48,0.44063,-0.0044737,0.1861,29.279,35.024,-17.871,-154.14,29.3
22.34,29.284,35.494,208.41,0.44252,-0.0043824,0.18658,29.271,34.543,-17.861,-154,29.293
22.35,29.277,35.504,208.35,0.44438,-0.0042941,0.18704,29.263,34.084,-17.852,-153.85,29.285
22.36,29.269,35.514,208.29,0.4462,-0.0042087,0.18749,29.255,33.646,-17.842,-153.71,29.277
22.37,29.261,35.524,208.23,0.448,-0.0041261,0.18792,29.247,33.23,-17.832,-153.56,29.269
22.38,29.254,35.533,208.17,0.44976,-0.0040463,0.18834,29.239,32.834,-17.823,-153.41,29.262
22.39,29.246,35.543,208.11,0.4515,-0.0039691,0.18874,29.231,32.458,-17.813,-153.27,29.254
22.4,29.238,35.553,208.06,0.45321,-0.0038946,0.18912,29.223,32.102,-17.803,-153.12,29.246
22.41,29.23,35.563,208.01,0.45489,-0.0038225,0.18949,29.215,31.764,-17.793,-152.97,29.238
22.42,29.223,35.573,207.96,0.45654,-0.0037529,0.18985,29.207,31.445,-17.784,-152.82,29.23
22.43,29.215,35.583,207.91,0.45817,-0.0036856,0.1902,29.198,31.143,-17.774,-152.67,29.222
22.44,29.207,35.593,207.87,0.45977,-0.0036206,0.19053,29.19,30.858,-17.764,-152.53,29.215
22.45,29.199,35.602,207.82,0.46135,-0.0035578,0.19085,29.182,30.589,-17.754,-152.38,29.207
22.46,29.191,35.612,207.78,0.4629,-0.0034971,0.19116,29.174,30.337,-17.744,-152.23,29.199
22.47,29.183,35.622,207.74,0.46444,-0.0034385,0.19145,29.165,30.099,-17.734,-152.08,29.191
22.48,29.175,35.632,207.7,0.46595,-0.0033819,0.19174,29.157,29.877,-17.724,-151.93,29.183
22.49,29.168,35.642,207.66,0.46744,-0.0033271,0.19201,29.149,29.669,-17.715,-151.78,29.175
22.5,29.16,35.651,207.62,0.46891,-0.0032741,0.19227,29.14,29.474,-17.705,-151.63,29.167
22.51,29.152,35.661,207.59,0.47036,-0.0032229,0.19253,29.132,29.292,-17.695,-151.48,29.159
22.52,29.144,35.671,207.56,0.4718,-0.0031734,0.19277,29.123,29.122,-17.685,-151.33,29.151
22.53,29.136,35.681,207.52,0.47321,-0.0031254,0.19301,29.115,28.965,-17.675,-151.18,29.143
22.54,29.128,35.69,207.49,0.47461,-0.0030789,0.19323,29.107,28.818,-17.665,-151.03,29.135
22.55,29.12,35.7,207.46,0.476,-0.0030339,0.19345,29.098,28.682,-17.655,-150.88,29.127
22.56,29.112,35.71,207.43,0.47737,-0.0029902,0.19366,29.09,28.557,-17.645,-150.73,29.119
22.57,29.104,35.72,207.4,0.47872,-0.0029478,0.19387,29.081,28.441,-17.635,-150.58,29.11
22.58,29.095,35.729,207.37,0.48006,-0.0029066,0.19406,29.073,28.333,-17.624,-150.43,29.102
22.59,29.087,35.739,207.35,0.48139,-0.0028664,0.19426,29.064,28.234,-17.614,-150.28,29.094
22.6,29.079,35.749,207.32,0.48271,-0.0028274,0.19444,29.056,28.143,-17.604,-150.13,29.086
22.61,29.071,35.758,207.3,0.48402,-0.0027893,0.19462,29.047,28.059,-17.594,-149.98,29.078
22.62,29.063,35.768,207.27,0.48532,-0.002752,0.19479,29.039,27.982,-17.584,-149.83,29.07
22.63,29.055,35.778,207.25,0.48661,-0.0027156,0.19496,29.03,27.911,-17.574,-149.67,29.062
22.64,29.047,35.788,207.22,0.48789,-0.0026799,0.19513,29.022,27.845,-17.564,-149.52,29.054
22.65,29.039,35.797,207.2,0.48917,-0.0026449,0.19529,29.013,27.784,-17.554,-149.37,29.045
22.66,29.031,35.807,207.18,0.49044,-0.0026104,0.19545,29.004,27.727,-17.544,-149.22,29.037
22.67,29.022,35.817,207.16,0.4917,-0.0025764,0.19561,28.996,27.674,-17.534,-149.07,29.029
22.68,29.014,35.826,207.14,0.49296,-0.0025429,0.19576,28.987,27.624,-17.523,-148.92,29.021
22.69,29.006,35.836,207.11,0.49421,-0.0025096,0.19591,28.979,27.577,-17.513,-148.77,29.013
22.7,28.998,35.846,207.09,0.49546,-0.0024767,0.19606,28.97,27.531,-17.503,-148.61,29.005
22.71,28.99,35.855,207.07,0.49671,-0.0024439,0.19621,28.962,27.487,-17.493,-148.46,28.997
22.72,28.982,35.865,207.05,0.49796,-0.0024112,0.19636,28.953,27.444,-17.483,-148.31,28.988
22.73,28.974,35.875,207.03,0.49921,-0.0023786,0.19651,28.944,27.401,-17.473,-148.16,28.98
22.74,28.965,35.884,207.01,0.50046,-0.0023459,0.19666,28.936,27.357,-17.463,-148.01,28.972
22.75,28.957,35.894,206.99,0.50171,-0.0023131,0.19681,28.927,27.313,-17.453,-147.86,28.964
22.76,28.949,35.904,206.97,0.50297,-0.0022795,0.19696,28.919,27.267,-17.442,-147.7,28.956
22.77,28.941,35.913,206.95,0.50425,-0.0022433,0.19711,28.91,27.219,-17.432,-147.55,28.948
22.78,28.933,35.923,206.92,0.50557,-0.0022019,0.19727,28.902,27.17,-17.422,-147.4,28.939
22.79,28.925,35.933,206.9,0.50695,-0.0021529,0.19743,28.893,27.119,-17.412,-147.25,28.931
22.8,28.916,35.942,206.88,0.50843,-0.0020937,0.1976,28.884,27.068,-17.402,-147.1,28.923
22.81,28.908,35.952,206.85,0.51001,-0.0020218,0.19778,28.876,27.017,-17.392,-146.95,28.915
22.82,28.9,35.962,206.83,0.51172,-0.0019346,0.19797,28.867,26.966,-17.382,-146.8,28.906
22.83,28.891,35.971,206.8,0.51359,-0.0018296,0.19816,28.858,26.917,-17.373,-146.65,28.898
22.84,28.883,35.981,206.77,0.51563,-0.0017043,0.19837,28.849,26.869,-17.363,-146.51,28.889
22.85,28.874,35.99,206.75,0.51787,-0.001556,0.19859,28.84,26.823,-17.353,-146.36,28.881
22.86,28.865,36,206.72,0.52033,-0.0013824,0.19882,28.831,26.78,-17.344,-146.22,28.872
22.87,28.857,36.009,206.68,0.52303,-0.0011808,0.19907,28.822,26.741,-17.334,-146.08,28.863
22.88,28.848,36.018,206.65,0.52599,-0.00094867,0.19933,28.812,26.705,-17.325,-145.94,28.854
22.89,28.839,36.028,206.61,0.52923,-0.00068353,0.19961,28.803,26.673,-17.316,-145.8,28.845
22.9,28.829,36.037,206.57,0.53279,-0.0003828,0.1999,28.793,26.647,-17.307,-145.66,28.836
22.91,28.82,36.046,206.53,0.53667,-4.394e-05,0.20022,28.784,26.625,-17.299,-145.53,28.826
22.92,28.811,36.055,206.49,0.54089,0.00033561,0.20056,28.774,26.608,-17.29,-145.4,28.817
22.93,28.801,36.064,206.45,0.54547,0.00075842,0.20092,28.764,26.596,-17.282,-145.27,28.807
22.94,28.791,36.073,206.4,0.55043,0.001227,0.2013,28.753,26.588,-17.273,-145.14,28.797
22.95,28.781,36.082,206.35,0.55578,0.001744,0.20171,28.743,26.585,-17.265,-145.01,28.787
22.96,28.771,36.091,206.29,0.56155,0.002312,0.20214,28.732,26.585,-17.257,-144.89,28.777
22.97,28.76,36.099,206.23,0.56775,0.0029334,0.2026,28.722,26.589,-17.249,-144.77,28.767
22.98,28.75,36.108,206.17,0.5744,0.0036109,0.2031,28.711,26.597,-17.241,-144.64,28.756
22.99,28.739,36.117,206.1,0.58151,0.0043467,0.20362,28.7,26.607,-17.233,-144.53,28.746
23,28.728,36.125,206.03,0.58911,0.0051425,0.20418,28.688,26.621,-17.225,-144.41,28.735
23.01,28.717,36.133,205.95,0.59719,0.0060007,0.20477,28.677,26.636,-17.217,-144.29,28.724
23.02,28.706,36.142,205.87,0.60577,0.0069233,0.20539,28.665,26.652,-17.209,-144.18,28.712
23.03,28.694,36.15,205.79,0.6148,0.007912,0.20604,28.653,26.667,-17.201,-144.07,28.701
23.04,28.682,36.158,205.69,0.62426,0.0089684,0.20672,28.641,26.681,-17.193,-143.96,28.689
23.05,28.67,36.166,205.59,0.63411,0.010094,0.20744,28.628,26.692,-17.184,-143.85,28.676
23.06,28.657,36.173,205.48,0.6443,0.011289,0.20819,28.615,26.699,-17.176,-143.75,28.664
23.07,28.644,36.181,205.37,0.65479,0.012555,0.20897,28.602,26.7,-17.168,-143.64,28.651
23.08,28.631,36.188,205.24,0.66551,0.013895,0.20977,28.588,26.695,-17.16,-143.54,28.637
23.09,28.617,36.195,205.11,0.67639,0.015311,0.2106,28.574,26.684,-17.152,-143.45,28.624
23.1,28.603,36.202,204.97,0.68734,0.01681,0.21146,28.559,26.666,-17.144,-143.35,28.609
23.11,28.588,36.209,204.82,0.69827,0.018395,0.21234,28.544,26.642,-17.137,-143.26,28.594
23.12,28.573,36.216,204.66,0.70908,0.020075,0.21324,28.529,26.613,-17.129,-143.18,28.579
23.13,28.557,36.222,204.49,0.7197,0.021855,0.21416,28.512,26.581,-17.122,-143.09,28.563
23.14,28.54,36.228,204.31,0.73003,0.023743,0.21511,28.496,26.545,-17.115,-143.01,28.547
23.15,28.523,36.234,204.13,0.74001,0.025742,0.21607,28.479,26.506,-17.108,-142.93,28.53
23.16,28.506,36.239,203.93,0.74955,0.02786,0.21704,28.461,26.464,-17.102,-142.86,28.512
23.17,28.488,36.245,203.73,0.75857,0.0301,0.21803,28.442,26.419,-17.096,-142.79,28.494
23.18,28.469,36.25,203.52,0.76699,0.032467,0.21902,28.424,26.369,-17.09,-142.72,28.475
23.19,28.45,36.255,203.31,0.77475,0.034961,0.22003,28.404,26.317,-17.086,-142.65,28.456
23.2,28.43,36.259,203.09,0.78178,0.037584,0.22103,28.384,26.261,-17.081,-142.58,28.436
23.21,28.41,36.264,202.87,0.788,0.040335,0.22204,28.364,26.201,-17.077,-142.52,28.416
23.22,28.389,36.268,202.65,0.79336,0.043211,0.22304,28.343,26.138,-17.074,-142.46,28.396
23.23,28.369,36.272,202.42,0.79785,0.04621,0.22404,28.322,26.074,-17.071,-142.39,28.375
23.24,28.347,36.276,202.2,0.80149,0.049327,0.22502,28.301,26.009,-17.069,-142.33,28.354
23.25,28.326,36.28,201.98,0.80427,0.052558,0.22599,28.279,25.945,-17.066,-142.26,28.332
23.26,28.304,36.283,201.77,0.8062,0.055899,0.22694,28.257,25.882,-17.065,-142.19,28.31
23.27,28.282,36.287,201.56,0.80728,0.059344,0.22787,28.235,25.824,-17.063,-142.11,28.288
23.28,28.26,36.291,201.36,0.80753,0.062886,0.22877,28.213,25.771,-17.062,-142.03,28.266
23.29,28.238,36.294,201.17,0.80697,0.066526,0.22964,28.19,25.725,-17.061,-141.94,28.244
23.3,28.216,36.298,200.99,0.80564,0.070267,0.23048,28.168,25.687,-17.06,-141.84,28.222
23.31,28.193,36.301,200.82,0.80356,0.074118,0.23128,28.146,25.659,-17.059,-141.73,28.2
23.32,28.171,36.305,200.67,0.80078,0.07811,0.23206,28.123,25.64,-17.058,-141.6,28.177
23.33,28.149,36.308,200.53,0.79735,0.082277,0.2328,28.101,25.63,-17.057,-141.47,28.155
23.34,28.127,36.312,200.41,0.7933,0.086654,0.23352,28.079,25.628,-17.055,-141.32,28.133
23.35,28.105,36.316,200.3,0.78871,0.091272,0.23422,28.057,25.634,-17.053,-141.15,28.111
23.36,28.083,36.319,200.21,0.78362,0.096158,0.2349,28.034,25.647,-17.05,-140.97,28.089
23.37,28.061,36.323,200.14,0.77808,0.10134,0.23556,28.012,25.668,-17.047,-140.77,28.067
23.38,28.039,36.327,200.08,0.77211,0.10682,0.2362,27.99,25.699,-17.042,-140.56,28.045
23.39,28.018,36.331,200.04,0.76573,0.11264,0.23682,27.969,25.739,-17.037,-140.32,28.024
23.4,27.996,36.334,200.01,0.75897,0.11879,0.23742,27.947,25.791,-17.03,-140.07,28.002
23.41,27.975,36.338,200.01,0.75187,0.12529,0.238,27.925,25.856,-17.023,-139.8,27.981
23.42,27.953,36.342,200.01,0.74446,0.13215,0.23858,27.904,25.936,-17.015,-139.51,27.959
23.43,27.932,36.346,200.03,0.73681,0.13938,0.23915,27.882,26.031,-17.006,-139.21,27.938
23.44,27.91,36.35,200.06,0.72894,0.14699,0.23974,27.86,26.141,-16.996,-138.9,27.916
23.45,27.889,36.354,200.1,0.72092,0.15495,0.24034,27.839,26.267,-16.986,-138.58,27.895
23.46,27.867,36.358,200.15,0.71281,0.16324,0.24097,27.817,26.409,-16.976,-138.25,27.874
23.47,27.846,36.362,200.21,0.70467,0.17184,0.24162,27.795,26.568,-16.965,-137.92,27.852
23.48,27.824,36.366,200.27,0.69657,0.18071,0.24231,27.773,26.746,-16.954,-137.58,27.83
23.49,27.802,36.369,200.34,0.68858,0.18983,0.24304,27.751,26.946,-16.944,-137.25,27.808
23.5,27.78,36.373,200.42,0.68077,0.19916,0.24382,27.729,27.165,-16.933,-136.91,27.787
23.51,27.758,36.377,200.5,0.67319,0.20864,0.24464,27.707,27.405,-16.923,-136.58,27.765
23.52,27.736,36.381,200.59,0.66586,0.21823,0.24552,27.685,27.667,-16.912,-136.24,27.742
23.53,27.713,36.384,200.69,0.65882,0.22787,0.24644,27.662,27.953,-16.903,-135.92,27.72
23.54,27.691,36.388,200.79,0.65206,0.23749,0.24741,27.639,28.265,-16.893,-135.6,27.697
23.55,27.668,36.391,200.89,0.64559,0.24699,0.24841,27.616,28.606,-16.885,-135.28,27.675
23.56,27.645,36.394,201,0.63941,0.25629,0.24944,27.593,28.978,-16.877,-134.97,27.652
23.57,27.622,36.398,201.12,0.63349,0.2653,0.25049,27.57,29.378,-16.869,-134.67,27.629
23.58,27.599,36.401,201.25,0.62785,0.27391,0.25154,27.547,29.805,-16.862,-134.37,27.606
23.59,27.575,36.404,201.39,0.62247,0.28205,0.25258,27.523,30.251,-16.856,-134.09,27.583
23.6,27.552,36.407,201.53,0.61734,0.28966,0.25361,27.5,30.71,-16.85,-133.8,27.559
23.61,27.528,36.41,201.68,0.61243,0.29668,0.25461,27.476,31.175,-16.845,-133.53,27.536
23.62,27.505,36.413,201.84,0.60774,0.30308,0.25558,27.452,31.64,-16.841,-133.26,27.512
23.63,27.481,36.416,202.01,0.60324,0.30882,0.25651,27.428,32.1,-16.836,-133,27.488
23.64,27.457,36.419,202.18,0.59889,0.31391,0.25741,27.404,32.548,-16.833,-132.73,27.465
23.65,27.433,36.422,202.36,0.59467,0.31837,0.25826,27.38,32.981,-16.829,-132.48,27.441
23.66,27.409,36.425,202.54,0.59054,0.32219,0.25908,27.355,33.394,-16.826,-132.22,27.416
23.67,27.384,36.428,202.73,0.58649,0.3254,0.25986,27.331,33.782,-16.824,-131.97,27.392
23.68,27.359,36.43,202.92,0.58249,0.32803,0.26061,27.306,34.145,-16.821,-131.71,27.367
23.69,27.334,36.433,203.12,0.57854,0.33011,0.26133,27.281,34.481,-16.819,-131.46,27.342
23.7,27.309,36.435,203.32,0.57462,0.33166,0.26203,27.255,34.789,-16.817,-131.21,27.317
23.71,27.283,36.438,203.52,0.57074,0.3327,0.2627,27.23,35.067,-16.814,-130.96,27.291
23.72,27.258,36.44,203.72,0.56688,0.33325,0.26335,27.204,35.315,-16.812,-130.7,27.266
23.73,27.232,36.442,203.93,0.56304,0.33333,0.26398,27.178,35.53,-16.81,-130.44,27.24
23.74,27.205,36.444,204.13,0.55924,0.33298,0.26459,27.151,35.714,-16.808,-130.18,27.214
23.75,27.179,36.446,204.34,0.55549,0.33225,0.2652,27.125,35.869,-16.805,-129.92,27.187
23.76,27.152,36.448,204.54,0.55184,0.33114,0.2658,27.098,35.997,-16.803,-129.66,27.16
23.77,27.125,36.449,204.74,0.54833,0.32967,0.26639,27.071,36.1,-16.8,-129.39,27.134
23.78,27.098,36.451,204.93,0.54502,0.32783,0.26697,27.044,36.182,-16.797,-129.12,27.107
23.79,27.071,36.453,205.12,0.54195,0.3256,0.26753,27.017,36.248,-16.794,-128.85,27.079
23.8,27.044,36.454,205.31,0.53918,0.32298,0.26807,26.989,36.303,-16.79,-128.59,27.052
23.81,27.016,36.456,205.49,0.53676,0.31997,0.26858,26.962,36.352,-16.787,-128.32,27.025
23.82,26.989,36.457,205.66,0.53473,0.31653,0.26906,26.934,36.399,-16.783,-128.06,26.997
23.83,26.961,36.459,205.83,0.53312,0.31267,0.2695,26.906,36.448,-16.779,-127.8,26.969
23.84,26.933,36.46,205.99,0.53195,0.30837,0.26989,26.878,36.504,-16.775,-127.56,26.942
23.85,26.905,36.462,206.15,0.53128,0.30368,0.27023,26.85,36.572,-16.772,-127.32,26.914
23.86,26.877,36.463,206.3,0.53112,0.29861,0.27052,26.822,36.662,-16.768,-127.09,26.886
23.87,26.849,36.464,206.44,0.5315,0.29316,0.27074,26.794,36.78,-16.764,-126.89,26.858
23.88,26.821,36.466,206.58,0.53247,0.28738,0.27089,26.766,36.934,-16.761,-126.69,26.829
23.89,26.793,36.467,206.71,0.53402,0.28129,0.27098,26.737,37.126,-16.758,-126.52,26.801
23.9,26.764,36.468,206.84,0.53618,0.27489,0.27098,26.709,37.356,-16.755,-126.37,26.773
23.91,26.735,36.469,206.96,0.53894,0.26818,0.2709,26.68,37.63,-16.752,-126.24,26.744
23.92,26.707,36.47,207.08,0.5423,0.26115,0.27072,26.652,37.95,-16.75,-126.13,26.716
23.93,26.678,36.472,207.2,0.54627,0.25381,0.27044,26.623,38.324,-16.748,-126.05,26.687
23.94,26.65,36.473,207.31,0.55087,0.24618,0.27006,26.594,38.76,-16.747,-126,26.659
23.95,26.621,36.474,207.42,0.55612,0.2383,0.26957,26.566,39.264,-16.747,-125.97,26.63
23.96,26.593,36.475,207.53,0.56203,0.23019,0.26896,26.537,39.84,-16.747,-125.98,26.602
23.97,26.564,36.476,207.63,0.56862,0.22184,0.26825,26.509,40.489,-16.749,-126.03,26.574
23.98,26.536,36.478,207.73,0.57589,0.21331,0.26743,26.48,41.212,-16.752,-126.11,26.545
23.99,26.508,36.479,207.83,0.58388,0.20466,0.2665,26.452,42.004,-16.756,-126.22,26.517
24,26.479,36.48,207.92,0.59264,0.196,0.26549,26.424,42.863,-16.761,-126.36,26.489
24.01,26.451,36.482,208.01,0.60217,0.18741,0.26441,26.395,43.784,-16.767,-126.53,26.461
24.02,26.422,36.483,208.09,0.61247,0.17898,0.26328,26.366,44.764,-16.775,-126.73,26.432
24.03,26.393,36.484,208.16,0.6235,0.17077,0.2621,26.337,45.8,-16.785,-126.95,26.403
24.04,26.363,36.485,208.23,0.63525,0.16284,0.26088,26.307,46.889,-16.796,-127.2,26.374
24.05,26.333,36.485,208.29,0.6477,0.15522,0.25963,26.278,48.029,-16.81,-127.46,26.344
24.06,26.303,36.486,208.34,0.66084,0.14795,0.25836,26.247,49.216,-16.825,-127.74,26.314
24.07,26.273,36.486,208.39,0.6746,0.14104,0.25707,26.217,50.447,-16.842,-128.04,26.284
24.08,26.242,36.487,208.43,0.68892,0.13451,0.25576,26.186,51.721,-16.861,-128.35,26.254
24.09,26.211,36.487,208.47,0.70369,0.12838,0.25443,26.155,53.034,-16.882,-128.67,26.223
24.1,26.179,36.487,208.5,0.71883,0.12264,0.2531,26.123,54.382,-16.905,-129,26.191
24.11,26.147,36.487,208.53,0.73425,0.1173,0.25176,26.091,55.758,-16.93,-129.34,26.159
24.12,26.114,36.486,208.56,0.74982,0.11235,0.25042,26.058,57.157,-16.957,-129.68,26.127
24.13,26.081,36.486,208.59,0.76545,0.1078,0.24908,26.025,58.573,-16.986,-130.02,26.094
24.14,26.048,36.485,208.61,0.78103,0.10366,0.24775,25.992,60.002,-17.017,-130.36,26.061
24.15,26.014,36.484,208.63,0.79648,0.099925,0.24644,25.958,61.442,-17.049,-130.69,26.028
24.16,25.98,36.483,208.66,0.81169,0.096607,0.24516,25.924,62.892,-17.082,-131.02,25.994
24.17,25.945,36.482,208.68,0.82652,0.093697,0.24392,25.89,64.347,-17.116,-131.34,25.96
24.18,25.91,36.481,208.69,0.84086,0.091193,0.24273,25.855,65.805,-17.15,-131.66,25.925
24.19,25.875,36.48,208.71,0.85459,0.089088,0.24161,25.819,67.262,-17.185,-131.96,25.89
24.2,25.839,36.478,208.71,0.86755,0.087379,0.24056,25.784,68.715,-17.22,-132.24,25.855
24.21,25.803,36.476,208.72,0.87965,0.086062,0.23961,25.748,70.16,-17.254,-132.52,25.819
24.22,25.767,36.475,208.72,0.89078,0.085139,0.23875,25.711,71.596,-17.289,-132.77,25.783
24.23,25.73,36.473,208.71,0.90087,0.084608,0.23802,25.675,73.02,-17.322,-133.01,25.746
24.24,25.693,36.471,208.69,0.9099,0.084465,0.23741,25.638,74.427,-17.355,-133.24,25.71
24.25,25.656,36.468,208.66,0.91786,0.084707,0.23694,25.6,75.817,-17.387,-133.44,25.672
24.26,25.618,36.466,208.62,0.92475,0.085342,0.23662,25.563,77.191,-17.417,-133.64,25.635
24.27,25.58,36.464,208.57,0.93053,0.086384,0.23645,25.525,78.553,-17.446,-133.81,25.598
24.28,25.542,36.461,208.5,0.93517,0.087844,0.23645,25.487,79.91,-17.474,-133.97,25.56
24.29,25.504,36.459,208.41,0.93856,0.089727,0.23662,25.449,81.266,-17.499,-134.12,25.522
24.3,25.465,36.456,208.31,0.94061,0.092036,0.23697,25.41,82.631,-17.521,-134.26,25.484
24.31,25.427,36.454,208.19,0.94121,0.094771,0.2375,25.372,84.011,-17.541,-134.39,25.445
24.32,25.388,36.451,208.05,0.94028,0.097925,0.23821,25.333,85.411,-17.557,-134.51,25.406
24.33,25.348,36.448,207.89,0.93775,0.10149,0.2391,25.294,86.838,-17.569,-134.62,25.367
24.34,25.309,36.445,207.71,0.93362,0.10545,0.24016,25.254,88.296,-17.578,-134.73,25.328
24.35,25.269,36.442,207.52,0.928,0.10978,0.24139,25.215,89.785,-17.583,-134.83,25.289
24.36,25.229,36.439,207.31,0.92099,0.11447,0.24275,25.175,91.306,-17.584,-134.92,25.249
24.37,25.189,36.436,207.09,0.91274,0.11949,0.24423,25.135,92.864,-17.582,-135.01,25.209
24.38,25.148,36.433,206.85,0.90336,0.12483,0.24582,25.094,94.463,-17.577,-135.09,25.169
24.39,25.108,36.43,206.6,0.89297,0.13049,0.24749,25.054,96.103,-17.569,-135.17,25.129
24.4,25.067,36.426,206.35,0.88176,0.13643,0.24923,25.013,97.782,-17.559,-135.24,25.088
24.41,25.026,36.423,206.08,0.8699,0.14261,0.25104,24.972,99.495,-17.546,-135.31,25.047
24.42,24.984,36.419,205.81,0.85756,0.14901,0.25291,24.931,101.24,-17.531,-135.38,25.006
24.43,24.943,36.416,205.53,0.84489,0.15558,0.25483,24.889,103,-17.515,-135.45,24.965
24.44,24.901,36.412,205.25,0.83203,0.16228,0.25678,24.848,104.78,-17.497,-135.51,24.924
24.45,24.859,36.408,204.96,0.81912,0.16906,0.25876,24.806,106.56,-17.478,-135.57,24.883
24.46,24.817,36.405,204.67,0.80627,0.17587,0.26074,24.764,108.35,-17.459,-135.62,24.841
24.47,24.775,36.401,204.38,0.79358,0.18265,0.26273,24.722,110.13,-17.438,-135.68,24.799
24.48,24.733,36.397,204.08,0.78112,0.18932,0.2647,24.68,111.89,-17.418,-135.73,24.757
24.49,24.691,36.393,203.8,0.76896,0.1958,0.26664,24.638,113.64,-17.397,-135.77,24.715
24.5,24.649,36.39,203.51,0.75717,0.20202,0.26852,24.596,115.35,-17.377,-135.81,24.674
24.51,24.606,36.386,203.24,0.7458,0.20792,0.27033,24.554,117.03,-17.356,-135.85,24.632
24.52,24.564,36.382,202.98,0.73486,0.2134,0.27206,24.512,118.65,-17.336,-135.87,24.59
24.53,24.523,36.379,202.73,0.72436,0.21841,0.27369,24.471,120.21,-17.316,-135.87,24.548
24.54,24.481,36.375,202.49,0.71429,0.22291,0.27522,24.429,121.71,-17.297,-135.87,24.507
24.55,24.44,36.372,202.27,0.70464,0.22697,0.27664,24.388,123.13,-17.278,-135.84,24.466
24.56,24.399,36.369,202.07,0.69538,0.23069,0.27798,24.347,124.49,-17.26,-135.8,24.426
24.57,24.358,36.366,201.88,0.68652,0.23417,0.27923,24.307,125.77,-17.242,-135.74,24.385
24.58,24.318,36.363,201.71,0.67804,0.23751,0.28042,24.266,126.99,-17.224,-135.67,24.345
24.59,24.278,36.36,201.55,0.66996,0.24081,0.28155,24.226,128.15,-17.208,-135.58,24.305
24.6,24.237,36.357,201.39,0.66229,0.24416,0.28264,24.186,129.24,-17.191,-135.48,24.265
24.61,24.198,36.355,201.25,0.65503,0.24763,0.28369,24.146,130.29,-17.176,-135.37,24.225
24.62,24.158,36.352,201.11,0.64819,0.2513,0.28471,24.107,131.28,-17.16,-135.25,24.186
24.63,24.118,36.35,200.99,0.64177,0.25524,0.2857,24.067,132.22,-17.146,-135.11,24.146
24.64,24.079,36.347,200.87,0.63579,0.2595,0.28667,24.028,133.12,-17.132,-134.97,24.107
24.65,24.039,36.345,200.76,0.63023,0.26414,0.28762,23.988,133.99,-17.119,-134.82,24.068
24.66,24,36.342,200.65,0.6251,0.26922,0.28856,23.949,134.82,-17.107,-134.66,24.028
24.67,23.96,36.34,200.55,0.62037,0.27486,0.2895,23.91,135.61,-17.095,-134.49,23.989
24.68,23.921,36.338,200.46,0.61604,0.2812,0.29045,23.87,136.38,-17.084,-134.31,23.95
24.69,23.881,36.335,200.37,0.61208,0.28836,0.29143,23.831,137.13,-17.074,-134.13,23.91
24.7,23.842,36.333,200.27,0.60846,0.29652,0.29245,23.792,137.86,-17.064,-133.95,23.871
24.71,23.802,36.331,200.18,0.60515,0.30581,0.29352,23.752,138.58,-17.055,-133.76,23.832
24.72,23.763,36.329,200.09,0.60216,0.31637,0.29465,23.713,139.28,-17.047,-133.57,23.792
24.73,23.723,36.326,199.99,0.59947,0.32832,0.29584,23.673,139.99,-17.039,-133.38,23.753
24.74,23.683,36.324,199.89,0.59711,0.3418,0.2971,23.633,140.69,-17.032,-133.19,23.713
24.75,23.643,36.321,199.78,0.59506,0.35693,0.29845,23.593,141.42,-17.026,-133.01,23.673
24.76,23.602,36.319,199.67,0.59329,0.3738,0.29989,23.552,142.16,-17.02,-132.83,23.632
24.77,23.561,36.316,199.54,0.59178,0.39254,0.30144,23.511,142.92,-17.015,-132.67,23.591
24.78,23.519,36.313,199.41,0.59051,0.41326,0.3031,23.47,143.71,-17.01,-132.51,23.549
24.79,23.477,36.31,199.25,0.58947,0.43606,0.30489,23.428,144.54,-17.006,-132.37,23.507
24.8,23.434,36.306,199.08,0.58867,0.461,0.3068,23.385,145.42,-17.003,-132.24,23.464
24.81,23.391,36.302,198.9,0.5881,0.48812,0.30885,23.341,146.35,-16.999,-132.13,23.421
24.82,23.346,36.298,198.69,0.58779,0.51743,0.31103,23.297,147.34,-16.997,-132.04,23.377
24.83,23.301,36.294,198.46,0.58773,0.54891,0.31334,23.252,148.39,-16.994,-131.96,23.332
24.84,23.255,36.29,198.21,0.58791,0.58252,0.31579,23.206,149.51,-16.992,-131.91,23.286
24.85,23.208,36.285,197.94,0.58834,0.61821,0.31835,23.16,150.7,-16.991,-131.87,23.24
24.86,23.161,36.28,197.65,0.58899,0.65594,0.32104,23.113,151.96,-16.989,-131.85,23.192
24.87,23.113,36.275,197.34,0.58985,0.6956,0.32384,23.065,153.29,-16.989,-131.86,23.144
24.88,23.064,36.269,197.01,0.59088,0.73708,0.32675,23.016,154.7,-16.988,-131.88,23.096
24.89,23.014,36.263,196.66,0.59207,0.78026,0.32975,22.966,156.16,-16.988,-131.91,23.046
24.9,22.963,36.257,196.29,0.59337,0.825,0.33283,22.916,157.69,-16.987,-131.96,22.996
24.91,22.912,36.251,195.91,0.59475,0.87116,0.33599,22.865,159.27,-16.987,-132.02,22.945
24.92,22.86,36.244,195.53,0.59616,0.91853,0.3392,22.813,160.9,-16.987,-132.09,22.893
24.93,22.807,36.237,195.13,0.5976,0.96687,0.34245,22.76,162.56,-16.987,-132.17,22.84
24.94,22.753,36.23,194.74,0.59904,1.0159,0.34571,22.707,164.23,-16.986,-132.24,22.787
24.95,22.699,36.222,194.35,0.60048,1.0652,0.34896,22.653,165.92,-16.986,-132.31,22.733
24.96,22.645,36.215,193.97,0.60189,1.1147,0.35218,22.599,167.6,-16.985,-132.38,22.679
24.97,22.59,36.207,193.6,0.60323,1.1641,0.35537,22.544,169.28,-16.983,-132.43,22.624
24.98,22.534,36.199,193.24,0.6045,1.2131,0.35851,22.488,170.93,-16.981,-132.48,22.569
24.99,22.478,36.191,192.9,0.60569,1.2617,0.36158,22.433,172.56,-16.979,-132.51,22.513
25,22.421,36.183,192.58,0.6068,1.3096,0.36459,22.376,174.16,-16.977,-132.52,22.456
25.01,22.364,36.175,192.28,0.60783,1.3566,0.36752,22.319,175.74,-16.974,-132.52,22.399
25.02,22.306,36.166,192,0.60878,1.4027,0.37037,22.262,177.27,-16.972,-132.5,22.342
25.03,22.248,36.158,191.75,0.60966,1.4478,0.37313,22.204,178.78,-16.969,-132.47,22.284
25.04,22.189,36.149,191.51,0.61048,1.4919,0.37581,22.145,180.25,-16.966,-132.42,22.225
25.05,22.13,36.14,191.3,0.61126,1.535,0.37844,22.086,181.69,-16.963,-132.35,22.166
25.06,22.069,36.131,191.11,0.61204,1.5775,0.381,22.026,183.11,-16.96,-132.28,22.106
25.07,22.009,36.121,190.94,0.61287,1.6192,0.38352,21.966,184.51,-16.957,-132.19,22.046
25.08,21.948,36.112,190.79,0.6138,1.6605,0.386,21.905,185.91,-16.954,-132.09,21.985
25.09,21.886,36.102,190.66,0.61487,1.7013,0.38846,21.844,187.29,-16.951,-131.98,21.923
25.1,21.823,36.092,190.54,0.61611,1.742,0.39092,21.781,188.68,-16.949,-131.87,21.861
25.11,21.76,36.082,190.43,0.61752,1.7829,0.39339,21.719,190.08,-16.946,-131.76,21.798
25.12,21.697,36.072,190.32,0.61908,1.8242,0.3959,21.655,191.5,-16.943,-131.65,21.734
25.13,21.632,36.061,190.22,0.6208,1.8664,0.39846,21.591,192.95,-16.941,-131.55,21.67
25.14,21.567,36.051,190.12,0.6227,1.9096,0.40109,21.526,194.43,-16.938,-131.46,21.605
25.15,21.501,36.04,190.02,0.62478,1.9541,0.4038,21.461,195.95,-16.936,-131.38,21.539
25.16,21.434,36.028,189.91,0.62704,1.9999,0.40658,21.394,197.51,-16.934,-131.31,21.472
25.17,21.365,36.017,189.8,0.62948,2.0472,0.40943,21.326,199.11,-16.932,-131.26,21.404
25.18,21.296,36.005,189.69,0.63208,2.0958,0.41235,21.257,200.76,-16.93,-131.22,21.335
25.19,21.226,35.992,189.57,0.63484,2.1458,0.41533,21.188,202.46,-16.928,-131.2,21.265
25.2,21.155,35.98,189.44,0.63775,2.1971,0.41835,21.117,204.2,-16.927,-131.2,21.194
25.21,21.082,35.967,189.31,0.64085,2.2496,0.42142,21.045,205.98,-16.926,-131.22,21.122
25.22,21.009,35.954,189.17,0.64421,2.3032,0.42452,20.972,207.81,-16.926,-131.26,21.049
25.23,20.934,35.94,189.03,0.64788,2.3579,0.42765,20.898,209.66,-16.926,-131.32,20.975
25.24,20.859,35.926,188.88,0.65187,2.4134,0.4308,20.823,211.56,-16.927,-131.39,20.9
25.25,20.783,35.912,188.72,0.65621,2.4699,0.43398,20.747,213.48,-16.928,-131.48,20.823
25.26,20.705,35.898,188.56,0.66092,2.5271,0.43718,20.67,215.43,-16.93,-131.58,20.746
25.27,20.627,35.883,188.39,0.666,2.5849,0.44039,20.592,217.4,-16.931,-131.7,20.669
25.28,20.549,35.868,188.22,0.67146,2.6431,0.4436,20.514,219.38,-16.933,-131.82,20.59
25.29,20.47,35.854,188.05,0.67731,2.7016,0.44683,20.436,221.37,-16.936,-131.95,20.512
25.3,20.39,35.839,187.88,0.68354,2.7603,0.45007,20.357,223.37,-16.938,-132.08,20.433
25.31,20.311,35.824,187.7,0.69018,2.819,0.45331,20.278,225.35,-16.941,-132.22,20.353
25.32,20.231,35.809,187.53,0.69722,2.8777,0.45656,20.198,227.33,-16.944,-132.34,20.273
25.33,20.151,35.794,187.36,0.7047,2.9362,0.45981,20.119,229.28,-16.947,-132.47,20.194
25.34,20.071,35.779,187.19,0.71265,2.9946,0.46308,20.039,231.21,-16.95,-132.58,20.114
25.35,19.991,35.764,187.02,0.7211,3.0529,0.46636,19.96,233.11,-16.953,-132.69,20.034
25.36,19.911,35.75,186.86,0.73008,3.1111,0.46964,19.88,234.98,-16.956,-132.78,19.955
25.37,19.832,35.735,186.7,0.73966,3.1692,0.47294,19.801,236.82,-16.959,-132.87,19.875
25.38,19.752,35.721,186.55,0.74988,3.2274,0.47624,19.722,238.63,-16.962,-132.94,19.796
25.39,19.673,35.707,186.4,0.7608,3.2856,0.47956,19.643,240.4,-16.965,-133,19.717
25.4,19.593,35.692,186.26,0.77245,3.344,0.48288,19.564,242.14,-16.968,-133.05,19.638
25.41,19.514,35.678,186.13,0.78488,3.4026,0.48623,19.485,243.84,-16.971,-133.09,19.558
25.42,19.435,35.664,186,0.79811,3.4616,0.48962,19.406,245.5,-16.973,-133.11,19.479
25.43,19.355,35.65,185.88,0.81212,3.521,0.49304,19.328,247.12,-16.976,-133.12,19.4
25.44,19.276,35.637,185.77,0.82687,3.581,0.49652,19.249,248.71,-16.978,-133.12,19.321
25.45,19.197,35.623,185.66,0.84234,3.6416,0.50006,19.17,250.27,-16.981,-133.11,19.242
25.46,19.118,35.609,185.56,0.85844,3.703,0.50367,19.091,251.79,-16.983,-133.09,19.163
25.47,19.039,35.596,185.46,0.87512,3.7651,0.50735,19.013,253.28,-16.984,-133.06,19.085
25.48,18.96,35.582,185.36,0.89231,3.8281,0.51112,18.934,254.75,-16.986,-133.03,19.006
25.49,18.881,35.569,185.26,0.90995,3.8919,0.51498,18.856,256.19,-16.987,-132.99,18.927
25.5,18.803,35.556,185.17,0.92798,3.9566,0.51895,18.778,257.61,-16.987,-132.94,18.849
25.51,18.724,35.543,185.07,0.94636,4.0223,0.52302,18.7,259,-16.988,-132.88,18.77
25.52,18.646,35.53,184.97,0.96511,4.089,0.52719,18.622,260.37,-16.988,-132.83,18.692
25.53,18.568,35.517,184.87,0.98422,4.1567,0.53149,18.544,261.73,-16.987,-132.76,18.615
25.54,18.491,35.504,184.77,1.0037,4.2255,0.5359,18.467,263.07,-16.987,-132.7,18.537
25.55,18.413,35.492,184.65,1.0235,4.2954,0.54044,18.39,264.4,-16.986,-132.65,18.46
25.56,18.336,35.48,184.53,1.0438,4.3665,0.54512,18.314,265.72,-16.985,-132.59,18.383
25.57,18.26,35.468,184.4,1.0645,4.4389,0.54994,18.237,267.04,-16.985,-132.54,18.306
25.58,18.183,35.456,184.26,1.0857,4.5126,0.5549,18.161,268.36,-16.984,-132.51,18.23
25.59,18.107,35.444,184.11,1.1075,4.5878,0.56001,18.085,269.68,-16.984,-132.48,18.154
25.6,18.031,35.433,183.94,1.1297,4.6645,0.56526,18.01,271,-16.985,-132.46,18.078
25.61,17.956,35.421,183.77,1.1525,4.7426,0.57065,17.935,272.32,-16.986,-132.45,18.003
25.62,17.881,35.41,183.58,1.1758,4.8221,0.57616,17.86,273.65,-16.987,-132.45,17.928
25.63,17.806,35.399,183.38,1.1998,4.9031,0.58181,17.785,274.98,-16.989,-132.46,17.853
25.64,17.731,35.388,183.17,1.2243,4.9855,0.58758,17.71,276.31,-16.991,-132.48,17.778
25.65,17.656,35.377,182.95,1.2495,5.0693,0.59348,17.636,277.63,-16.993,-132.5,17.703
25.66,17.581,35.367,182.72,1.2753,5.1546,0.5995,17.561,278.94,-16.995,-132.53,17.628
25.67,17.506,35.356,182.48,1.302,5.2415,0.60565,17.486,280.24,-16.998,-132.56,17.553
25.68,17.43,35.345,182.24,1.3294,5.3302,0.61192,17.411,281.53,-17.001,-132.59,17.478
25.69,17.354,35.334,181.99,1.3576,5.4206,0.61832,17.335,282.79,-17.003,-132.62,17.402
25.7,17.278,35.323,181.73,1.3868,5.5131,0.62486,17.259,284.03,-17.005,-132.65,17.326
25.71,17.201,35.312,181.47,1.4171,5.6077,0.63154,17.183,285.25,-17.008,-132.67,17.249
25.72,17.123,35.301,181.21,1.4484,5.7046,0.63837,17.105,286.44,-17.01,-132.68,17.171
25.73,17.045,35.29,180.94,1.4809,5.8039,0.64537,17.027,287.61,-17.011,-132.69,17.092
25.74,16.965,35.278,180.66,1.5148,5.9058,0.65254,16.948,288.75,-17.013,-132.68,17.013
25.75,16.885,35.267,180.38,1.5501,6.0105,0.65991,16.868,289.87,-17.013,-132.67,16.933
25.76,16.804,35.255,180.09,1.587,6.1182,0.66749,16.787,290.97,-17.014,-132.64,16.852
25.77,16.722,35.243,179.79,1.6255,6.2291,0.6753,16.706,292.06,-17.013,-132.61,16.77
25.78,16.64,35.231,179.48,1.6658,6.3433,0.68334,16.623,293.12,-17.012,-132.57,16.688
25.79,16.556,35.219,179.16,1.7078,6.461,0.69164,16.54,294.18,-17.011,-132.53,16.604
25.8,16.472,35.206,178.83,1.7518,6.5821,0.7002,16.457,295.22,-17.008,-132.48,16.52
25.81,16.387,35.194,178.49,1.7975,6.7067,0.70902,16.372,296.24,-17.006,-132.42,16.435
25.82,16.302,35.181,178.14,1.8451,6.8347,0.7181,16.287,297.26,-17.002,-132.35,16.35
25.83,16.215,35.168,177.79,1.8946,6.9662,0.72744,16.201,298.28,-16.998,-132.28,16.263
25.84,16.128,35.155,177.42,1.946,7.1012,0.73705,16.114,299.28,-16.994,-132.21,16.176
25.85,16.04,35.142,177.03,1.9994,7.2397,0.74692,16.026,300.29,-16.989,-132.13,16.088
25.86,15.952,35.129,176.64,2.0548,7.3818,0.75707,15.938,301.3,-16.984,-132.05,16
25.87,15.863,35.116,176.24,2.1123,7.5275,0.7675,15.85,302.31,-16.98,-131.97,15.911
25.88,15.774,35.102,175.82,2.1719,7.6767,0.7782,15.761,303.33,-16.975,-131.89,15.822
25.89,15.684,35.089,175.39,2.2338,7.8296,0.78917,15.671,304.36,-16.971,-131.81,15.732
25.9,15.594,35.075,174.96,2.2978,7.9858,0.80041,15.581,305.4,-16.967,-131.73,15.641
25.91,15.503,35.062,174.5,2.3641,8.1455,0.81191,15.491,306.46,-16.963,-131.66,15.551
25.92,15.412,35.049,174.04,2.4327,8.3084,0.82366,15.401,307.53,-16.961,-131.6,15.46
25.93,15.322,35.036,173.56,2.5036,8.4745,0.83565,15.31,308.62,-16.958,-131.55,15.369
25.94,15.231,35.022,173.07,2.5768,8.6435,0.84788,15.22,309.73,-16.957,-131.5,15.279
25.95,15.141,35.009,172.57,2.6523,8.8153,0.86032,15.13,310.87,-16.956,-131.47,15.188
25.96,15.05,34.996,172.06,2.7301,8.9897,0.87298,15.04,312.03,-16.956,-131.44,15.098
25.97,14.96,34.984,171.54,2.8102,9.1666,0.88582,14.95,313.21,-16.956,-131.43,15.008
25.98,14.87,34.971,171,2.8925,9.3458,0.89885,14.86,314.42,-16.958,-131.42,14.918
25.99,14.781,34.959,170.45,2.977,9.5272,0.91204,14.771,315.65,-16.959,-131.43,14.828
26,14.692,34.946,169.9,3.0636,9.7105,0.92538,14.682,316.91,-16.962,-131.44,14.739
26.01,14.603,34.934,169.33,3.1522,9.8956,0.93885,14.594,318.2,-16.965,-131.47,14.651
26.02,14.515,34.923,168.75,3.2428,10.082,0.95244,14.506,319.52,-16.969,-131.5,14.562
26.03,14.427,34.911,168.17,3.3354,10.271,0.96614,14.418,320.86,-16.974,-131.55,14.475
26.04,14.34,34.9,167.58,3.4299,10.46,0.97993,14.331,322.23,-16.979,-131.6,14.387
26.05,14.253,34.889,166.98,3.5264,10.651,0.99379,14.245,323.63,-16.985,-131.66,14.301
26.06,14.167,34.878,166.37,3.6247,10.843,1.0077,14.159,325.06,-16.991,-131.74,14.215
26.07,14.082,34.867,165.76,3.7248,11.035,1.0217,14.074,326.52,-16.998,-131.82,14.13
26.08,13.998,34.857,165.14,3.8268,11.229,1.0357,13.99,328.01,-17.006,-131.9,14.045
26.09,13.914,34.847,164.52,3.9305,11.423,1.0497,13.907,329.52,-17.013,-132,13.961
26.1,13.831,34.838,163.89,4.0359,11.617,1.0638,13.824,331.05,-17.021,-132.09,13.878
26.11,13.748,34.828,163.26,4.1431,11.812,1.0779,13.741,332.61,-17.03,-132.19,13.796
26.12,13.666,34.819,162.62,4.2522,12.007,1.092,13.66,334.18,-17.038,-132.3,13.714
26.13,13.585,34.81,161.97,4.3633,12.203,1.1062,13.579,335.76,-17.046,-132.41,13.633
26.14,13.505,34.802,161.31,4.4765,12.4,1.1205,13.498,337.36,-17.054,-132.52,13.553
26.15,13.425,34.793,160.63,4.5919,12.598,1.1348,13.419,338.96,-17.062,-132.63,13.473
26.16,13.345,34.785,159.94,4.7096,12.798,1.1493,13.339,340.57,-17.07,-132.74,13.393
26.17,13.266,34.777,159.24,4.8299,12.999,1.1639,13.26,342.19,-17.077,-132.86,13.314
26.18,13.188,34.769,158.52,4.9527,13.201,1.1786,13.182,343.81,-17.083,-132.97,13.236
26.19,13.11,34.762,157.78,5.0783,13.406,1.1935,13.104,345.43,-17.089,-133.09,13.158
26.2,13.033,34.754,157.02,5.2066,13.612,1.2085,13.027,347.06,-17.094,-133.21,13.081
26.21,12.956,34.747,156.24,5.3379,13.82,1.2237,12.95,348.68,-17.098,-133.33,13.004
26.22,12.879,34.74,155.44,5.472,14.03,1.239,12.874,350.31,-17.101,-133.45,12.927
26.23,12.803,34.734,154.63,5.6091,14.242,1.2546,12.798,351.94,-17.104,-133.57,12.851
26.24,12.727,34.727,153.79,5.7492,14.457,1.2703,12.723,353.57,-17.106,-133.69,12.776
26.25,12.652,34.721,152.93,5.8924,14.674,1.2862,12.647,355.2,-17.107,-133.81,12.7
26.26,12.577,34.715,152.05,6.0387,14.893,1.3023,12.572,356.82,-17.107,-133.93,12.625
26.27,12.502,34.709,151.15,6.1881,15.115,1.3186,12.498,358.45,-17.107,-134.05,12.551
26.28,12.428,34.703,150.23,6.3406,15.339,1.335,12.424,360.08,-17.106,-134.17,12.476
26.29,12.354,34.697,149.29,6.4962,15.566,1.3516,12.35,361.7,-17.104,-134.28,12.402
26.3,12.28,34.692,148.34,6.6549,15.795,1.3684,12.276,363.33,-17.102,-134.39,12.328
26.31,12.206,34.686,147.36,6.8167,16.027,1.3854,12.202,364.95,-17.099,-134.5,12.255
26.32,12.133,34.681,146.38,6.9816,16.261,1.4026,12.129,366.57,-17.096,-134.61,12.181
26.33,12.059,34.676,145.37,7.1493,16.498,1.4199,12.056,368.18,-17.093,-134.71,12.108
26.34,11.986,34.671,144.35,7.32,16.738,1.4373,11.982,369.79,-17.089,-134.81,12.035
26.35,11.913,34.666,143.32,7.4935,16.98,1.4549,11.909,371.39,-17.085,-134.9,11.962
26.36,11.84,34.661,142.28,7.6698,17.225,1.4727,11.836,372.98,-17.081,-134.99,11.888
26.37,11.766,34.656,141.23,7.8489,17.473,1.4906,11.763,374.56,-17.076,-135.06,11.815
26.38,11.693,34.651,140.17,8.0307,17.724,1.5087,11.689,376.13,-17.072,-135.13,11.741
26.39,11.619,34.646,139.1,8.2152,17.977,1.5269,11.616,377.68,-17.067,-135.19,11.668
26.4,11.545,34.641,138.02,8.4021,18.233,1.5452,11.542,379.23,-17.062,-135.24,11.594
26.41,11.471,34.636,136.94,8.5915,18.492,1.5637,11.467,380.75,-17.057,-135.28,11.519
26.42,11.396,34.632,135.86,8.7833,18.753,1.5823,11.393,382.26,-17.052,-135.3,11.445
26.43,11.321,34.627,134.77,8.9774,19.017,1.601,11.318,383.76,-17.046,-135.31,11.37
26.44,11.246,34.622,133.69,9.174,19.284,1.6198,11.243,385.23,-17.041,-135.3,11.294
26.45,11.17,34.617,132.6,9.3728,19.553,1.6387,11.167,386.69,-17.036,-135.28,11.218
26.46,11.093,34.612,131.53,9.5737,19.824,1.6576,11.091,388.14,-17.031,-135.25,11.142
26.47,11.017,34.607,130.46,9.7766,20.097,1.6766,11.014,389.57,-17.026,-135.2,11.065
26.48,10.939,34.603,129.4,9.9813,20.372,1.6956,10.937,390.99,-17.021,-135.14,10.988
26.49,10.862,34.598,128.36,10.187,20.648,1.7146,10.859,392.42,-17.017,-135.07,10.91
26.5,10.784,34.593,127.35,10.395,20.926,1.7335,10.781,393.84,-17.013,-134.99,10.832
26.51,10.705,34.588,126.36,10.604,21.204,1.7523,10.702,395.27,-17.009,-134.9,10.753
26.52,10.626,34.583,125.39,10.814,21.483,1.771,10.623,396.72,-17.006,-134.8,10.674
26.53,10.546,34.578,124.46,11.024,21.762,1.7895,10.544,398.19,-17.004,-134.7,10.595
26.54,10.467,34.573,123.57,11.236,22.041,1.8078,10.464,399.69,-17.002,-134.59,10.515
26.55,10.387,34.568,122.72,11.447,22.32,1.8259,10.385,401.22,-17,-134.48,10.435
26.56,10.306,34.563,121.91,11.659,22.598,1.8437,10.304,402.79,-16.999,-134.37,10.354
26.57,10.226,34.558,121.15,11.871,22.875,1.8613,10.224,404.41,-16.999,-134.26,10.274
26.58,10.145,34.553,120.43,12.083,23.151,1.8786,10.143,406.08,-16.999,-134.15,10.193
26.59,10.064,34.548,119.75,12.295,23.426,1.8955,10.062,407.8,-17,-134.04,10.112
26.6,9.9831,34.543,119.13,12.508,23.7,1.9121,9.9813,409.58,-17.001,-133.93,10.031
26.61,9.902,34.538,118.55,12.721,23.971,1.9283,9.9003,411.42,-17.003,-133.83,9.9499
26.62,9.821,34.534,118.02,12.933,24.241,1.9442,9.8193,413.32,-17.006,-133.74,9.8688
26.63,9.74,34.529,117.54,13.147,24.508,1.9596,9.7384,415.29,-17.008,-133.65,9.7878
26.64,9.6591,34.525,117.11,13.36,24.774,1.9747,9.6576,417.32,-17.012,-133.57,9.707
26.65,9.5784,34.52,116.72,13.575,25.036,1.9895,9.577,419.42,-17.015,-133.5,9.6262
26.66,9.4978,34.516,116.37,13.79,25.297,2.0038,9.4965,421.58,-17.019,-133.43,9.5457
26.67,9.4175,34.512,116.07,14.006,25.555,2.0177,9.4162,423.81,-17.022,-133.38,9.4653
26.68,9.3373,34.508,115.81,14.223,25.81,2.0313,9.3361,426.11,-17.026,-133.33,9.3851
26.69,9.2573,34.504,115.6,14.441,26.062,2.0444,9.2562,428.49,-17.029,-133.3,9.3052
26.7,9.1776,34.501,115.44,14.66,26.31,2.057,9.1765,430.95,-17.033,-133.28,9.2255
26.71,9.0981,34.497,115.33,14.88,26.555,2.0692,9.0971,433.48,-17.036,-133.28,9.146
26.72,9.0189,34.494,115.28,15.1,26.796,2.081,9.0179,436.1,-17.04,-133.28,9.0668
26.73,8.9398,34.49,115.28,15.321,27.032,2.0923,8.9389,438.8,-17.043,-133.31,8.9878
26.74,8.8609,34.487,115.33,15.543,27.265,2.1031,8.86,441.58,-17.046,-133.34,8.909
26.75,8.7823,34.484,115.42,15.766,27.494,2.1134,8.7814,444.45,-17.048,-133.39,8.8303
26.76,8.7037,34.481,115.57,15.991,27.719,2.1234,8.7029,447.39,-17.05,-133.44,8.7518
26.77,8.6253,34.478,115.75,16.217,27.941,2.133,8.6245,450.41,-17.052,-133.5,8.6735
26.78,8.5469,34.476,115.97,16.445,28.16,2.1423,8.5461,453.49,-17.052,-133.56,8.5951
26.79,8.4685,34.473,116.22,16.675,28.377,2.1514,8.4678,456.63,-17.052,-133.63,8.5169
26.8,8.3901,34.47,116.49,16.908,28.592,2.1602,8.3895,459.81,-17.052,-133.68,8.4386
26.81,8.3117,34.468,116.79,17.143,28.806,2.1689,8.3111,463.05,-17.05,-133.73,8.3602
26.82,8.2332,34.465,117.11,17.381,29.018,2.1774,8.2326,466.32,-17.047,-133.77,8.2818
26.83,8.1545,34.463,117.43,17.622,29.23,2.1858,8.154,469.64,-17.044,-133.79,8.2032
26.84,8.0758,34.461,117.77,17.866,29.441,2.1941,8.0753,472.99,-17.04,-133.8,8.1245
26.85,7.9969,34.458,118.12,18.113,29.652,2.2024,7.9965,476.37,-17.035,-133.79,8.0458
26.86,7.9179,34.456,118.47,18.364,29.863,2.2106,7.9175,479.78,-17.03,-133.77,7.9669
26.87,7.8388,34.454,118.83,18.618,30.074,2.2189,7.8384,483.22,-17.024,-133.72,7.8878
26.88,7.7596,34.451,119.19,18.876,30.285,2.2271,7.7592,486.68,-17.017,-133.66,7.8086
26.89,7.6802,34.449,119.55,19.136,30.496,2.2353,7.6798,490.17,-17.01,-133.58,7.7293
26.9,7.6007,34.447,119.92,19.4,30.707,2.2436,7.6004,493.68,-17.003,-133.49,7.6499
26.91,7.521,34.445,120.28,19.666,30.919,2.2519,7.5208,497.21,-16.995,-133.37,7.5704
26.92,7.4414,34.442,120.65,19.935,31.13,2.2602,7.4411,500.76,-16.987,-133.25,7.4908
26.93,7.3617,34.44,121.02,20.208,31.342,2.2685,7.3615,504.33,-16.978,-133.11,7.4112
26.94,7.2819,34.438,121.39,20.483,31.553,2.2768,7.2818,507.92,-16.969,-132.97,7.3315
26.95,7.2022,34.436,121.76,20.76,31.764,2.2851,7.2021,511.54,-16.959,-132.82,7.2519
26.96,7.1225,34.434,122.13,21.038,31.976,2.2934,7.1224,515.17,-16.95,-132.66,7.1722
26.97,7.0427,34.432,122.5,21.319,32.187,2.3017,7.0427,518.81,-16.941,-132.51,7.0926
26.98,6.963,34.43,122.87,21.599,32.397,2.3101,6.963,522.47,-16.931,-132.35,7.013
26.99,6.8833,34.428,123.25,21.881,32.608,2.3184,6.8833,526.13,-16.922,-132.19,6.9334
27,6.8036,34.425,123.63,22.162,32.818,2.3267,6.8037,529.8,-16.912,-132.03,6.8538
