21,-47.274,4.1002,338.44,-12.74,-4.6204,-1.9642,-46.282,-322.9,-345.77,427.8,-47.345
21.01,-46.512,4.4063,337.34,-12.639,-4.5804,-1.9484,-45.529,-319.93,-342.79,421.78,-46.581
21.02,-45.755,4.7102,336.25,-12.537,-4.5406,-1.9326,-44.782,-316.98,-339.82,415.8,-45.824
21.03,-45.003,5.0119,335.16,-12.437,-4.5011,-1.9169,-44.04,-314.05,-336.88,409.87,-45.072
21.04,-44.257,5.3115,334.08,-12.337,-4.4618,-1.9014,-43.303,-311.14,-333.96,403.99,-44.325
21.05,-43.517,5.609,333.01,-12.237,-4.4228,-1.8859,-42.572,-308.25,-331.06,398.15,-43.584
21.06,-42.782,5.9044,331.95,-12.138,-4.3841,-1.8705,-41.847,-305.38,-328.17,392.35,-42.849
21.07,-42.053,6.1977,330.9,-12.04,-4.3456,-1.8552,-41.127,-302.53,-325.31,386.6,-42.119
21.08,-41.329,6.4889,329.85,-11.942,-4.3073,-1.84,-40.412,-299.69,-322.47,380.9,-41.394
21.09,-40.61,6.7779,328.81,-11.845,-4.2693,-1.8248,-39.703,-296.88,-319.65,375.24,-40.675
21.1,-39.897,7.0649,327.77,-11.748,-4.2316,-1.8098,-38.999,-294.09,-316.84,369.62,-39.961
21.11,-39.19,7.3499,326.75,-11.652,-4.1941,-1.7948,-38.301,-291.31,-314.06,364.04,-39.253
21.12,-38.487,7.6327,325.73,-11.557,-4.1568,-1.7799,-37.607,-288.56,-311.3,358.51,-38.55
21.13,-37.791,7.9135,324.72,-11.462,-4.1198,-1.7651,-36.919,-285.82,-308.55,353.03,-37.853
21.14,-37.099,8.1923,323.71,-11.368,-4.0831,-1.7504,-36.237,-283.1,-305.83,347.59,-37.161
21.15,-36.413,8.469,322.71,-11.274,-4.0465,-1.7358,-35.559,-280.4,-303.12,342.19,-36.474
21.16,-35.732,8.7437,321.72,-11.181,-4.0103,-1.7213,-34.887,-277.72,-300.44,336.83,-35.793
21.17,-35.056,9.0163,320.74,-11.088,-3.9742,-1.7068,-34.22,-275.06,-297.77,331.52,-35.116
21.18,-34.386,9.2869,319.76,-10.996,-3.9384,-1.6925,-33.559,-272.42,-295.12,326.25,-34.445
21.19,-33.721,9.5556,318.79,-10.904,-3.9029,-1.6782,-32.902,-269.79,-292.5,321.02,-33.78
21.2,-33.061,9.8222,317.83,-10.813,-3.8676,-1.664,-32.251,-267.19,-289.89,315.84,-33.119
21.21,-32.406,10.087,316.87,-10.723,-3.8325,-1.6499,-31.604,-264.6,-287.3,310.69,-32.464
21.22,-31.757,10.349,315.92,-10.633,-3.7976,-1.6358,-30.963,-262.03,-284.72,305.59,-31.814
21.23,-31.113,10.61,314.98,-10.544,-3.763,-1.6219,-30.327,-259.48,-282.17,300.53,-31.169
21.24,-30.473,10.869,314.04,-10.455,-3.7287,-1.608,-29.696,-256.94,-279.64,295.52,-30.529
21.25,-29.839,11.125,313.12,-10.367,-3.6945,-1.5942,-29.07,-254.43,-277.12,290.54,-29.895
21.26,-29.21,11.38,312.19,-10.279,-3.6606,-1.5805,-28.449,-251.93,-274.63,285.61,-29.265
21.27,-28.586,11.633,311.28,-10.192,-3.627,-1.5669,-27.834,-249.45,-272.15,280.72,-28.641
21.28,-27.967,11.884,310.37,-10.105,-3.5935,-1.5533,-27.223,-246.99,-269.69,275.86,-28.021
21.29,-27.354,12.133,309.47,-10.019,-3.5603,-1.5399,-26.617,-244.54,-267.25,271.05,-27.407
21.3,-26.745,12.38,308.57,-9.9335,-3.5273,-1.5265,-26.016,-242.12,-264.82,266.29,-26.798
21.31,-26.141,12.625,307.68,-9.8484,-3.4946,-1.5132,-25.42,-239.71,-262.42,261.56,-26.193
21.32,-25.542,12.868,306.8,-9.7638,-3.4621,-1.4999,-24.829,-237.32,-260.03,256.87,-25.594
21.33,-24.948,13.11,305.93,-9.6798,-3.4298,-1.4868,-24.242,-234.94,-257.66,252.22,-24.999
21.34,-24.359,13.349,305.06,-9.5963,-3.3977,-1.4737,-23.661,-232.59,-255.31,247.61,-24.41
21.35,-23.775,13.586,304.2,-9.5134,-3.3659,-1.4607,-23.085,-230.25,-252.98,243.04,-23.825
21.36,-23.196,13.822,303.34,-9.4309,-3.3342,-1.4478,-22.513,-227.93,-250.66,238.52,-23.246
21.37,-22.622,14.056,302.49,-9.3489,-3.3028,-1.435,-21.946,-225.62,-248.37,234.03,-22.671
21.38,-22.052,14.288,301.65,-9.2675,-3.2717,-1.4222,-21.384,-223.33,-246.09,229.58,-22.101
21.39,-21.488,14.518,300.81,-9.1866,-3.2407,-1.4095,-20.827,-221.06,-243.83,225.17,-21.536
21.4,-20.928,14.746,299.98,-9.1061,-3.21,-1.3969,-20.274,-218.81,-241.58,220.8,-20.975
21.41,-20.373,14.973,299.16,-9.0262,-3.1795,-1.3844,-19.726,-216.57,-239.35,216.47,-20.42
21.42,-19.822,15.197,298.34,-8.9468,-3.1492,-1.3719,-19.183,-214.35,-237.14,212.17,-19.869
21.43,-19.277,15.42,297.53,-8.8679,-3.1191,-1.3595,-18.645,-212.15,-234.95,207.92,-19.323
21.44,-18.736,15.641,296.72,-8.7895,-3.0892,-1.3472,-18.111,-209.96,-232.78,203.7,-18.782
21.45,-18.2,15.86,295.93,-8.7116,-3.0596,-1.335,-17.582,-207.79,-230.62,199.52,-18.245
21.46,-17.668,16.077,295.13,-8.6341,-3.0301,-1.3229,-17.057,-205.64,-228.48,195.39,-17.713
21.47,-17.142,16.293,294.35,-8.5572,-3.0009,-1.3108,-16.537,-203.5,-226.35,191.28,-17.186
21.48,-16.619,16.507,293.57,-8.4808,-2.9719,-1.2988,-16.022,-201.38,-224.25,187.22,-16.663
21.49,-16.102,16.719,292.79,-8.4048,-2.9431,-1.2868,-15.511,-199.28,-222.16,183.19,-16.145
21.5,-15.589,16.929,292.02,-8.3293,-2.9145,-1.275,-15.005,-197.19,-220.08,179.2,-15.632
21.51,-15.081,17.137,291.26,-8.2544,-2.8861,-1.2632,-14.503,-195.12,-218.03,175.25,-15.123
21.52,-14.577,17.344,290.51,-8.1799,-2.858,-1.2515,-14.006,-193.06,-215.99,171.34,-14.619
21.53,-14.077,17.549,289.76,-8.1058,-2.83,-1.2398,-13.513,-191.02,-213.96,167.46,-14.119
21.54,-13.583,17.752,289.01,-8.0323,-2.8023,-1.2283,-13.025,-189,-211.95,163.62,-13.624
21.55,-13.092,17.954,288.28,-7.9592,-2.7747,-1.2168,-12.541,-186.99,-209.96,159.81,-13.133
21.56,-12.607,18.154,287.54,-7.8866,-2.7474,-1.2053,-12.062,-185,-207.99,156.05,-12.647
21.57,-12.125,18.352,286.82,-7.8145,-2.7202,-1.194,-11.587,-183.02,-206.03,152.31,-12.165
21.58,-11.648,18.548,286.1,-7.7428,-2.6933,-1.1827,-11.116,-181.06,-204.09,148.62,-11.688
21.59,-11.176,18.743,285.38,-7.6716,-2.6666,-1.1715,-10.65,-179.11,-202.16,144.96,-11.215
21.6,-10.708,18.936,284.68,-7.6009,-2.64,-1.1603,-10.188,-177.18,-200.25,141.33,-10.746
21.61,-10.244,19.127,283.97,-7.5306,-2.6137,-1.1493,-9.7301,-175.27,-198.36,137.75,-10.282
21.62,-9.7846,19.317,283.28,-7.4608,-2.5876,-1.1382,-9.2767,-173.37,-196.48,134.19,-9.8222
21.63,-9.3295,19.505,282.59,-7.3914,-2.5616,-1.1273,-8.8276,-171.48,-194.62,130.67,-9.3668
21.64,-8.8787,19.691,281.9,-7.3225,-2.5359,-1.1164,-8.3828,-169.61,-192.77,127.19,-8.9156
21.65,-8.4322,19.876,281.22,-7.254,-2.5103,-1.1056,-7.9422,-167.76,-190.94,123.74,-8.4687
21.66,-7.99,20.059,280.55,-7.186,-2.485,-1.0949,-7.5058,-165.92,-189.12,120.33,-8.026
21.67,-7.552,20.241,279.88,-7.1185,-2.4598,-1.0842,-7.0737,-164.1,-187.32,116.95,-7.5877
21.68,-7.1182,20.421,279.22,-7.0514,-2.4349,-1.0736,-6.6456,-162.29,-185.54,113.61,-7.1535
21.69,-6.6887,20.599,278.56,-6.9847,-2.4101,-1.0631,-6.2218,-160.49,-183.77,110.3,-6.7235
21.7,-6.2633,20.775,277.91,-6.9185,-2.3855,-1.0526,-5.802,-158.72,-182.01,107.02,-6.2978
21.71,-5.8421,20.95,277.26,-6.8527,-2.3611,-1.0422,-5.3864,-156.95,-180.27,103.78,-5.8762
21.72,-5.425,21.124,276.62,-6.7873,-2.3369,-1.0319,-4.9749,-155.2,-178.55,100.57,-5.4587
21.73,-5.012,21.296,275.99,-6.7224,-2.3129,-1.0216,-4.5674,-153.46,-176.84,97.393,-5.0454
21.74,-4.6032,21.466,275.36,-6.6579,-2.2891,-1.0114,-4.164,-151.74,-175.15,94.251,-4.6361
21.75,-4.1984,21.635,274.73,-6.5939,-2.2655,-1.0013,-3.7646,-150.04,-173.47,91.143,-4.2309
21.76,-3.7976,21.802,274.11,-6.5303,-2.242,-0.99124,-3.3692,-148.34,-171.8,88.067,-3.8298
21.77,-3.4009,21.968,273.5,-6.4671,-2.2188,-0.98123,-2.9778,-146.67,-170.15,85.024,-3.4328
21.78,-3.0083,22.132,272.89,-6.4043,-2.1957,-0.97129,-2.5904,-145,-168.52,82.014,-3.0397
21.79,-2.6196,22.294,272.29,-6.3419,-2.1728,-0.96141,-2.2069,-143.35,-166.9,79.036,-2.6507
21.8,-2.2348,22.455,271.69,-6.28,-2.1501,-0.95159,-1.8273,-141.71,-165.29,76.091,-2.2656
21.81,-1.8541,22.615,271.1,-6.2185,-2.1275,-0.94184,-1.4516,-140.09,-163.7,73.178,-1.8845
21.82,-1.4772,22.773,270.51,-6.1574,-2.1052,-0.93215,-1.0799,-138.48,-162.12,70.296,-1.5073
21.83,-1.1043,22.929,269.93,-6.0967,-2.083,-0.92252,-0.71194,-136.89,-160.56,67.447,-1.134
21.84,-0.73527,23.084,269.36,-6.0364,-2.061,-0.91295,-0.34786,-135.31,-159.01,64.629,-0.76462
21.85,-0.3701,23.238,268.78,-5.9766,-2.0392,-0.90345,0.012392,-133.74,-157.47,61.843,-0.3991
21.86,-0.0087822,23.39,268.22,-5.9171,-2.0176,-0.89401,0.36884,-132.19,-155.95,59.088,-0.037443
21.87,0.34871,23.541,267.66,-5.858,-1.9961,-0.88462,0.72152,-130.65,-154.45,56.364,0.32039
21.88,0.7024,23.69,267.1,-5.7994,-1.9748,-0.8753,1.0704,-129.12,-152.95,53.671,0.67441
21.89,1.0523,23.837,266.55,-5.7411,-1.9537,-0.86604,1.4156,-127.61,-151.47,51.01,1.0246
21.9,1.3984,23.984,266,-5.6833,-1.9327,-0.85684,1.7571,-126.11,-150.01,48.378,1.3711
21.91,1.7408,24.128,265.46,-5.6258,-1.912,-0.8477,2.0948,-124.62,-148.56,45.777,1.7138
21.92,2.0795,24.272,264.93,-5.5687,-1.8914,-0.83861,2.4289,-123.15,-147.12,43.207,2.0528
21.93,2.4145,24.414,264.39,-5.5121,-1.8709,-0.82959,2.7593,-121.69,-145.69,40.666,2.3881
21.94,2.7458,24.554,263.87,-5.4558,-1.8506,-0.82063,3.0861,-120.24,-144.28,38.156,2.7197
21.95,3.0734,24.693,263.35,-5.3999,-1.8305,-0.81172,3.4092,-118.8,-142.89,35.675,3.0477
21.96,3.3974,24.831,262.83,-5.3443,-1.8106,-0.80287,3.7288,-117.38,-141.5,33.224,3.372
21.97,3.7178,24.968,262.32,-5.2892,-1.7908,-0.79408,4.0448,-115.97,-140.13,30.802,3.6926
21.98,4.0345,25.102,261.81,-5.2344,-1.7712,-0.78535,4.3573,-114.58,-138.77,28.41,4.0097
21.99,4.3477,25.236,261.31,-5.1801,-1.7518,-0.77667,4.6662,-113.19,-137.42,26.047,4.3232
22,4.6574,25.368,260.81,-5.1261,-1.7325,-0.76805,4.9716,-111.82,-136.09,23.713,4.6331
22.01,4.9635,25.499,260.32,-5.0724,-1.7134,-0.75949,5.2735,-110.46,-134.77,21.407,4.9395
22.02,5.266,25.629,259.83,-5.0192,-1.6945,-0.75098,5.5719,-109.12,-133.47,19.13,5.2424
22.03,5.5651,25.757,259.34,-4.9663,-1.6757,-0.74253,5.8669,-107.78,-132.17,16.882,5.5418
22.04,5.8607,25.884,258.87,-4.9138,-1.657,-0.73413,6.1584,-106.46,-130.89,14.662,5.8377
22.05,6.1529,26.009,258.39,-4.8616,-1.6386,-0.72579,6.4465,-105.15,-129.62,12.47,6.1302
22.06,6.4416,26.133,257.92,-4.8098,-1.6202,-0.7175,6.7313,-103.85,-128.37,10.306,6.4192
22.07,6.727,26.256,257.46,-4.7584,-1.6021,-0.70927,7.0126,-102.57,-127.12,8.1693,6.7048
22.08,7.0089,26.378,256.99,-4.7073,-1.5841,-0.70109,7.2907,-101.29,-125.89,6.0606,6.987
22.09,7.2875,26.498,256.54,-4.6566,-1.5662,-0.69297,7.5654,-100.03,-124.67,3.9793,7.2658
22.1,7.5627,26.617,256.09,-4.6062,-1.5485,-0.6849,7.8368,-98.781,-123.46,1.9252,7.5413
22.11,7.8346,26.735,255.64,-4.5562,-1.531,-0.67688,8.1049,-97.543,-122.27,-0.10179,7.8135
22.12,8.1031,26.851,255.2,-4.5065,-1.5136,-0.66891,8.3697,-96.316,-121.09,-2.1019,8.0823
22.13,8.3684,26.967,254.76,-4.4572,-1.4963,-0.661,8.6313,-95.101,-119.92,-4.0752,8.3479
22.14,8.6305,27.081,254.32,-4.4082,-1.4792,-0.65314,8.8896,-93.898,-118.76,-6.0219,8.6102
22.15,8.8892,27.193,253.89,-4.3596,-1.4623,-0.64533,9.1448,-92.706,-117.61,-7.9422,8.8692
22.16,9.1448,27.305,253.47,-4.3113,-1.4455,-0.63757,9.3968,-91.525,-116.47,-9.8363,9.125
22.17,9.3972,27.415,253.04,-4.2633,-1.4288,-0.62986,9.6456,-90.356,-115.35,-11.704,9.3776
22.18,9.6463,27.524,252.63,-4.2157,-1.4123,-0.62221,9.8912,-89.198,-114.24,-13.546,9.6271
22.19,9.8923,27.632,252.21,-4.1684,-1.396,-0.6146,10.134,-88.051,-113.14,-15.363,9.8733
22.2,10.135,27.739,251.81,-4.1214,-1.3798,-0.60705,10.373,-86.915,-112.05,-17.154,10.116
22.21,10.375,27.844,251.4,-4.0748,-1.3637,-0.59954,10.61,-85.79,-110.97,-18.919,10.356
22.22,10.612,27.948,251,-4.0285,-1.3478,-0.59208,10.843,-84.676,-109.91,-20.659,10.593
22.23,10.845,28.051,250.6,-3.9825,-1.332,-0.58468,11.073,-83.573,-108.85,-22.374,10.827
22.24,11.076,28.153,250.21,-3.9369,-1.3163,-0.57732,11.3,-82.48,-107.81,-24.065,11.058
22.25,11.303,28.254,249.82,-3.8916,-1.3008,-0.57001,11.525,-81.399,-106.77,-25.73,11.286
22.26,11.528,28.353,249.44,-3.8465,-1.2854,-0.56274,11.746,-80.328,-105.75,-27.371,11.51
22.27,11.749,28.452,249.06,-3.8018,-1.2702,-0.55553,11.964,-79.267,-104.74,-28.988,11.732
22.28,11.968,28.549,248.68,-3.7575,-1.2551,-0.54836,12.179,-78.217,-103.74,-30.58,11.951
22.29,12.183,28.645,248.31,-3.7134,-1.2401,-0.54124,12.392,-77.178,-102.75,-32.149,12.167
22.3,12.396,28.74,247.94,-3.6696,-1.2253,-0.53417,12.601,-76.149,-101.77,-33.693,12.379
22.31,12.605,28.834,247.57,-3.6262,-1.2106,-0.52714,12.808,-75.13,-100.8,-35.214,12.589
22.32,12.812,28.927,247.21,-3.583,-1.196,-0.52016,13.012,-74.121,-99.846,-36.711,12.796
22.33,13.016,29.018,246.86,-3.5402,-1.1816,-0.51322,13.213,-73.122,-98.899,-38.185,13
22.34,13.217,29.109,246.5,-3.4976,-1.1673,-0.50633,13.411,-72.134,-97.962,-39.636,13.202
22.35,13.416,29.199,246.15,-3.4554,-1.1531,-0.49949,13.606,-71.155,-97.036,-41.064,13.4
22.36,13.611,29.287,245.81,-3.4134,-1.1391,-0.49269,13.799,-70.187,-96.12,-42.468,13.596
22.37,13.804,29.374,245.46,-3.3718,-1.1251,-0.48593,13.989,-69.228,-95.214,-43.851,13.789
22.38,13.994,29.461,245.13,-3.3304,-1.1114,-0.47922,14.176,-68.279,-94.318,-45.21,13.979
22.39,14.181,29.546,244.79,-3.2894,-1.0977,-0.47255,14.36,-67.339,-93.432,-46.547,14.166
22.4,14.365,29.63,244.46,-3.2486,-1.0841,-0.46593,14.542,-66.409,-92.556,-47.863,14.351
22.41,14.547,29.713,244.13,-3.2081,-1.0707,-0.45935,14.721,-65.489,-91.69,-49.156,14.533
22.42,14.726,29.795,243.81,-3.1679,-1.0574,-0.45281,14.897,-64.578,-90.833,-50.427,14.712
22.43,14.902,29.876,243.49,-3.1279,-1.0443,-0.44631,15.071,-63.677,-89.987,-51.677,14.889
22.44,15.076,29.956,243.17,-3.0883,-1.0312,-0.43986,15.242,-62.785,-89.149,-52.905,15.062
22.45,15.247,30.036,242.86,-3.0489,-1.0183,-0.43345,15.411,-61.902,-88.322,-54.111,15.234
22.46,15.416,30.114,242.55,-3.0098,-1.0055,-0.42708,15.577,-61.028,-87.504,-55.297,15.402
22.47,15.582,30.191,242.24,-2.9709,-0.99277,-0.42075,15.74,-60.164,-86.695,-56.462,15.569
22.48,15.745,30.267,241.93,-2.9324,-0.9802,-0.41446,15.901,-59.308,-85.896,-57.605,15.732
22.49,15.906,30.342,241.63,-2.8941,-0.96774,-0.40821,16.06,-58.461,-85.106,-58.728,15.893
22.5,16.064,30.416,241.34,-2.8561,-0.95539,-0.402,16.215,-57.624,-84.325,-59.831,16.052
22.51,16.22,30.489,241.04,-2.8183,-0.94316,-0.39583,16.369,-56.795,-83.554,-60.913,16.208
22.52,16.373,30.562,240.75,-2.7808,-0.93104,-0.3897,16.52,-55.974,-82.791,-61.976,16.361
22.53,16.524,30.633,240.47,-2.7435,-0.91904,-0.38361,16.668,-55.163,-82.037,-63.018,16.512
22.54,16.673,30.703,240.18,-2.7066,-0.90714,-0.37756,16.815,-54.36,-81.292,-64.04,16.661
22.55,16.819,30.773,239.9,-2.6698,-0.89536,-0.37155,16.958,-53.565,-80.556,-65.043,16.807
22.56,16.962,30.841,239.63,-2.6333,-0.88369,-0.36558,17.1,-52.779,-79.829,-66.026,16.951
22.57,17.104,30.909,239.35,-2.5971,-0.87212,-0.35964,17.239,-52.002,-79.11,-66.99,17.092
22.58,17.243,30.976,239.08,-2.5611,-0.86066,-0.35374,17.376,-51.232,-78.4,-67.935,17.232
22.59,17.379,31.041,238.81,-2.5254,-0.84931,-0.34788,17.51,-50.471,-77.698,-68.861,17.368
22.6,17.513,31.106,238.55,-2.4899,-0.83807,-0.34205,17.642,-49.718,-77.005,-69.768,17.503
22.61,17.645,31.171,238.29,-2.4546,-0.82693,-0.33626,17.772,-48.973,-76.32,-70.657,17.635
22.62,17.775,31.234,238.03,-2.4196,-0.81589,-0.33051,17.9,-48.236,-75.643,-71.527,17.765
22.63,17.903,31.296,237.77,-2.3849,-0.80496,-0.32479,18.025,-47.507,-74.975,-72.378,17.892
22.64,18.028,31.358,237.52,-2.3503,-0.79413,-0.31911,18.149,-46.786,-74.314,-73.212,18.018
22.65,18.151,31.418,237.27,-2.316,-0.7834,-0.31346,18.27,-46.072,-73.662,-74.028,18.141
22.66,18.272,31.478,237.02,-2.2819,-0.77276,-0.30785,18.389,-45.367,-73.018,-74.825,18.262
22.67,18.391,31.537,236.78,-2.2481,-0.76223,-0.30228,18.505,-44.669,-72.381,-75.606,18.381
22.68,18.507,31.595,236.54,-2.2145,-0.7518,-0.29673,18.62,-43.978,-71.752,-76.369,18.498
22.69,18.622,31.652,236.3,-2.1811,-0.74146,-0.29122,18.733,-43.295,-71.132,-77.114,18.612
22.7,18.734,31.709,236.06,-2.1479,-0.73122,-0.28575,18.843,-42.619,-70.518,-77.843,18.725
22.71,18.844,31.765,235.83,-2.1149,-0.72108,-0.28031,18.952,-41.951,-69.913,-78.554,18.835
22.72,18.952,31.82,235.6,-2.0822,-0.71103,-0.2749,19.058,-41.29,-69.314,-79.249,18.944
22.73,19.059,31.874,235.37,-2.0497,-0.70107,-0.26952,19.162,-40.636,-68.724,-79.927,19.05
22.74,19.163,31.927,235.15,-2.0174,-0.69121,-0.26417,19.265,-39.989,-68.14,-80.589,19.154
22.75,19.265,31.98,234.93,-1.9853,-0.68143,-0.25886,19.365,-39.35,-67.564,-81.234,19.257
22.76,19.365,32.032,234.71,-1.9534,-0.67175,-0.25358,19.464,-38.717,-66.995,-81.864,19.357
22.77,19.463,32.083,234.49,-1.9217,-0.66216,-0.24833,19.56,-38.091,-66.433,-82.477,19.455
22.78,19.56,32.133,234.28,-1.8902,-0.65265,-0.24311,19.655,-37.472,-65.879,-83.075,19.552
22.79,19.654,32.183,234.07,-1.8589,-0.64324,-0.23792,19.748,-36.86,-65.331,-83.657,19.646
22.8,19.747,32.232,233.86,-1.8279,-0.63391,-0.23276,19.838,-36.254,-64.79,-84.224,19.739
22.81,19.837,32.28,233.65,-1.797,-0.62466,-0.22763,19.927,-35.655,-64.256,-84.776,19.829
22.82,19.926,32.327,233.45,-1.7663,-0.6155,-0.22253,20.015,-35.063,-63.729,-85.312,19.918
22.83,20.013,32.374,233.24,-1.7358,-0.60643,-0.21746,20.1,-34.477,-63.208,-85.834,20.005
22.84,20.098,32.42,233.04,-1.7055,-0.59743,-0.21242,20.184,-33.897,-62.694,-86.341,20.091
22.85,20.181,32.466,232.85,-1.6754,-0.58852,-0.2074,20.265,-33.324,-62.187,-86.833,20.174
22.86,20.263,32.51,232.65,-1.6455,-0.57969,-0.20242,20.345,-32.757,-61.686,-87.311,20.256
22.87,20.343,32.554,232.46,-1.6157,-0.57094,-0.19746,20.424,-32.196,-61.191,-87.775,20.336
22.88,20.421,32.598,232.27,-1.5862,-0.56227,-0.19253,20.5,-31.641,-60.703,-88.224,20.414
22.89,20.497,32.64,232.08,-1.5568,-0.55368,-0.18763,20.575,-31.092,-60.22,-88.66,20.49
22.9,20.572,32.683,231.9,-1.5276,-0.54516,-0.18275,20.649,-30.549,-59.744,-89.082,20.565
22.91,20.645,32.724,231.71,-1.4986,-0.53672,-0.1779,20.72,-30.012,-59.274,-89.49,20.638
22.92,20.716,32.765,231.53,-1.4697,-0.52836,-0.17308,20.79,-29.481,-58.811,-89.885,20.71
22.93,20.786,32.805,231.35,-1.441,-0.52007,-0.16828,20.859,-28.955,-58.352,-90.267,20.78
22.94,20.854,32.845,231.18,-1.4125,-0.51185,-0.16351,20.926,-28.436,-57.9,-90.636,20.848
22.95,20.921,32.884,231,-1.3842,-0.50371,-0.15877,20.991,-27.921,-57.454,-90.992,20.915
22.96,20.986,32.922,230.83,-1.356,-0.49564,-0.15404,21.055,-27.413,-57.013,-91.336,20.98
22.97,21.049,32.96,230.66,-1.328,-0.48763,-0.14935,21.117,-26.909,-56.578,-91.666,21.044
22.98,21.111,32.997,230.49,-1.3001,-0.4797,-0.14467,21.178,-26.411,-56.148,-91.985,21.106
22.99,21.172,33.034,230.32,-1.2724,-0.47184,-0.14003,21.237,-25.919,-55.724,-92.291,21.166
23,21.231,33.07,230.16,-1.2449,-0.46404,-0.1354,21.295,-25.431,-55.305,-92.585,21.225
23.01,21.288,33.105,229.99,-1.2175,-0.45631,-0.1308,21.351,-24.949,-54.892,-92.867,21.283
23.02,21.344,33.14,229.83,-1.1902,-0.44865,-0.12622,21.406,-24.471,-54.484,-93.138,21.339
23.03,21.399,33.174,229.67,-1.1632,-0.44105,-0.12166,21.46,-23.999,-54.081,-93.397,21.394
23.04,21.452,33.208,229.52,-1.1362,-0.43351,-0.11713,21.512,-23.532,-53.683,-93.645,21.447
23.05,21.504,33.242,229.36,-1.1094,-0.42604,-0.11262,21.562,-23.069,-53.29,-93.882,21.499
23.06,21.555,33.275,229.21,-1.0828,-0.41863,-0.10812,21.612,-22.611,-52.902,-94.107,21.55
23.07,21.604,33.307,229.06,-1.0563,-0.41128,-0.10365,21.66,-22.158,-52.518,-94.322,21.599
23.08,21.652,33.339,228.91,-1.0299,-0.40399,-0.099205,21.707,-21.71,-52.14,-94.526,21.647
23.09,21.699,33.37,228.76,-1.0036,-0.39676,-0.094777,21.752,-21.266,-51.766,-94.72,21.694
23.1,21.744,33.401,228.61,-0.97755,-0.38959,-0.090368,21.797,-20.826,-51.397,-94.903,21.74
23.11,21.788,33.431,228.47,-0.95157,-0.38247,-0.08598,21.84,-20.391,-51.033,-95.076,21.784
23.12,21.831,33.461,228.32,-0.92573,-0.37542,-0.081611,21.882,-19.961,-50.673,-95.239,21.827
23.13,21.873,33.49,228.18,-0.90002,-0.36841,-0.077262,21.922,-19.534,-50.317,-95.392,21.869
23.14,21.913,33.519,228.04,-0.87443,-0.36146,-0.072931,21.962,-19.112,-49.966,-95.536,21.909
23.15,21.953,33.548,227.9,-0.84896,-0.35457,-0.068619,22,-18.694,-49.618,-95.67,21.949
23.16,21.991,33.576,227.77,-0.82362,-0.34772,-0.064325,22.038,-18.28,-49.276,-95.795,21.987
23.17,22.028,33.604,227.63,-0.79839,-0.34093,-0.060049,22.074,-17.869,-48.937,-95.911,22.024
23.18,22.064,33.631,227.5,-0.77328,-0.33419,-0.055791,22.109,-17.463,-48.602,-96.018,22.06
23.19,22.099,33.658,227.36,-0.74828,-0.3275,-0.05155,22.143,-17.061,-48.271,-96.116,22.095
23.2,22.132,33.684,227.23,-0.7234,-0.32085,-0.047325,22.176,-16.662,-47.944,-96.205,22.129
23.21,22.165,33.71,227.1,-0.69862,-0.31426,-0.043118,22.207,-16.267,-47.621,-96.286,22.162
23.22,22.197,33.736,226.97,-0.67396,-0.30771,-0.038926,22.238,-15.876,-47.301,-96.358,22.194
23.23,22.228,33.761,226.85,-0.64939,-0.30121,-0.034751,22.268,-15.488,-46.986,-96.423,22.224
23.24,22.258,33.786,226.72,-0.62494,-0.29475,-0.030591,22.297,-15.103,-46.673,-96.479,22.254
23.25,22.286,33.81,226.6,-0.60058,-0.28833,-0.026446,22.325,-14.722,-46.364,-96.528,22.283
23.26,22.314,33.834,226.47,-0.57632,-0.28196,-0.022317,22.352,-14.344,-46.059,-96.569,22.311
23.27,22.341,33.858,226.35,-0.55216,-0.27563,-0.018202,22.378,-13.97,-45.757,-96.602,22.338
23.28,22.367,33.882,226.23,-0.52809,-0.26934,-0.014101,22.404,-13.598,-45.458,-96.629,22.364
23.29,22.392,33.905,226.11,-0.50412,-0.26309,-0.010014,22.428,-13.23,-45.163,-96.648,22.39
23.3,22.417,33.927,225.99,-0.48023,-0.25688,-0.0059405,22.452,-12.864,-44.87,-96.66,22.414
23.31,22.44,33.95,225.87,-0.45643,-0.25071,-0.0018804,22.474,-12.502,-44.581,-96.665,22.438
23.32,22.463,33.972,225.76,-0.43272,-0.24458,0.0021667,22.496,-12.143,-44.294,-96.664,22.46
23.33,22.485,33.994,225.64,-0.4091,-0.23848,0.0062013,22.517,-11.786,-44.011,-96.657,22.482
23.34,22.506,34.015,225.53,-0.38555,-0.23242,0.010224,22.538,-11.432,-43.73,-96.643,22.504
23.35,22.527,34.037,225.41,-0.36208,-0.22639,0.014234,22.557,-11.08,-43.452,-96.623,22.524
23.36,22.546,34.058,225.3,-0.33869,-0.22039,0.018233,22.576,-10.732,-43.176,-96.597,22.544
23.37,22.565,34.078,225.19,-0.31538,-0.21443,0.02222,22.595,-10.385,-42.903,-96.565,22.563
23.38,22.583,34.099,225.08,-0.29213,-0.2085,0.026196,22.612,-10.041,-42.633,-96.528,22.581
23.39,22.601,34.119,224.97,-0.26896,-0.2026,0.030162,22.629,-9.6997,-42.365,-96.485,22.599
23.4,22.618,34.139,224.86,-0.24586,-0.19673,0.034118,22.645,-9.3605,-42.1,-96.438,22.616
23.41,22.634,34.158,224.75,-0.22282,-0.19088,0.038064,22.661,-9.0234,-41.836,-96.385,22.632
23.42,22.65,34.178,224.65,-0.19984,-0.18507,0.042,22.676,-8.6884,-41.575,-96.327,22.648
23.43,22.665,34.197,224.54,-0.17693,-0.17928,0.045926,22.691,-8.3555,-41.316,-96.264,22.663
23.44,22.68,34.216,224.43,-0.15407,-0.17352,0.049844,22.704,-8.0246,-41.06,-96.197,22.678
23.45,22.694,34.235,224.33,-0.13128,-0.16778,0.053753,22.718,-7.6956,-40.805,-96.125,22.692
23.46,22.707,34.254,224.22,-0.10853,-0.16207,0.057654,22.731,-7.3684,-40.552,-96.049,22.706
23.47,22.72,34.272,224.12,-0.085845,-0.15637,0.061547,22.743,-7.043,-40.3,-95.969,22.719
23.48,22.733,34.29,224.02,-0.063206,-0.1507,0.065432,22.755,-6.7193,-40.051,-95.886,22.732
23.49,22.745,34.308,223.92,-0.040615,-0.14506,0.06931,22.766,-6.3972,-39.803,-95.798,22.744
23.5,22.757,34.326,223.81,-0.018071,-0.13943,0.073181,22.777,-6.0766,-39.557,-95.707,22.755
23.51,22.768,34.344,223.71,0.0044295,-0.13382,0.077046,22.788,-5.7575,-39.312,-95.612,22.767
23.52,22.779,34.362,223.61,0.026888,-0.12823,0.080904,22.798,-5.4398,-39.069,-95.515,22.778
23.53,22.789,34.379,223.51,0.049307,-0.12265,0.084756,22.808,-5.1235,-38.827,-95.414,22.788
23.54,22.799,34.396,223.41,0.071689,-0.1171,0.088602,22.818,-4.8083,-38.586,-95.31,22.798
23.55,22.809,34.413,223.31,0.094035,-0.11155,0.092443,22.827,-4.4944,-38.347,-95.204,22.808
23.56,22.819,34.431,223.21,0.11635,-0.10603,0.096279,22.836,-4.1815,-38.109,-95.095,22.818
23.57,22.828,34.447,223.12,0.13863,-0.10051,0.10011,22.844,-3.8697,-37.872,-94.984,22.827
23.58,22.837,34.464,223.02,0.16089,-0.095009,0.10394,22.853,-3.5588,-37.636,-94.87,22.836
23.59,22.845,34.481,222.92,0.18311,-0.089518,0.10776,22.861,-3.2488,-37.4,-94.755,22.845
23.6,22.854,34.498,222.82,0.20532,-0.084038,0.11158,22.868,-2.9397,-37.166,-94.637,22.853
23.61,22.862,34.514,222.72,0.2275,-0.078567,0.1154,22.876,-2.6312,-36.932,-94.518,22.861
23.62,22.87,34.531,222.63,0.24966,-0.073105,0.11921,22.883,-2.3234,-36.699,-94.398,22.87
23.63,22.878,34.547,222.53,0.2718,-0.06765,0.12302,22.891,-2.0162,-36.467,-94.276,22.877
23.64,22.886,34.564,222.43,0.29393,-0.062202,0.12683,22.898,-1.7096,-36.235,-94.152,22.885
23.65,22.893,34.58,222.34,0.31605,-0.05676,0.13064,22.905,-1.4033,-36.004,-94.028,22.893
23.66,22.901,34.596,222.24,0.33815,-0.051323,0.13444,22.912,-1.0975,-35.773,-93.903,22.9
23.67,22.908,34.613,222.15,0.36025,-0.045889,0.13824,22.919,-0.79189,-35.542,-93.777,22.908
23.68,22.915,34.629,222.05,0.38234,-0.040459,0.14205,22.925,-0.48655,-35.311,-93.651,22.915
23.69,22.923,34.645,221.95,0.40442,-0.03503,0.14585,22.932,-0.18135,-35.081,-93.525,22.923
23.7,22.93,34.661,221.86,0.4265,-0.029602,0.14965,22.939,0.12378,-34.851,-93.398,22.93
23.71,22.937,34.677,221.76,0.44858,-0.024174,0.15345,22.945,0.4289,-34.621,-93.271,22.937
23.72,22.945,34.694,221.67,0.47067,-0.018746,0.15725,22.952,0.7341,-34.39,-93.145,22.945
23.73,22.952,34.71,221.57,0.49276,-0.013315,0.16105,22.959,1.0394,-34.16,-93.018,22.952
23.74,22.959,34.726,221.47,0.51485,-0.007882,0.16486,22.966,1.345,-33.929,-92.893,22.96
23.75,22.967,34.742,221.38,0.53696,-0.0024448,0.16866,22.973,1.6508,-33.698,-92.767,22.967
23.76,22.974,34.759,221.28,0.55907,0.0029973,0.17247,22.98,1.9571,-33.467,-92.643,22.975
23.77,22.982,34.775,221.18,0.5812,0.0084457,0.17628,22.987,2.2639,-33.235,-92.519,22.983
23.78,22.99,34.792,221.09,0.60334,0.013901,0.1801,22.994,2.5713,-33.002,-92.396,22.991
23.79,22.998,34.808,220.99,0.6255,0.019366,0.18393,23.002,2.8795,-32.768,-92.274,22.999
23.8,23.007,34.825,220.89,0.64767,0.02484,0.18778,23.01,3.1886,-32.533,-92.152,23.007
23.81,23.016,34.842,220.79,0.66987,0.030325,0.19163,23.018,3.4986,-32.296,-92.032,23.016
23.82,23.025,34.859,220.68,0.69209,0.035822,0.19551,23.026,3.8098,-32.058,-91.912,23.026
23.83,23.034,34.876,220.58,0.71434,0.041333,0.1994,23.035,4.1222,-31.819,-91.792,23.035
23.84,23.044,34.893,220.47,0.73661,0.046858,0.20331,23.045,4.4359,-31.578,-91.674,23.045
23.85,23.055,34.91,220.37,0.75891,0.052399,0.20724,23.054,4.7511,-31.334,-91.556,23.056
23.86,23.066,34.928,220.26,0.78121,0.057955,0.2112,23.065,5.0679,-31.089,-91.439,23.067
23.87,23.077,34.946,220.14,0.8035,0.063524,0.21518,23.075,5.3865,-30.841,-91.324,23.078
23.88,23.089,34.964,220.03,0.82574,0.069105,0.21917,23.087,5.7068,-30.591,-91.211,23.09
23.89,23.102,34.982,219.91,0.8479,0.074696,0.22319,23.099,6.0288,-30.339,-91.1,23.103
23.9,23.115,35,219.79,0.86997,0.080299,0.22722,23.111,6.3522,-30.084,-90.992,23.116
23.91,23.129,35.019,219.67,0.89196,0.085915,0.23126,23.124,6.6769,-29.827,-90.886,23.13
23.92,23.143,35.038,219.54,0.91384,0.091547,0.23532,23.138,7.0025,-29.569,-90.783,23.144
23.93,23.158,35.057,219.42,0.93558,0.097192,0.23938,23.153,7.3287,-29.308,-90.684,23.16
23.94,23.173,35.077,219.29,0.95712,0.10285,0.24345,23.167,7.655,-29.046,-90.588,23.175
23.95,23.189,35.096,219.15,0.97837,0.10851,0.24752,23.182,7.9809,-28.783,-90.496,23.191
23.96,23.205,35.116,219.02,0.99924,0.11416,0.25158,23.198,8.3057,-28.519,-90.408,23.207
23.97,23.221,35.135,218.88,1.0196,0.11981,0.25562,23.213,8.6291,-28.254,-90.325,23.223
23.98,23.237,35.155,218.75,1.0394,0.12543,0.25963,23.228,8.951,-27.991,-90.247,23.239
23.99,23.253,35.174,218.62,1.0584,0.13102,0.26362,23.244,9.2717,-27.727,-90.174,23.255
24,23.269,35.194,218.48,1.0766,0.13655,0.26758,23.259,9.5918,-27.464,-90.108,23.271
24.01,23.285,35.213,218.35,1.0939,0.142,0.27149,23.274,9.9114,-27.202,-90.048,23.287
24.02,23.3,35.232,218.22,1.1102,0.14737,0.27537,23.288,10.231,-26.941,-89.994,23.302
24.03,23.315,35.251,218.09,1.1254,0.15261,0.27919,23.302,10.551,-26.681,-89.949,23.317
24.04,23.329,35.27,217.97,1.1394,0.15772,0.28294,23.316,10.873,-26.423,-89.91,23.331
24.05,23.343,35.288,217.84,1.1522,0.16265,0.28663,23.329,11.198,-26.166,-89.88,23.345
24.06,23.356,35.307,217.72,1.1636,0.16737,0.29023,23.341,11.526,-25.913,-89.858,23.358
24.07,23.368,35.325,217.6,1.1735,0.17186,0.29374,23.353,11.859,-25.663,-89.844,23.37
24.08,23.379,35.342,217.49,1.1818,0.17606,0.29715,23.364,12.195,-25.417,-89.838,23.382
24.09,23.389,35.359,217.38,1.1885,0.17996,0.30045,23.373,12.536,-25.176,-89.84,23.392
24.1,23.398,35.376,217.27,1.1935,0.18351,0.30362,23.382,12.882,-24.941,-89.851,23.401
24.11,23.406,35.392,217.17,1.1968,0.18667,0.30669,23.389,13.233,-24.71,-89.87,23.409
24.12,23.413,35.408,217.08,1.1984,0.18941,0.30964,23.395,13.59,-24.485,-89.897,23.416
24.13,23.419,35.424,216.99,1.1984,0.19169,0.31247,23.4,13.953,-24.265,-89.931,23.421
24.14,23.423,35.438,216.9,1.1966,0.19347,0.31518,23.404,14.321,-24.051,-89.973,23.426
24.15,23.426,35.453,216.82,1.1932,0.19467,0.31778,23.406,14.695,-23.841,-90.021,23.429
24.16,23.427,35.466,216.74,1.188,0.19528,0.32026,23.408,15.074,-23.637,-90.075,23.431
24.17,23.428,35.48,216.67,1.1813,0.19528,0.32264,23.408,15.457,-23.437,-90.134,23.431
24.18,23.427,35.492,216.61,1.173,0.19471,0.32491,23.406,15.844,-23.242,-90.197,23.43
24.19,23.425,35.505,216.55,1.1634,0.19363,0.3271,23.404,16.236,-23.051,-90.263,23.428
24.2,23.422,35.517,216.5,1.1525,0.19208,0.32921,23.4,16.63,-22.863,-90.332,23.425
24.21,23.418,35.528,216.46,1.1403,0.19009,0.33125,23.396,17.027,-22.677,-90.401,23.422
24.22,23.413,35.539,216.42,1.127,0.1877,0.33323,23.391,17.427,-22.495,-90.471,23.417
24.23,23.407,35.55,216.39,1.1125,0.18494,0.33515,23.385,17.828,-22.316,-90.54,23.411
24.24,23.401,35.56,216.37,1.0969,0.18187,0.33702,23.378,18.231,-22.14,-90.607,23.404
24.25,23.393,35.57,216.36,1.0805,0.17855,0.33885,23.37,18.634,-21.967,-90.671,23.397
24.26,23.385,35.58,216.36,1.0633,0.17503,0.34064,23.361,19.038,-21.797,-90.73,23.389
24.27,23.375,35.589,216.36,1.0455,0.17136,0.34239,23.351,19.445,-21.632,-90.783,23.379
24.28,23.365,35.598,216.38,1.0271,0.1676,0.34411,23.34,19.856,-21.472,-90.829,23.369
24.29,23.354,35.607,216.41,1.008,0.16377,0.3458,23.329,20.271,-21.316,-90.869,23.358
24.3,23.342,35.616,216.45,0.98834,0.15991,0.34748,23.317,20.691,-21.163,-90.903,23.346
24.31,23.33,35.624,216.49,0.96815,0.15607,0.34917,23.305,21.114,-21.013,-90.93,23.335
24.32,23.318,35.632,216.55,0.94745,0.15229,0.35089,23.293,21.54,-20.865,-90.951,23.323
24.33,23.307,35.641,216.61,0.92626,0.14862,0.35265,23.281,21.968,-20.716,-90.966,23.311
24.34,23.295,35.649,216.67,0.90459,0.14507,0.35446,23.269,22.396,-20.567,-90.977,23.3
24.35,23.284,35.658,216.75,0.88242,0.14164,0.35631,23.257,22.822,-20.419,-90.983,23.289
24.36,23.273,35.667,216.82,0.85968,0.13833,0.35819,23.246,23.24,-20.271,-90.985,23.278
24.37,23.261,35.676,216.91,0.83636,0.13514,0.36008,23.234,23.647,-20.125,-90.986,23.266
24.38,23.25,35.684,217,0.81244,0.13203,0.36198,23.222,24.04,-19.981,-90.984,23.255
24.39,23.238,35.693,217.1,0.78793,0.12898,0.36384,23.21,24.415,-19.842,-90.982,23.243
24.4,23.225,35.701,217.2,0.76294,0.12596,0.36565,23.197,24.773,-19.707,-90.979,23.23
24.41,23.211,35.709,217.31,0.73756,0.12293,0.36738,23.183,25.113,-19.58,-90.976,23.216
24.42,23.196,35.716,217.44,0.71194,0.11985,0.36898,23.167,25.435,-19.462,-90.973,23.201
24.43,23.179,35.723,217.57,0.68623,0.1167,0.37044,23.15,25.741,-19.353,-90.972,23.185
24.44,23.161,35.729,217.71,0.66061,0.11346,0.37172,23.132,26.032,-19.257,-90.971,23.166
24.45,23.14,35.735,217.86,0.63521,0.11011,0.37278,23.111,26.31,-19.175,-90.972,23.145
24.46,23.117,35.739,218.02,0.61017,0.10668,0.37363,23.088,26.575,-19.107,-90.974,23.123
24.47,23.092,35.743,218.19,0.58558,0.10319,0.37423,23.062,26.831,-19.055,-90.977,23.097
24.48,23.063,35.746,218.37,0.56151,0.099681,0.3746,23.033,27.078,-19.02,-90.981,23.069
24.49,23.032,35.747,218.57,0.53801,0.096196,0.3747,23.002,27.318,-19.001,-90.985,23.037
24.5,22.997,35.748,218.77,0.51515,0.092787,0.37454,22.967,27.554,-19,-90.99,23.003
24.51,22.959,35.747,218.99,0.493,0.089511,0.3741,22.929,27.787,-19.018,-90.994,22.965
24.52,22.917,35.745,219.22,0.47166,0.086424,0.37338,22.887,28.019,-19.055,-91,22.923
24.53,22.871,35.741,219.46,0.45122,0.083573,0.37239,22.841,28.254,-19.11,-91.006,22.877
24.54,22.822,35.736,219.72,0.43174,0.080995,0.37112,22.792,28.493,-19.185,-91.013,22.827
24.55,22.768,35.73,219.99,0.41328,0.078726,0.36956,22.738,28.738,-19.281,-91.022,22.774
24.56,22.71,35.722,220.27,0.3959,0.076795,0.36774,22.68,28.992,-19.397,-91.033,22.715
24.57,22.647,35.712,220.57,0.37966,0.075234,0.36564,22.617,29.257,-19.536,-91.046,22.653
24.58,22.579,35.701,220.89,0.3646,0.074065,0.36328,22.55,29.533,-19.696,-91.061,22.585
24.59,22.506,35.688,221.23,0.35073,0.073292,0.36066,22.478,29.816,-19.879,-91.079,22.512
24.6,22.428,35.673,221.58,0.33807,0.072913,0.35779,22.4,30.105,-20.086,-91.098,22.434
24.61,22.345,35.656,221.96,0.32659,0.072921,0.35468,22.318,30.399,-20.316,-91.119,22.351
24.62,22.256,35.637,222.36,0.31628,0.073312,0.35131,22.229,30.693,-20.571,-91.142,22.263
24.63,22.162,35.616,222.78,0.3071,0.074075,0.3477,22.136,30.987,-20.849,-91.167,22.168
24.64,22.063,35.594,223.22,0.29904,0.075203,0.34384,22.037,31.278,-21.151,-91.193,22.069
24.65,21.958,35.569,223.69,0.29209,0.076681,0.33975,21.933,31.567,-21.477,-91.221,21.964
24.66,21.849,35.543,224.17,0.28622,0.078495,0.33543,21.824,31.855,-21.824,-91.25,21.855
24.67,21.734,35.515,224.68,0.28142,0.080625,0.33089,21.711,32.143,-22.191,-91.28,21.741
24.68,21.616,35.486,225.2,0.27763,0.083042,0.32617,21.594,32.43,-22.577,-91.312,21.623
24.69,21.494,35.455,225.75,0.27482,0.085713,0.32129,21.473,32.717,-22.978,-91.343,21.501
24.7,21.37,35.423,226.3,0.27294,0.088601,0.3163,21.349,33.002,-23.391,-91.374,21.376
24.71,21.243,35.391,226.87,0.27194,0.091665,0.31121,21.223,33.287,-23.813,-91.405,21.249
24.72,21.115,35.358,227.44,0.27178,0.094867,0.30606,21.096,33.572,-24.241,-91.436,21.121
24.73,20.985,35.325,228.03,0.27241,0.098165,0.3009,20.968,33.86,-24.672,-91.465,20.992
24.74,20.856,35.292,228.61,0.27378,0.10152,0.29576,20.839,34.15,-25.102,-91.493,20.863
24.75,20.727,35.259,229.2,0.27588,0.10489,0.29067,20.711,34.445,-25.527,-91.519,20.734
24.76,20.6,35.226,229.79,0.2787,0.10823,0.28565,20.585,34.746,-25.946,-91.542,20.606
24.77,20.474,35.194,230.37,0.28224,0.11149,0.28074,20.46,35.056,-26.356,-91.563,20.481
24.78,20.351,35.163,230.96,0.2865,0.11463,0.27597,20.338,35.376,-26.753,-91.581,20.357
24.79,20.23,35.133,231.54,0.2915,0.11761,0.27136,20.218,35.709,-27.134,-91.596,20.237
24.8,20.114,35.105,232.12,0.29731,0.12038,0.26694,20.102,36.059,-27.497,-91.607,20.12
24.81,20.002,35.078,232.69,0.30397,0.12289,0.26273,19.991,36.427,-27.84,-91.614,20.008
24.82,19.894,35.052,233.25,0.31151,0.12511,0.25877,19.884,36.816,-28.158,-91.617,19.901
24.83,19.793,35.029,233.81,0.32001,0.12697,0.25508,19.784,37.231,-28.449,-91.615,19.799
24.84,19.697,35.008,234.36,0.32953,0.12842,0.25168,19.689,37.674,-28.712,-91.608,19.704
24.85,19.609,34.99,234.91,0.34014,0.12942,0.24859,19.601,38.15,-28.942,-91.597,19.616
24.86,19.527,34.974,235.44,0.35186,0.12996,0.24582,19.52,38.662,-29.14,-91.582,19.534
24.87,19.452,34.96,235.97,0.3647,0.13007,0.24337,19.445,39.208,-29.304,-91.564,19.459
24.88,19.385,34.949,236.5,0.37858,0.12982,0.24126,19.378,39.788,-29.435,-91.542,19.392
24.89,19.323,34.94,237.01,0.39348,0.12926,0.23948,19.317,40.4,-29.533,-91.518,19.331
24.9,19.268,34.933,237.52,0.40935,0.12848,0.23804,19.262,41.044,-29.598,-91.491,19.276
24.91,19.219,34.929,238.02,0.42612,0.1276,0.23695,19.213,41.717,-29.631,-91.461,19.227
24.92,19.176,34.927,238.51,0.44366,0.12671,0.23621,19.17,42.416,-29.633,-91.428,19.184
24.93,19.137,34.926,238.99,0.46185,0.12592,0.23579,19.131,43.134,-29.606,-91.392,19.145
24.94,19.103,34.927,239.45,0.48048,0.12529,0.2357,19.097,43.867,-29.553,-91.355,19.111
24.95,19.073,34.929,239.9,0.49936,0.12491,0.23591,19.066,44.607,-29.477,-91.315,19.081
24.96,19.045,34.933,240.34,0.5183,0.12483,0.23641,19.039,45.35,-29.381,-91.273,19.053
24.97,19.021,34.937,240.76,0.53712,0.1251,0.23717,19.014,46.091,-29.267,-91.231,19.029
24.98,18.998,34.943,241.16,0.55564,0.12578,0.23817,18.991,46.828,-29.139,-91.187,19.006
24.99,18.976,34.948,241.54,0.57366,0.1269,0.23938,18.97,47.556,-29,-91.145,18.985
25,18.956,34.955,241.91,0.59099,0.12852,0.24077,18.949,48.274,-28.853,-91.104,18.965
25.01,18.936,34.961,242.25,0.60748,0.13071,0.24232,18.929,48.978,-28.702,-91.066,18.945
25.02,18.916,34.968,242.56,0.62298,0.13353,0.24401,18.908,49.669,-28.55,-91.032,18.925
25.03,18.895,34.974,242.85,0.63736,0.13704,0.24581,18.887,50.345,-28.399,-91.002,18.904
25.04,18.873,34.98,243.12,0.65047,0.1413,0.2477,18.865,51.008,-28.252,-90.977,18.882
25.05,18.85,34.986,243.37,0.66221,0.14641,0.24966,18.842,51.656,-28.112,-90.957,18.859
25.06,18.825,34.991,243.59,0.6725,0.15246,0.2517,18.816,52.292,-27.979,-90.942,18.834
25.07,18.797,34.995,243.78,0.68132,0.15952,0.2538,18.789,52.917,-27.856,-90.933,18.807
25.08,18.768,34.999,243.95,0.68871,0.16767,0.25597,18.759,53.533,-27.743,-90.928,18.777
25.09,18.736,35.002,244.09,0.69471,0.17698,0.25823,18.727,54.142,-27.639,-90.929,18.746
25.1,18.702,35.004,244.21,0.69937,0.1875,0.26058,18.693,54.748,-27.545,-90.933,18.712
25.11,18.665,35.006,244.3,0.70276,0.19932,0.26304,18.656,55.355,-27.458,-90.94,18.675
25.12,18.627,35.006,244.36,0.70499,0.2125,0.26561,18.618,55.967,-27.38,-90.95,18.637
25.13,18.586,35.007,244.39,0.7062,0.22713,0.26832,18.577,56.587,-27.308,-90.963,18.597
25.14,18.544,35.006,244.38,0.70655,0.24326,0.27117,18.535,57.221,-27.242,-90.976,18.554
25.15,18.5,35.005,244.35,0.70619,0.26096,0.27417,18.49,57.872,-27.182,-90.991,18.51
25.16,18.454,35.004,244.29,0.7053,0.28026,0.27734,18.445,58.546,-27.126,-91.006,18.464
25.17,18.406,35.002,244.19,0.70402,0.30122,0.28069,18.397,59.248,-27.073,-91.021,18.417
25.18,18.358,35,244.06,0.7025,0.32383,0.28421,18.349,59.983,-27.023,-91.035,18.368
25.19,18.308,34.997,243.9,0.70086,0.34807,0.2879,18.299,60.76,-26.975,-91.048,18.319
25.2,18.258,34.994,243.7,0.6992,0.37388,0.29176,18.249,61.586,-26.929,-91.06,18.269
25.21,18.207,34.991,243.48,0.69759,0.40119,0.29578,18.198,62.473,-26.884,-91.073,18.218
25.22,18.156,34.988,243.22,0.69613,0.42989,0.29993,18.147,63.43,-26.841,-91.084,18.168
25.23,18.106,34.985,242.93,0.69486,0.45988,0.30421,18.097,64.468,-26.798,-91.096,18.117
25.24,18.056,34.982,242.61,0.69382,0.49101,0.30858,18.047,65.601,-26.755,-91.108,18.067
25.25,18.007,34.979,242.27,0.69302,0.5231,0.31303,17.998,66.84,-26.712,-91.12,18.018
25.26,17.958,34.977,241.9,0.69256,0.55597,0.31754,17.949,68.192,-26.668,-91.132,17.97
25.27,17.912,34.975,241.51,0.69265,0.58942,0.32207,17.903,69.666,-26.624,-91.144,17.924
25.28,17.866,34.973,241.09,0.69357,0.6234,0.32662,17.857,71.289,-26.579,-91.155,17.879
25.29,17.822,34.972,240.66,0.69539,0.65779,0.33115,17.813,73.042,-26.535,-91.165,17.835
25.3,17.779,34.972,240.22,0.69817,0.69258,0.33564,17.77,74.908,-26.493,-91.173,17.792
25.31,17.736,34.971,239.78,0.70193,0.72785,0.34006,17.727,76.874,-26.455,-91.18,17.749
25.32,17.693,34.97,239.34,0.70663,0.76369,0.34439,17.684,78.93,-26.425,-91.183,17.707
25.33,17.65,34.969,238.91,0.71224,0.80029,0.34862,17.641,81.066,-26.402,-91.184,17.663
25.34,17.605,34.968,238.49,0.71872,0.83794,0.35278,17.596,83.281,-26.388,-91.181,17.62
25.35,17.561,34.967,238.08,0.72606,0.87712,0.3569,17.552,85.579,-26.38,-91.174,17.575
25.36,17.515,34.966,237.67,0.73424,0.91871,0.36108,17.506,87.964,-26.378,-91.163,17.53
25.37,17.469,34.964,237.25,0.74322,0.96391,0.36544,17.46,90.441,-26.379,-91.147,17.484
25.38,17.422,34.962,236.82,0.75306,1.0141,0.37012,17.413,93.014,-26.38,-91.125,17.438
25.39,17.375,34.96,236.37,0.76382,1.0704,0.37524,17.366,95.679,-26.378,-91.096,17.391
25.4,17.326,34.958,235.9,0.77561,1.1338,0.3809,17.318,98.427,-26.37,-91.06,17.343
25.41,17.277,34.956,235.4,0.78841,1.2048,0.38713,17.268,101.24,-26.358,-91.017,17.294
25.42,17.227,34.953,234.88,0.80204,1.2839,0.39393,17.218,104.09,-26.341,-90.969,17.244
25.43,17.175,34.95,234.33,0.81631,1.3714,0.4013,17.166,106.96,-26.321,-90.918,17.193
25.44,17.121,34.946,233.75,0.83102,1.4679,0.40922,17.113,109.83,-26.3,-90.866,17.139
25.45,17.065,34.942,233.16,0.84598,1.5739,0.41769,17.056,112.7,-26.278,-90.816,17.084
25.46,17.006,34.936,232.55,0.86094,1.6899,0.42668,16.998,115.54,-26.258,-90.769,17.025
25.47,16.944,34.93,231.92,0.87563,1.8162,0.43616,16.936,118.34,-26.242,-90.728,16.963
25.48,16.878,34.923,231.28,0.88976,1.9529,0.44608,16.87,121.11,-26.233,-90.693,16.898
25.49,16.808,34.915,230.64,0.90315,2.0997,0.4564,16.8,123.84,-26.23,-90.666,16.829
25.5,16.735,34.905,229.99,0.91569,2.2562,0.46706,16.727,126.52,-26.234,-90.648,16.756
25.51,16.658,34.895,229.34,0.9273,2.4215,0.478,16.65,129.14,-26.247,-90.638,16.679
25.52,16.577,34.883,228.69,0.93793,2.5944,0.48913,16.57,131.71,-26.269,-90.637,16.598
25.53,16.493,34.871,228.06,0.94765,2.7736,0.50039,16.486,134.22,-26.299,-90.644,16.515
25.54,16.406,34.858,227.43,0.9565,2.9575,0.51167,16.4,136.68,-26.337,-90.658,16.428
25.55,16.317,34.844,226.81,0.96445,3.1443,0.52288,16.311,139.08,-26.383,-90.678,16.339
25.56,16.225,34.83,226.22,0.97149,3.3327,0.53394,16.219,141.42,-26.437,-90.705,16.248
25.57,16.132,34.815,225.64,0.97777,3.5216,0.54483,16.127,143.71,-26.497,-90.738,16.155
25.58,16.038,34.8,225.07,0.98359,3.7104,0.55551,16.033,145.96,-26.561,-90.777,16.061
25.59,15.943,34.784,224.52,0.98924,3.8984,0.56601,15.938,148.15,-26.626,-90.822,15.967
25.6,15.849,34.769,223.97,0.99512,4.086,0.57637,15.844,150.3,-26.691,-90.87,15.873
25.61,15.755,34.754,223.42,1.0016,4.2734,0.58664,15.751,152.41,-26.752,-90.92,15.779
25.62,15.663,34.74,222.87,1.0089,4.4609,0.59688,15.658,154.49,-26.808,-90.969,15.687
25.63,15.571,34.726,222.3,1.0172,4.6485,0.6071,15.567,156.53,-26.858,-91.016,15.595
25.64,15.481,34.713,221.74,1.0265,4.8358,0.61725,15.478,158.55,-26.902,-91.06,15.506
25.65,15.392,34.7,221.16,1.0369,5.0224,0.62734,15.389,160.53,-26.941,-91.098,15.417
25.66,15.306,34.687,220.58,1.0485,5.2084,0.63737,15.303,162.5,-26.975,-91.13,15.33
25.67,15.22,34.675,219.98,1.0614,5.3937,0.64735,15.218,164.43,-27.003,-91.157,15.245
25.68,15.137,34.664,219.37,1.0758,5.5783,0.6573,15.134,166.34,-27.026,-91.179,15.162
25.69,15.054,34.653,218.76,1.0917,5.7621,0.66721,15.052,168.22,-27.045,-91.196,15.08
25.7,14.974,34.643,218.13,1.1092,5.9452,0.67709,14.972,170.07,-27.061,-91.208,14.999
25.71,14.894,34.633,217.5,1.1283,6.1278,0.68697,14.892,171.89,-27.075,-91.217,14.92
25.72,14.815,34.624,216.85,1.1492,6.31,0.69687,14.814,173.67,-27.087,-91.222,14.841
25.73,14.738,34.615,216.19,1.1722,6.4923,0.70685,14.736,175.41,-27.097,-91.225,14.764
25.74,14.661,34.606,215.52,1.1973,6.6751,0.71695,14.66,177.11,-27.105,-91.224,14.687
25.75,14.585,34.597,214.83,1.2249,6.859,0.72722,14.584,178.76,-27.11,-91.221,14.611
25.76,14.51,34.589,214.12,1.2552,7.0444,0.73774,14.509,180.37,-27.113,-91.215,14.536
25.77,14.436,34.581,213.39,1.2884,7.232,0.74857,14.435,181.93,-27.112,-91.207,14.462
25.78,14.362,34.574,212.63,1.325,7.4222,0.75976,14.361,183.44,-27.107,-91.197,14.389
25.79,14.29,34.566,211.84,1.365,7.6153,0.77136,14.289,184.91,-27.097,-91.184,14.317
25.8,14.218,34.559,211.02,1.4088,7.8112,0.78338,14.218,186.32,-27.082,-91.17,14.245
25.81,14.148,34.553,210.15,1.4564,8.01,0.79585,14.148,187.69,-27.061,-91.155,14.175
25.82,14.079,34.547,209.25,1.5082,8.2118,0.80881,14.078,189.01,-27.035,-91.139,14.106
25.83,14.01,34.541,208.3,1.5643,8.4167,0.82226,14.01,190.29,-27.002,-91.123,14.038
25.84,13.943,34.536,207.31,1.6249,8.6247,0.83622,13.943,191.53,-26.964,-91.106,13.971
25.85,13.877,34.531,206.27,1.6902,8.8356,0.85067,13.877,192.74,-26.92,-91.091,13.905
25.86,13.813,34.526,205.18,1.7602,9.0494,0.8656,13.813,193.92,-26.872,-91.077,13.84
25.87,13.749,34.522,204.05,1.8348,9.2659,0.88101,13.749,195.07,-26.82,-91.065,13.776
25.88,13.685,34.518,202.88,1.9141,9.485,0.89687,13.686,196.2,-26.763,-91.056,13.713
25.89,13.623,34.514,201.66,1.9981,9.7067,0.9132,13.624,197.32,-26.702,-91.051,13.651
25.9,13.562,34.51,200.39,2.0869,9.9309,0.92997,13.562,198.42,-26.637,-91.049,13.59
25.91,13.502,34.507,199.08,2.1803,10.157,0.94718,13.502,199.51,-26.569,-91.051,13.53
25.92,13.442,34.504,197.72,2.2786,10.385,0.9648,13.442,200.6,-26.497,-91.056,13.47
25.93,13.383,34.502,196.32,2.3815,10.615,0.98279,13.383,201.68,-26.423,-91.065,13.411
25.94,13.325,34.499,194.88,2.4889,10.845,1.0011,13.325,202.77,-26.347,-91.078,13.353
25.95,13.267,34.497,193.41,2.6008,11.076,1.0197,13.267,203.88,-26.271,-91.093,13.295
25.96,13.21,34.495,191.91,2.717,11.306,1.0386,13.21,205.01,-26.194,-91.112,13.238
25.97,13.153,34.493,190.38,2.8377,11.536,1.0577,13.153,206.17,-26.119,-91.131,13.181
25.98,13.096,34.491,188.82,2.9629,11.765,1.077,13.096,207.36,-26.044,-91.152,13.124
25.99,13.039,34.49,187.25,3.0926,11.993,1.0964,13.04,208.59,-25.972,-91.172,13.068
26,12.983,34.488,185.66,3.2265,12.219,1.1159,12.983,209.85,-25.903,-91.192,13.011
26.01,12.926,34.486,184.07,3.3641,12.442,1.1354,12.927,211.15,-25.839,-91.211,12.955
26.02,12.869,34.485,182.49,3.505,12.66,1.1547,12.87,212.48,-25.783,-91.229,12.898
26.03,12.812,34.483,180.92,3.6489,12.874,1.1739,12.812,213.86,-25.734,-91.247,12.841
26.04,12.754,34.481,179.38,3.7959,13.082,1.1929,12.754,215.26,-25.694,-91.262,12.783
26.05,12.695,34.479,177.86,3.9459,13.286,1.2116,12.696,216.69,-25.662,-91.277,12.725
26.06,12.636,34.477,176.36,4.099,13.485,1.2302,12.637,218.14,-25.638,-91.29,12.666
26.07,12.577,34.475,174.89,4.2555,13.68,1.2487,12.577,219.61,-25.622,-91.302,12.606
26.08,12.517,34.473,173.43,4.4156,13.87,1.267,12.517,221.09,-25.612,-91.312,12.547
26.09,12.457,34.471,171.99,4.5798,14.056,1.2852,12.457,222.58,-25.608,-91.321,12.486
26.1,12.396,34.469,170.55,4.7486,14.238,1.3034,12.397,224.07,-25.608,-91.329,12.426
26.11,12.336,34.466,169.12,4.9224,14.417,1.3217,12.336,225.57,-25.611,-91.336,12.366
26.12,12.276,34.464,167.67,5.1019,14.593,1.34,12.276,227.06,-25.615,-91.341,12.306
26.13,12.216,34.462,166.2,5.2879,14.766,1.3585,12.216,228.55,-25.619,-91.345,12.246
26.14,12.156,34.46,164.7,5.4809,14.938,1.3773,12.157,230.02,-25.621,-91.347,12.186
26.15,12.097,34.459,163.16,5.6813,15.108,1.3963,12.098,231.48,-25.62,-91.347,12.128
26.16,12.039,34.457,161.58,5.8895,15.278,1.4156,12.04,232.93,-25.614,-91.347,12.07
26.17,11.982,34.456,159.94,6.1059,15.448,1.4353,11.983,234.36,-25.603,-91.346,12.012
26.18,11.926,34.455,158.25,6.3302,15.618,1.4553,11.926,235.77,-25.586,-91.345,11.956
26.19,11.87,34.455,156.52,6.5622,15.79,1.4757,11.871,237.17,-25.563,-91.345,11.901
26.2,11.816,34.454,154.73,6.8015,15.962,1.4964,11.816,238.56,-25.534,-91.344,11.847
26.21,11.763,34.454,152.89,7.0485,16.136,1.5174,11.763,239.94,-25.5,-91.345,11.793
26.22,11.71,34.454,151,7.3036,16.312,1.5389,11.711,241.31,-25.459,-91.346,11.741
26.23,11.66,34.455,149.03,7.5673,16.491,1.5607,11.66,242.67,-25.411,-91.348,11.69
26.24,11.61,34.456,147,7.8396,16.674,1.583,11.61,244.04,-25.357,-91.351,11.641
26.25,11.562,34.457,144.89,8.1206,16.861,1.6057,11.562,245.4,-25.296,-91.353,11.593
26.26,11.515,34.459,142.71,8.4098,17.053,1.6289,11.515,246.78,-25.228,-91.354,11.546
26.27,11.469,34.46,140.47,8.7066,17.249,1.6525,11.469,248.16,-25.155,-91.354,11.5
26.28,11.424,34.463,138.17,9.0102,17.451,1.6764,11.424,249.56,-25.077,-91.352,11.455
26.29,11.38,34.465,135.83,9.3192,17.657,1.7005,11.38,250.98,-24.995,-91.347,11.411
26.3,11.336,34.468,133.47,9.6321,17.869,1.7248,11.336,252.41,-24.911,-91.34,11.368
26.31,11.293,34.47,131.1,9.9471,18.084,1.749,11.293,253.87,-24.826,-91.33,11.325
26.32,11.251,34.473,128.73,10.262,18.305,1.773,11.25,255.35,-24.742,-91.319,11.282
26.33,11.208,34.476,126.39,10.576,18.529,1.7968,11.208,256.86,-24.659,-91.306,11.24
26.34,11.165,34.479,124.09,10.887,18.757,1.8202,11.165,258.4,-24.579,-91.291,11.197
26.35,11.122,34.482,121.83,11.194,18.99,1.8432,11.122,259.97,-24.502,-91.275,11.154
26.36,11.078,34.485,119.64,11.494,19.226,1.8655,11.078,261.57,-24.431,-91.257,11.111
26.37,11.034,34.487,117.53,11.787,19.464,1.8872,11.034,263.21,-24.365,-91.237,11.067
26.38,10.989,34.49,115.53,12.07,19.705,1.908,10.989,264.88,-24.307,-91.217,11.022
26.39,10.943,34.492,113.64,12.342,19.947,1.9279,10.943,266.59,-24.259,-91.195,10.976
26.4,10.896,34.494,111.89,12.602,20.191,1.9468,10.895,268.33,-24.22,-91.173,10.929
26.41,10.848,34.496,110.27,12.849,20.435,1.9647,10.847,270.12,-24.191,-91.148,10.881
26.42,10.798,34.498,108.78,13.082,20.681,1.9816,10.797,271.94,-24.173,-91.122,10.831
26.43,10.747,34.499,107.42,13.305,20.929,1.9976,10.746,273.79,-24.162,-91.094,10.78
26.44,10.695,34.5,106.17,13.515,21.179,2.0128,10.694,275.67,-24.16,-91.064,10.728
26.45,10.641,34.501,105.04,13.714,21.432,2.0271,10.64,277.58,-24.166,-91.032,10.674
26.46,10.586,34.501,104.01,13.903,21.687,2.0406,10.585,279.53,-24.179,-90.998,10.62
26.47,10.531,34.502,103.07,14.082,21.945,2.0535,10.53,281.5,-24.197,-90.962,10.564
26.48,10.474,34.502,102.19,14.255,22.207,2.0658,10.473,283.5,-24.218,-90.926,10.508
26.49,10.417,34.502,101.36,14.423,22.473,2.0778,10.416,285.54,-24.241,-90.89,10.451
26.5,10.359,34.502,100.56,14.589,22.743,2.0896,10.358,287.61,-24.265,-90.853,10.393
26.51,10.301,34.502,99.767,14.754,23.019,2.1012,10.3,289.73,-24.288,-90.817,10.335
26.52,10.243,34.502,98.978,14.92,23.299,2.1129,10.242,291.88,-24.31,-90.781,10.277
26.53,10.184,34.501,98.195,15.088,23.585,2.1245,10.183,294.09,-24.33,-90.745,10.218
26.54,10.125,34.501,97.425,15.255,23.874,2.1361,10.124,296.35,-24.351,-90.71,10.159
26.55,10.065,34.501,96.673,15.423,24.166,2.1476,10.064,298.68,-24.371,-90.674,10.1
26.56,10.005,34.5,95.944,15.592,24.462,2.159,10.004,301.08,-24.391,-90.639,10.04
26.57,9.944,34.5,95.244,15.759,24.759,2.1702,9.9429,303.55,-24.412,-90.603,9.9792
26.58,9.8825,34.499,94.587,15.926,25.057,2.1812,9.8813,306.09,-24.434,-90.568,9.9178
26.59,9.82,34.499,93.993,16.089,25.354,2.1919,9.8188,308.7,-24.459,-90.534,9.8554
26.6,9.7564,34.498,93.483,16.246,25.65,2.2022,9.7552,311.4,-24.488,-90.502,9.7921
26.61,9.6917,34.497,93.071,16.397,25.941,2.2119,9.6905,314.17,-24.523,-90.472,9.7275
26.62,9.6257,34.496,92.769,16.54,26.228,2.221,9.6246,317.03,-24.563,-90.446,9.6618
26.63,9.5586,34.494,92.581,16.675,26.509,2.2294,9.5575,319.97,-24.609,-90.425,9.5948
26.64,9.4905,34.492,92.505,16.802,26.784,2.2373,9.4894,322.99,-24.66,-90.409,9.5269
26.65,9.4213,34.491,92.542,16.921,27.052,2.2445,9.4202,326.1,-24.715,-90.399,9.4579
26.66,9.3511,34.489,92.693,17.033,27.312,2.2511,9.3501,329.28,-24.773,-90.396,9.3879
26.67,9.2801,34.487,92.957,17.137,27.564,2.257,9.279,332.54,-24.834,-90.4,9.317
26.68,9.2081,34.485,93.339,17.233,27.807,2.2623,9.2071,335.89,-24.897,-90.411,9.2453
26.69,9.1353,34.482,93.847,17.321,28.041,2.2669,9.1343,339.33,-24.963,-90.429,9.1726
26.7,9.0613,34.48,94.496,17.4,28.264,2.2707,9.0604,342.85,-25.032,-90.454,9.0989
26.71,8.9863,34.478,95.295,17.467,28.476,2.2736,8.9854,346.46,-25.104,-90.484,9.0241
26.72,8.9101,34.475,96.252,17.524,28.676,2.2756,8.9093,350.16,-25.18,-90.521,8.9481
26.73,8.8328,34.472,97.369,17.569,28.864,2.2767,8.832,353.96,-25.258,-90.562,8.871
26.74,8.7544,34.469,98.646,17.603,29.039,2.2769,8.7536,357.84,-25.339,-90.609,8.7928
26.75,8.6748,34.466,100.08,17.627,29.201,2.2763,8.6741,361.82,-25.422,-90.658,8.7135
26.76,8.5943,34.463,101.66,17.641,29.35,2.2748,8.5936,365.9,-25.507,-90.709,8.6332
26.77,8.5127,34.46,103.4,17.646,29.487,2.2725,8.5121,370.08,-25.593,-90.761,8.5518
26.78,8.4301,34.456,105.28,17.642,29.611,2.2694,8.4296,374.37,-25.681,-90.812,8.4695
26.79,8.3465,34.453,107.31,17.629,29.722,2.2655,8.346,378.77,-25.77,-90.863,8.3861
26.8,8.2618,34.449,109.51,17.605,29.819,2.2607,8.2614,383.29,-25.862,-90.914,8.3016
26.81,8.176,34.446,111.88,17.571,29.901,2.2551,8.1756,387.94,-25.957,-90.964,8.216
26.82,8.089,34.442,114.42,17.524,29.967,2.2485,8.0886,392.73,-26.056,-91.013,8.1293
26.83,8.0009,34.438,117.13,17.468,30.019,2.2411,8.0006,397.68,-26.159,-91.063,8.0414
26.84,7.9118,34.434,120,17.401,30.057,2.2329,7.9116,402.81,-26.265,-91.113,7.9526
26.85,7.8218,34.43,123.02,17.326,30.082,2.224,7.8216,408.12,-26.373,-91.163,7.8628
26.86,7.7309,34.425,126.17,17.244,30.093,2.2145,7.7308,413.64,-26.485,-91.214,7.7723
26.87,7.6393,34.421,129.45,17.155,30.093,2.2043,7.6393,419.38,-26.598,-91.266,7.6809
26.88,7.5469,34.417,132.86,17.059,30.08,2.1936,7.5469,425.34,-26.715,-91.318,7.5888
26.89,7.4536,34.412,136.4,16.957,30.056,2.1823,7.4537,431.53,-26.835,-91.371,7.4959
26.9,7.3597,34.408,140.05,16.851,30.021,2.1705,7.3599,437.95,-26.958,-91.423,7.4023
26.91,7.2653,34.404,143.78,16.742,29.978,2.1584,7.2655,444.57,-27.083,-91.475,7.3082
26.92,7.1703,34.399,147.59,16.631,29.927,2.146,7.1706,451.39,-27.209,-91.525,7.2136
26.93,7.0749,34.394,151.45,16.52,29.87,2.1333,7.0753,458.38,-27.336,-91.574,7.1186
26.94,6.9793,34.39,155.35,16.41,29.808,2.1206,6.9798,465.53,-27.463,-91.619,7.0234
26.95,6.8835,34.385,159.27,16.301,29.744,2.1078,6.884,472.79,-27.591,-91.661,6.928
26.96,6.7874,34.381,163.22,16.194,29.677,2.0949,6.788,480.15,-27.719,-91.7,6.8323
26.97,6.6912,34.376,167.17,16.087,29.608,2.0821,6.6919,487.57,-27.847,-91.736,6.7365
26.98,6.5949,34.372,171.13,15.979,29.538,2.0691,6.5956,495.03,-27.975,-91.771,6.6406
26.99,6.4984,34.367,175.11,15.871,29.467,2.0562,6.4992,502.5,-28.104,-91.804,6.5446
27,6.4019,34.362,179.08,15.762,29.396,2.0432,6.4028,509.98,-28.233,-91.838,6.4485
